FORM by J.Vermaseren,version 3.1(06/19/03) Run at: Mon Jul  5 23:15:42 2004
    ***** a FORM program for writing down the conditions
    *****    of a Lagrangian f(u_x,u_y,u_t) to produce
    *****     an integrable (in the sense described in the paper) equation.
    
    *****   Notations: f - the Lagrangian
    *****                  hereafter we denote as
    *****                  f(a+b) = \partial^2 f/\partial a \partial b
    *****                  f(2*a) = \partial^2 f/\partial a^2
    *****                  f(2*a+c) = \partial^3 f/\partial a^2 \partial c
    *****                     etc..
    *****         DispEq - l.h.s of the dispersion equation (??)
    *****              a - u_x
    *****              b - u_y
    *****              c - u_t
    *****          mu(i) - \mu^i
    *****          la(i) - \la^i
    *****     B(i,j)=Bij - B_{ij}
    *****            Dij - the denominator of B_{ij}
    *****            Nij - the numerator of B_{ij}
    *****            Uij - the "inverted" (modulo DispEq) Dij:
    *****                     1/Dij=Uij=(...)/((\la^i-\la^j)^{-2}*Hess) (mod DispEq)
    *****         [Hess] - Hessian of the Lagrangian f (the determinant)
    *****       [1/Hess] - (Hessian)^{-1} of the Lagrangian f
    *****          [1/x] - (\la^i-\la^j)^{-1} = [1/lji](i+j)
    *****          [1/y] - (\la^j-\la^k)^{-1} = [1/lji](k+j)
    *****          [1/z] - (\la^k-\la^i)^{-1} = [1/lji](i+k)
    
    *off statistics;
    CFunctions f,D,diff,mu,la,B,U;
    Symbols a,b,c,i,j,k,[1/Hess],[Hess];
    Symbols x,[1/x],y,[1/y],z,[1/z],[1/f(2*b)];
    CFunctions [lji],[1/lji];
    Local DispEq=f(a+a)+2*f(a+b)*mu(i)+2*f(a+c)*la(i)+ 
      f(b+b)*mu(i)^2+f(c+c)*la(i)^2+2*f(c+b)*mu(i)*la(i);
    
    **** Here we form the numerator Uij of the "inverted" (modulo DispEq) Dij ****
    **** the denominator of Uij iz dUij=1/((\la^i-\la^j)^2*Hess)=
    ****    =[1/lji](i+j)^2*[1/Hess] to avoid (formally) denominators
    ****        - FORM is NOT strong in working with denominators...
    L dUij=([1/lji](j+i)^2)*[1/Hess];
    L xU =   (-f(a + b) - f(b + c)*la(i))*
         (f(a + b) + f(b + c)*la(j)) *dUij+
       (f(a + b) + f(b + c)*la(i))*(-f(a + b) -
          f(b + c)*la(j))*dUij +
       (f(2*a)*f(2*b) + f(2*b)*f(a + c)*la(i) +
         f(2*b)*f(a + c)*la(j) + f(2*b)*f(2*c)*la(i)*
          la(j))*dUij;
    L yU = -(f(2*b)*(f(a + b) + f(b + c)*la(j)))*dUij;
    L zU = -(f(2*b)*(f(a + b) + f(b + c)*la(i)))*dUij;
    L tU = -f(2*b)^2*dUij;
    L Uij=(xU+mu(i)*yU+mu(j)*zU+mu(i)*mu(j)*tU)/2;
    
    L Hess= - (-(f(2*a)*f(2*b)*f(2*c)) + f(a + b)^2*f(2*c)
     + f(2*b)*f(a + c)^2 - 2*f(a + b)*f(a + c)*f(b + c) + f(2*a)*f(b + c)^2);
    
    **** The numerator and the denominator of B_{ij},
    ****   in fact they were found differentiating the DispEq,
    ****  in the next FORM module we test this.
    L   Dij =
           - 2*f(a + b)*mu(i) - 2*f(a + b)*mu(j) - 2*f(a + c)*la(i)
          - 2*f(a + c)*la(j)  - 2*f(2*a) - 2*f(b + c)*mu(i)*la(j)
       - 2*f(b + c)*mu(j)*la(i) - 2*f(2*b)*mu(i)*mu(j) - 2*f(2*c)*la(i)*la(j);
    L   Nij =
          2*f(a + b)*f(a + 2*b)*mu(i)*[1/f(2*b)] + 2*f(a + b)*f(2*b + c)*mu(i)*la(
          j)*[1/f(2*b)] - 2*f(a + b + c)*mu(i)*la(i) - 2*f(a + b + c)*mu(i)*la(j)
           - 2*f(a + b + c)*mu(j)*la(i) + 2*f(a + 2*b)*f(a + c)*la(i)*[1/f(2*b)]
           + 2*f(a + 2*b)*f(b + c)*mu(i)*la(i)*[1/f(2*b)] - 2*f(a + 2*b)*mu(i)*mu(
          j) + 2*f(a + c)*f(2*b + c)*la(i)*la(j)*[1/f(2*b)] - f(a + 2*c)*la(i)^2
           - 2*f(a + 2*c)*la(i)*la(j) + f(2*a)*f(a + 2*b)*[1/f(2*b)] + f(2*a)*f(2*
          b + c)*la(j)*[1/f(2*b)] + f(2*a)*f(3*b)*mu(j)*[1/f(2*b)] - 2*f(2*a + b)*
          mu(i) - f(2*a + b)*mu(j) - 2*f(2*a + c)*la(i) - f(2*a + c)*la(j) - f(3*a
          ) + 2*f(b + c)*f(2*b + c)*mu(i)*la(i)*la(j)*[1/f(2*b)] - 2*f(b + 2*c)*
          mu(i)*la(i)*la(j) - f(b + 2*c)*mu(j)*la(i)^2 - 2*f(2*b + c)*mu(i)*mu(j)*
          la(i) + 2*f(3*b)*f(a + b)*mu(i)*mu(j)*[1/f(2*b)] + 2*f(3*b)*f(a + c)*mu(
          j)*la(i)*[1/f(2*b)] + 2*f(3*b)*f(b + c)*mu(i)*mu(j)*la(i)*[1/f(2*b)] + 
          f(3*b)*f(2*c)*mu(j)*la(i)^2*[1/f(2*b)] + f(2*c)*f(a + 2*b)*la(i)^2*
          [1/f(2*b)] + f(2*c)*f(2*b + c)*la(i)^2*la(j)*[1/f(2*b)] - f(3*c)*la(i)^2
          *la(j);
    .sort

Time =       0.00 sec    Generated terms =          6
           DispEq        Terms in output =          6
                         Bytes used      =        290

Time =       0.00 sec    Generated terms =          1
             dUij        Terms in output =          1
                         Bytes used      =        102

Time =       0.00 sec    Generated terms =         12
               xU        Terms in output =          8
                         Bytes used      =       1212

Time =       0.00 sec    Generated terms =          2
               yU        Terms in output =          2
                         Bytes used      =        308

Time =       0.00 sec    Generated terms =          2
               zU        Terms in output =          2
                         Bytes used      =        308

Time =       0.00 sec    Generated terms =          1
               tU        Terms in output =          1
                         Bytes used      =        154

Time =       0.00 sec    Generated terms =         17
              Uij        Terms in output =         13
                         Bytes used      =       1832

Time =       0.00 sec    Generated terms =          5
             Hess        Terms in output =          5
                         Bytes used      =        522

Time =       0.00 sec    Generated terms =          9
              Dij        Terms in output =          9
                         Bytes used      =        336

Time =       0.00 sec    Generated terms =         30
              Nij        Terms in output =         30
                         Bytes used      =       1754
    
    **** From now on we set B_{ij}=Uij*Nij , instead of B_{ij}=Nij/Dij
    skip;
    L Bij=Nij*Uij;
    *** this forces FORM calculate modulo DispEq
    repeat; 
    id mu(i?)^2=-(f(a+a)+2*f(a+b)*mu(i)+2*f(a+c)*la(i)+f(c+c)*la(i)^2
       +2*f(c+b)*mu(i)*la(i))*[1/f(2*b)];
    ***  and cancel in terms where it is in both the numerator and denominator
    id f(2*b)*[1/f(2*b)]=1;
    endrepeat;
    .sort

Time =       0.03 sec    Generated terms =        718
              Bij        Terms in output =        311
                         Bytes used      =      43824
    
    ****  in the next three modules we test that Uij,Nij,Dij are correct
    skip;
    L pr=Uij*Dij;
    L dkDispEq=diff(j)*DispEq;
    **** we use the standard trick to define differentiation
    **** which works fine for sums/products/powers using the id statements
    **** see e.g. FORM tutorials
    print;
    .sort

Time =       0.03 sec    Generated terms =        117
               pr        Terms in output =         52
                         Bytes used      =       7688

Time =       0.03 sec    Generated terms =          6
         dkDispEq        Terms in output =          6
                         Bytes used      =        350

   pr =
      2*f(a + b)^3*mu(i)*[1/lji](i + j)^2*[1/Hess] + 2*f(a + b)^3*mu(j)*
      [1/lji](i + j)^2*[1/Hess] + 2*f(a + b)^2*f(a + c)*la(i)*[1/lji](i + j)^2
      *[1/Hess] + 2*f(a + b)^2*f(a + c)*la(j)*[1/lji](i + j)^2*[1/Hess] + 2*f(
      a + b)^2*f(b + c)*mu(i)*la(i)*[1/lji](i + j)^2*[1/Hess] + 4*f(a + b)^2*
      f(b + c)*mu(i)*la(j)*[1/lji](i + j)^2*[1/Hess] + 4*f(a + b)^2*f(b + c)*
      mu(j)*la(i)*[1/lji](i + j)^2*[1/Hess] + 2*f(a + b)^2*f(b + c)*mu(j)*la(j
      )*[1/lji](i + j)^2*[1/Hess] + 2*f(a + b)*f(a + c)*f(b + c)*la(i)^2*
      [1/lji](i + j)^2*[1/Hess] + 4*f(a + b)*f(a + c)*f(b + c)*la(i)*la(j)*
      [1/lji](i + j)^2*[1/Hess] + 2*f(a + b)*f(a + c)*f(b + c)*la(j)^2*
      [1/lji](i + j)^2*[1/Hess] + 4*f(a + b)*f(b + c)^2*mu(i)*la(i)*la(j)*
      [1/lji](i + j)^2*[1/Hess] + 2*f(a + b)*f(b + c)^2*mu(i)*la(j)^2*[1/lji](
      i + j)^2*[1/Hess] + 2*f(a + b)*f(b + c)^2*mu(j)*la(i)^2*[1/lji](i + j)^2
      *[1/Hess] + 4*f(a + b)*f(b + c)^2*mu(j)*la(i)*la(j)*[1/lji](i + j)^2*
      [1/Hess] + 2*f(a + c)*f(b + c)^2*la(i)^2*la(j)*[1/lji](i + j)^2*[1/Hess]
       + 2*f(a + c)*f(b + c)^2*la(i)*la(j)^2*[1/lji](i + j)^2*[1/Hess] + 2*f(2
      *a)*f(a + b)^2*[1/lji](i + j)^2*[1/Hess] + 2*f(2*a)*f(a + b)*f(b + c)*
      la(i)*[1/lji](i + j)^2*[1/Hess] + 2*f(2*a)*f(a + b)*f(b + c)*la(j)*
      [1/lji](i + j)^2*[1/Hess] - f(2*a)^2*f(2*b)*[1/lji](i + j)^2*[1/Hess] + 
      2*f(2*a)*f(b + c)^2*la(i)*la(j)*[1/lji](i + j)^2*[1/Hess] - 2*f(2*a)*f(2
      *b)*f(a + c)*la(i)*[1/lji](i + j)^2*[1/Hess] - 2*f(2*a)*f(2*b)*f(a + c)*
      la(j)*[1/lji](i + j)^2*[1/Hess] - 2*f(2*a)*f(2*b)*f(2*c)*la(i)*la(j)*
      [1/lji](i + j)^2*[1/Hess] + 2*f(b + c)^3*mu(i)*la(i)*la(j)^2*[1/lji](i
       + j)^2*[1/Hess] + 2*f(b + c)^3*mu(j)*la(i)^2*la(j)*[1/lji](i + j)^2*
      [1/Hess] + f(2*b)*f(a + b)^2*mu(i)^2*[1/lji](i + j)^2*[1/Hess] + 4*f(2*b
      )*f(a + b)^2*mu(i)*mu(j)*[1/lji](i + j)^2*[1/Hess] + f(2*b)*f(a + b)^2*
      mu(j)^2*[1/lji](i + j)^2*[1/Hess] + 2*f(2*b)*f(a + b)*f(b + c)*mu(i)^2*
      la(j)*[1/lji](i + j)^2*[1/Hess] + 4*f(2*b)*f(a + b)*f(b + c)*mu(i)*mu(j)
      *la(i)*[1/lji](i + j)^2*[1/Hess] + 4*f(2*b)*f(a + b)*f(b + c)*mu(i)*mu(j
      )*la(j)*[1/lji](i + j)^2*[1/Hess] + 2*f(2*b)*f(a + b)*f(b + c)*mu(j)^2*
      la(i)*[1/lji](i + j)^2*[1/Hess] - f(2*b)*f(a + c)^2*la(i)^2*[1/lji](i + 
      j)^2*[1/Hess] - 2*f(2*b)*f(a + c)^2*la(i)*la(j)*[1/lji](i + j)^2*
      [1/Hess] - f(2*b)*f(a + c)^2*la(j)^2*[1/lji](i + j)^2*[1/Hess] + f(2*b)*
      f(b + c)^2*mu(i)^2*la(j)^2*[1/lji](i + j)^2*[1/Hess] + 4*f(2*b)*f(b + c)
      ^2*mu(i)*mu(j)*la(i)*la(j)*[1/lji](i + j)^2*[1/Hess] + f(2*b)*f(b + c)^2
      *mu(j)^2*la(i)^2*[1/lji](i + j)^2*[1/Hess] + 2*f(2*b)^2*f(a + b)*mu(i)^2
      *mu(j)*[1/lji](i + j)^2*[1/Hess] + 2*f(2*b)^2*f(a + b)*mu(i)*mu(j)^2*
      [1/lji](i + j)^2*[1/Hess] + 2*f(2*b)^2*f(b + c)*mu(i)^2*mu(j)*la(j)*
      [1/lji](i + j)^2*[1/Hess] + 2*f(2*b)^2*f(b + c)*mu(i)*mu(j)^2*la(i)*
      [1/lji](i + j)^2*[1/Hess] + f(2*b)^3*mu(i)^2*mu(j)^2*[1/lji](i + j)^2*
      [1/Hess] - 2*f(2*b)*f(2*c)*f(a + c)*la(i)^2*la(j)*[1/lji](i + j)^2*
      [1/Hess] - 2*f(2*b)*f(2*c)*f(a + c)*la(i)*la(j)^2*[1/lji](i + j)^2*
      [1/Hess] - f(2*b)*f(2*c)^2*la(i)^2*la(j)^2*[1/lji](i + j)^2*[1/Hess] + 2
      *f(2*c)*f(a + b)^2*la(i)*la(j)*[1/lji](i + j)^2*[1/Hess] + 2*f(2*c)*f(a
       + b)*f(b + c)*la(i)^2*la(j)*[1/lji](i + j)^2*[1/Hess] + 2*f(2*c)*f(a + 
      b)*f(b + c)*la(i)*la(j)^2*[1/lji](i + j)^2*[1/Hess] + 2*f(2*c)*f(b + c)^
      2*la(i)^2*la(j)^2*[1/lji](i + j)^2*[1/Hess];

   dkDispEq =
      2*f(a + b)*diff(j)*mu(i) + 2*f(a + c)*diff(j)*la(i) + f(2*a)*diff(j) + 2
      *f(b + c)*diff(j)*mu(i)*la(i) + f(2*b)*diff(j)*mu(i)^2 + f(2*c)*diff(j)*
      la(i)^2;

    skip;
    nskip pr, dkDispEq;
    repeat; 
    id diff(j?)*mu(i?)=D(j,a)*B(i,j)*(mu(i)-mu(j))+ D(mu(i))*diff(j);
    id diff(j?)*la(i?)=D(j,a)*B(i,j)*(la(i)-la(j))+ D(la(i))*diff(j);
    id diff(i?)*f(j?)=f(j+a)*D(i,a) +f(j+b)*D(i,a)*mu(i) +f(j+c)*D(i,a)*la(i)
       +  D(f(j))*diff(i);
    id diff(i?)*[1/f(2*b)] = - [1/f(2*b)]^2*(f(2*b+a)*D(i,a) 
       +f(2*b+b)*D(i,a)*mu(i) +f(2*b+c)*D(i,a)*la(i)) +  D([1/f(2*b)])*diff(i);
    endrepeat;
    id B(i?,j?)=Bij;
    id diff(?a)=0;
    id D(a?)=a;
    id D(a?,a)=1;
    .sort

Time =       0.04 sec    Generated terms =         52
               pr        Terms in output =         52
                         Bytes used      =       7688

Time =       0.34 sec    Generated terms =       4994
         dkDispEq        Terms in output =       1935
                         Bytes used      =     261014
    skip;
    nskip pr, dkDispEq;
    repeat; 
    *** The following id just wraps the Hessian back to [Hess] (if it is present...)
    id f(a + b)^2*f(2*c) = -( - f(2*a)*f(2*b)*f(2*c) + f(2*b)*f(a + c)^2
         - 2*f(a + b)*f(a + c)*f(b + c) + f(2*a)*f(b + c)^2) - [Hess];
    id mu(i?)^2=-(f(a+a)+2*f(a+b)*mu(i)+2*f(a+c)*la(i)+f(c+c)*la(i)^2
       +2*f(c+b)*mu(i)*la(i))*[1/f(2*b)];
    id f(2*b)*[1/f(2*b)]=1;
    *** this will force cancellation of \lambda's in numerator/denominator
    id la(i)^2*[1/lji](i+j)^2 = 1 - [1/lji](i+j)^2*(-2*la(i)*la(j) + la(j)^2);
    id [Hess]*[1/Hess]=1;
    endrepeat;
    Bracket [1/Hess],[1/lji];
    print pr, dkDispEq;
    .sort

Time =       0.35 sec    Generated terms =        184
               pr        Terms in output =          1
                         Bytes used      =         16

Time =       0.93 sec    Generated terms =       9080
         dkDispEq    981 Terms left      =       1224
                         Bytes used      =      70036

Time =       1.50 sec    Generated terms =      18222
         dkDispEq   1245 Terms left      =       2861
                         Bytes used      =     168690

Time =       2.05 sec    Generated terms =      27000
         dkDispEq   1581 Terms left      =       4295
                         Bytes used      =     255498

Time =       2.39 sec    Generated terms =      32415
         dkDispEq   1935 Terms left      =       5606
                         Bytes used      =     333394

Time =       2.42 sec    Generated terms =      32415
         dkDispEq        Terms in output =          0
                         Bytes used      =          2

   pr =
       + 1;

   dkDispEq = 0;

    
    *** for convenience we introduce the following short names for
    *** all other B_{??} we need
    L Bik=B(i,k);
    L Bkj=B(k,j);
    L Bji=B(j,i);
    L Bki=B(k,i);
    L Bjk=B(j,k);
    repeat;
    **** Since in Bij,Nij,... (r.h.s. of the folowing id statements) i and j are
    ****  EXPLICITELY present inside mu(.), la(.) etc. - it is possible
    ****  to use the r.h.s. as a universal definition for arbitrary indices.
    ****  Please note that i,j,k are NOT declared as FORM indices - they
    ****  are LOGICAL indices for us.
    id B(i?,j?)=Bij;
    endrepeat;
    .sort

Time =       2.42 sec    Generated terms =          6
           DispEq        Terms in output =          6
                         Bytes used      =        290

Time =       2.42 sec    Generated terms =          1
             dUij        Terms in output =          1
                         Bytes used      =        102

Time =       2.42 sec    Generated terms =          8
               xU        Terms in output =          8
                         Bytes used      =       1212

Time =       2.42 sec    Generated terms =          2
               yU        Terms in output =          2
                         Bytes used      =        308

Time =       2.42 sec    Generated terms =          2
               zU        Terms in output =          2
                         Bytes used      =        308

Time =       2.42 sec    Generated terms =          1
               tU        Terms in output =          1
                         Bytes used      =        154

Time =       2.42 sec    Generated terms =         13
              Uij        Terms in output =         13
                         Bytes used      =       1832

Time =       2.42 sec    Generated terms =          5
             Hess        Terms in output =          5
                         Bytes used      =        522

Time =       2.42 sec    Generated terms =          9
              Dij        Terms in output =          9
                         Bytes used      =        336

Time =       2.42 sec    Generated terms =         30
              Nij        Terms in output =         30
                         Bytes used      =       1754

Time =       2.43 sec    Generated terms =        311
              Bij        Terms in output =        311
                         Bytes used      =      43824

Time =       2.43 sec    Generated terms =          1
               pr        Terms in output =          1
                         Bytes used      =         10

Time =       2.43 sec    Generated terms =          0
         dkDispEq        Terms in output =          0
                         Bytes used      =          2

Time =       2.43 sec    Generated terms =        311
              Bik        Terms in output =        311
                         Bytes used      =      43824

Time =       2.44 sec    Generated terms =        311
              Bkj        Terms in output =        311
                         Bytes used      =      44444

Time =       2.45 sec    Generated terms =        311
              Bji        Terms in output =        311
                         Bytes used      =      44444

Time =       2.46 sec    Generated terms =        311
              Bki        Terms in output =        311
                         Bytes used      =      44444

Time =       2.47 sec    Generated terms =        311
              Bjk        Terms in output =        311
                         Bytes used      =      43824
    
    ************  below we form the terms of the sum
    ** - d_k N_{ij} + N_{ij}( 1/D_{ij} d_k D_{ij} + B_{kj} + B_{ik} ) - D_{ij}B_{kj}
    B_{ik}
    *** one by one in the course of many FORM modules...
    *** we will denote this complete sum later as "all"
    
    
    **** first comes the last term :-) 
    **** we split forming of this term D_{ij}B_{kj}B_{ik}
    **** into two steps for efficiency reasons
    skip;
    L bb1=Dij*Bkj;
    .sort

Time =       2.53 sec    Generated terms =       2799
              bb1        Terms in output =       2354
                         Bytes used      =     318794
    skip;
    drop bb1;
    L nbb=bb1*Bik;
    .sort

Time =       2.73 sec    Generated terms =       4768
              nbb      1 Terms left      =       4553
                         Bytes used      =    1006294

Time =       2.94 sec    Generated terms =       9468
              nbb      1 Terms left      =       8952
                         Bytes used      =    1983340

Time =       3.16 sec    Generated terms =      14247
              nbb      1 Terms left      =      13470
                         Bytes used      =    2986958

Time =       3.38 sec    Generated terms =      18929
              nbb      1 Terms left      =      17759
                         Bytes used      =    3948436

Time =       3.60 sec    Generated terms =      23613
              nbb      1 Terms left      =      21930
                         Bytes used      =    4873752

Time =       3.78 sec    Generated terms =      28325
              nbb      1 Terms left      =      26115
                         Bytes used      =    5790770

Time =       3.99 sec    Generated terms =      32949
              nbb      1 Terms left      =      30118
                         Bytes used      =    6686996

Time =       4.22 sec    Generated terms =      37672
              nbb      1 Terms left      =      34401
                         Bytes used      =    7635664

Time =       4.42 sec    Generated terms =      42400
              nbb      1 Terms left      =      38690
                         Bytes used      =    8605766

Time =       4.61 sec    Generated terms =      47000
              nbb      1 Terms left      =      42906
                         Bytes used      =    9587206

Time =       4.83 sec    Generated terms =      51593
              nbb      1 Terms left      =      47064
                         Bytes used      =   10529892

Time =       5.40 sec
              nbb        Terms active    =      37549
                         Bytes used      =    8199406

Time =       5.61 sec    Generated terms =      56221
              nbb      1 Terms left      =      41588
                         Bytes used      =    9133680

Time =       5.82 sec    Generated terms =      60885
              nbb      1 Terms left      =      45670
                         Bytes used      =   10070416

Time =       6.02 sec    Generated terms =      65475
              nbb      1 Terms left      =      49760
                         Bytes used      =   11019146

Time =       6.22 sec    Generated terms =      70089
              nbb      1 Terms left      =      53896
                         Bytes used      =   12012436

Time =       6.42 sec    Generated terms =      74697
              nbb      1 Terms left      =      58140
                         Bytes used      =   13056702

Time =       6.62 sec    Generated terms =      79227
              nbb      1 Terms left      =      62484
                         Bytes used      =   14117012

Time =       6.82 sec    Generated terms =      84017
              nbb      1 Terms left      =      67169
                         Bytes used      =   15214248

Time =       7.04 sec    Generated terms =      88982
              nbb      1 Terms left      =      71919
                         Bytes used      =   16237036

Time =       7.26 sec    Generated terms =      93941
              nbb      1 Terms left      =      76180
                         Bytes used      =   17129698

Time =       7.49 sec    Generated terms =      98877
              nbb      1 Terms left      =      80355
                         Bytes used      =   18046670

Time =       8.01 sec
              nbb        Terms active    =      74023
                         Bytes used      =   16338662

Time =       8.21 sec    Generated terms =     103818
              nbb      1 Terms left      =      78572
                         Bytes used      =   17324780

Time =       8.42 sec    Generated terms =     108662
              nbb      1 Terms left      =      83021
                         Bytes used      =   18310856

Time =       8.62 sec    Generated terms =     113483
              nbb      1 Terms left      =      87204
                         Bytes used      =   19223634

Time =       8.84 sec    Generated terms =     118431
              nbb      1 Terms left      =      91240
                         Bytes used      =   20080442

Time =       9.06 sec    Generated terms =     123287
              nbb      1 Terms left      =      95709
                         Bytes used      =   21064816

Time =       9.28 sec    Generated terms =     128144
              nbb      1 Terms left      =      99900
                         Bytes used      =   22003050

Time =       9.50 sec    Generated terms =     132968
              nbb      1 Terms left      =     104003
                         Bytes used      =   22915412

Time =       9.71 sec    Generated terms =     138146
              nbb      1 Terms left      =     108662
                         Bytes used      =   23948766

Time =       9.92 sec    Generated terms =     143401
              nbb      1 Terms left      =     112953
                         Bytes used      =   24874252

Time =      10.12 sec    Generated terms =     148602
              nbb      1 Terms left      =     117789
                         Bytes used      =   25946728

Time =      10.65 sec
              nbb        Terms active    =     107576
                         Bytes used      =   23544836

Time =      10.86 sec    Generated terms =     153889
              nbb      1 Terms left      =     112529
                         Bytes used      =   24641840

Time =      11.07 sec    Generated terms =     159028
              nbb      1 Terms left      =     117072
                         Bytes used      =   25654140

Time =      11.31 sec    Generated terms =     164127
              nbb      1 Terms left      =     121412
                         Bytes used      =   26587538

Time =      11.52 sec    Generated terms =     169209
              nbb      1 Terms left      =     126049
                         Bytes used      =   27611372

Time =      11.74 sec    Generated terms =     174506
              nbb      1 Terms left      =     130506
                         Bytes used      =   28592956

Time =      11.93 sec    Generated terms =     179719
              nbb      1 Terms left      =     134983
                         Bytes used      =   29597966

Time =      12.14 sec    Generated terms =     184690
              nbb      1 Terms left      =     139560
                         Bytes used      =   30641924

Time =      12.36 sec    Generated terms =     189495
              nbb      1 Terms left      =     144184
                         Bytes used      =   31670470

Time =      12.57 sec    Generated terms =     194602
              nbb      1 Terms left      =     148823
                         Bytes used      =   32694850

Time =      13.06 sec
              nbb        Terms active    =     140706
                         Bytes used      =   30703086

Time =      13.27 sec    Generated terms =     199606
              nbb      1 Terms left      =     145258
                         Bytes used      =   31701590

Time =      13.49 sec    Generated terms =     204552
              nbb      1 Terms left      =     149648
                         Bytes used      =   32653828

Time =      13.70 sec    Generated terms =     209688
              nbb      1 Terms left      =     154050
                         Bytes used      =   33608600

Time =      13.93 sec    Generated terms =     214664
              nbb      1 Terms left      =     158321
                         Bytes used      =   34543770

Time =      14.14 sec    Generated terms =     219693
              nbb      1 Terms left      =     162683
                         Bytes used      =   35518140

Time =      14.36 sec    Generated terms =     224617
              nbb      1 Terms left      =     167092
                         Bytes used      =   36480350

Time =      14.56 sec    Generated terms =     229490
              nbb      1 Terms left      =     171589
                         Bytes used      =   37506342

Time =      14.77 sec    Generated terms =     234607
              nbb      1 Terms left      =     176263
                         Bytes used      =   38561280

Time =      14.98 sec    Generated terms =     239533
              nbb      1 Terms left      =     180812
                         Bytes used      =   39600764

Time =      15.19 sec    Generated terms =     244457
              nbb      1 Terms left      =     185126
                         Bytes used      =   40585918

Time =      15.80 sec
              nbb        Terms active    =     175170
                         Bytes used      =   38166530

Time =      16.02 sec    Generated terms =     249523
              nbb      1 Terms left      =     179499
                         Bytes used      =   39129858

Time =      16.24 sec    Generated terms =     254706
              nbb      1 Terms left      =     183782
                         Bytes used      =   40090822

Time =      16.45 sec    Generated terms =     259794
              nbb      1 Terms left      =     187984
                         Bytes used      =   41077420

Time =      16.67 sec    Generated terms =     264593
              nbb      1 Terms left      =     192135
                         Bytes used      =   42008546

Time =      16.90 sec    Generated terms =     269315
              nbb      1 Terms left      =     196380
                         Bytes used      =   42925168

Time =      17.13 sec    Generated terms =     274105
              nbb      1 Terms left      =     200767
                         Bytes used      =   43868230

Time =      17.35 sec    Generated terms =     278823
              nbb      1 Terms left      =     204969
                         Bytes used      =   44792988

Time =      17.58 sec    Generated terms =     283762
              nbb      1 Terms left      =     209340
                         Bytes used      =   45741468

Time =      17.80 sec    Generated terms =     288518
              nbb      1 Terms left      =     213822
                         Bytes used      =   46741624

Time =      18.01 sec    Generated terms =     293271
              nbb      1 Terms left      =     218282
                         Bytes used      =   47766882

Time =      18.59 sec
              nbb        Terms active    =     210214
                         Bytes used      =   45829416

Time =      18.82 sec    Generated terms =     298036
              nbb      1 Terms left      =     214402
                         Bytes used      =   46747982

Time =      19.06 sec    Generated terms =     302951
              nbb      1 Terms left      =     218870
                         Bytes used      =   47735980

Time =      19.28 sec    Generated terms =     307916
              nbb      1 Terms left      =     223117
                         Bytes used      =   48681920

Time =      19.49 sec    Generated terms =     312780
              nbb      1 Terms left      =     227781
                         Bytes used      =   49753928

Time =      19.71 sec    Generated terms =     317771
              nbb      1 Terms left      =     232188
                         Bytes used      =   50768280

Time =      19.93 sec    Generated terms =     322805
              nbb      1 Terms left      =     236540
                         Bytes used      =   51726770

Time =      20.16 sec    Generated terms =     327824
              nbb      1 Terms left      =     240978
                         Bytes used      =   52719986

Time =      20.37 sec    Generated terms =     332843
              nbb      1 Terms left      =     245185
                         Bytes used      =   53642392

Time =      20.58 sec    Generated terms =     337833
              nbb      1 Terms left      =     249348
                         Bytes used      =   54581144

Time =      20.80 sec    Generated terms =     342714
              nbb      1 Terms left      =     253752
                         Bytes used      =   55599652

Time =      21.33 sec
              nbb        Terms active    =     242285
                         Bytes used      =   52876526

Time =      21.55 sec    Generated terms =     347729
              nbb      1 Terms left      =     246496
                         Bytes used      =   53864908

Time =      21.75 sec    Generated terms =     352645
              nbb      1 Terms left      =     250910
                         Bytes used      =   54889576

Time =      21.97 sec    Generated terms =     357631
              nbb      1 Terms left      =     255230
                         Bytes used      =   55857938

Time =      22.19 sec    Generated terms =     362769
              nbb      1 Terms left      =     259491
                         Bytes used      =   56763636

Time =      22.38 sec    Generated terms =     367882
              nbb      1 Terms left      =     263817
                         Bytes used      =   57733672

Time =      22.59 sec    Generated terms =     373113
              nbb      1 Terms left      =     267905
                         Bytes used      =   58674462

Time =      22.80 sec    Generated terms =     377909
              nbb      1 Terms left      =     272537
                         Bytes used      =   59785614

Time =      23.01 sec    Generated terms =     382782
              nbb      1 Terms left      =     277215
                         Bytes used      =   60813656

Time =      23.23 sec    Generated terms =     387527
              nbb      1 Terms left      =     281684
                         Bytes used      =   61822916

Time =      23.43 sec    Generated terms =     392274
              nbb      1 Terms left      =     285861
                         Bytes used      =   62752394

Time =      23.92 sec
              nbb        Terms active    =     278415
                         Bytes used      =   60893278

Time =      24.15 sec    Generated terms =     397167
              nbb      1 Terms left      =     282966
                         Bytes used      =   61873786

Time =      24.35 sec    Generated terms =     401994
              nbb      1 Terms left      =     287296
                         Bytes used      =   62835008

Time =      24.56 sec    Generated terms =     406724
              nbb      1 Terms left      =     291886
                         Bytes used      =   63880588

Time =      24.77 sec    Generated terms =     411507
              nbb      1 Terms left      =     296363
                         Bytes used      =   64881290

Time =      24.98 sec    Generated terms =     416232
              nbb      1 Terms left      =     300499
                         Bytes used      =   65790352

Time =      25.17 sec    Generated terms =     420952
              nbb      1 Terms left      =     304803
                         Bytes used      =   66784754

Time =      25.38 sec    Generated terms =     425641
              nbb      1 Terms left      =     309185
                         Bytes used      =   67774994

Time =      25.60 sec    Generated terms =     430497
              nbb      1 Terms left      =     313501
                         Bytes used      =   68730084

Time =      25.82 sec    Generated terms =     435298
              nbb      1 Terms left      =     317811
                         Bytes used      =   69700630

Time =      26.02 sec    Generated terms =     440027
              nbb      1 Terms left      =     321800
                         Bytes used      =   70613546

Time =      26.58 sec
              nbb        Terms active    =     314319
                         Bytes used      =   68752696

Time =      26.80 sec    Generated terms =     444849
              nbb      1 Terms left      =     318812
                         Bytes used      =   69732522

Time =      27.01 sec    Generated terms =     449524
              nbb      1 Terms left      =     323216
                         Bytes used      =   70718116

Time =      27.24 sec    Generated terms =     454158
              nbb      1 Terms left      =     327479
                         Bytes used      =   71721840

Time =      27.43 sec    Generated terms =     458832
              nbb      1 Terms left      =     332005
                         Bytes used      =   72805652

Time =      27.62 sec    Generated terms =     463465
              nbb      1 Terms left      =     336495
                         Bytes used      =   73895880

Time =      27.84 sec    Generated terms =     468367
              nbb      1 Terms left      =     341033
                         Bytes used      =   74918786

Time =      28.05 sec    Generated terms =     473209
              nbb      1 Terms left      =     345448
                         Bytes used      =   75913344

Time =      28.27 sec    Generated terms =     478105
              nbb      1 Terms left      =     349955
                         Bytes used      =   76927138

Time =      28.48 sec    Generated terms =     482921
              nbb      1 Terms left      =     354406
                         Bytes used      =   77958742

Time =      29.00 sec
              nbb        Terms active    =     348136
                         Bytes used      =   76342036

Time =      29.18 sec    Generated terms =     487815
              nbb      1 Terms left      =     352707
                         Bytes used      =   77451352

Time =      29.39 sec    Generated terms =     492789
              nbb      1 Terms left      =     357365
                         Bytes used      =   78580076

Time =      29.60 sec    Generated terms =     497490
              nbb      1 Terms left      =     361500
                         Bytes used      =   79589826

Time =      29.81 sec    Generated terms =     502109
              nbb      1 Terms left      =     365433
                         Bytes used      =   80554222

Time =      30.02 sec    Generated terms =     506809
              nbb      1 Terms left      =     369593
                         Bytes used      =   81549272

Time =      30.23 sec    Generated terms =     511537
              nbb      1 Terms left      =     374034
                         Bytes used      =   82638526

Time =      30.45 sec    Generated terms =     516397
              nbb      1 Terms left      =     378360
                         Bytes used      =   83640274

Time =      30.68 sec    Generated terms =     521373
              nbb      1 Terms left      =     382767
                         Bytes used      =   84605444

Time =      30.91 sec    Generated terms =     526187
              nbb      1 Terms left      =     387222
                         Bytes used      =   85664682

Time =      31.41 sec
              nbb        Terms active    =     379908
                         Bytes used      =   83702934

Time =      31.62 sec    Generated terms =     530990
              nbb      1 Terms left      =     383956
                         Bytes used      =   84637132

Time =      31.84 sec    Generated terms =     535859
              nbb      1 Terms left      =     388088
                         Bytes used      =   85576064

Time =      32.05 sec    Generated terms =     540742
              nbb      1 Terms left      =     392383
                         Bytes used      =   86571886

Time =      32.26 sec    Generated terms =     545574
              nbb      1 Terms left      =     396830
                         Bytes used      =   87610788

Time =      32.48 sec    Generated terms =     550286
              nbb      1 Terms left      =     401248
                         Bytes used      =   88679426

Time =      32.68 sec    Generated terms =     555159
              nbb      1 Terms left      =     405763
                         Bytes used      =   89792618

Time =      32.90 sec    Generated terms =     560087
              nbb      1 Terms left      =     409983
                         Bytes used      =   90884816

Time =      33.10 sec    Generated terms =     564937
              nbb      1 Terms left      =     413971
                         Bytes used      =   91857982

Time =      33.32 sec    Generated terms =     569727
              nbb      1 Terms left      =     417926
                         Bytes used      =   92842584

Time =      33.81 sec
              nbb        Terms active    =     410443
                         Bytes used      =   90837148

Time =      34.03 sec    Generated terms =     574226
              nbb      1 Terms left      =     414278
                         Bytes used      =   91724134

Time =      34.26 sec    Generated terms =     578681
              nbb      1 Terms left      =     418230
                         Bytes used      =   92597694

Time =      34.48 sec    Generated terms =     583184
              nbb      1 Terms left      =     422389
                         Bytes used      =   93545544

Time =      34.71 sec    Generated terms =     587821
              nbb      1 Terms left      =     426684
                         Bytes used      =   94503380

Time =      34.93 sec    Generated terms =     592265
              nbb      1 Terms left      =     430690
                         Bytes used      =   95419594

Time =      35.14 sec    Generated terms =     596808
              nbb      1 Terms left      =     434840
                         Bytes used      =   96395290

Time =      35.35 sec    Generated terms =     601423
              nbb      1 Terms left      =     439197
                         Bytes used      =   97417864

Time =      35.56 sec    Generated terms =     605875
              nbb      1 Terms left      =     443329
                         Bytes used      =   98456806

Time =      35.78 sec    Generated terms =     610425
              nbb      1 Terms left      =     447429
                         Bytes used      =   99394252

Time =      35.98 sec    Generated terms =     615028
              nbb      1 Terms left      =     451671
                         Bytes used      =  100369668

Time =      36.58 sec
              nbb        Terms active    =     441719
                         Bytes used      =   97875830

Time =      36.82 sec    Generated terms =     619621
              nbb      1 Terms left      =     445878
                         Bytes used      =   98840488

Time =      37.04 sec    Generated terms =     624223
              nbb      1 Terms left      =     450036
                         Bytes used      =   99808584

Time =      37.25 sec    Generated terms =     628899
              nbb      1 Terms left      =     454290
                         Bytes used      =  100816150

Time =      37.47 sec    Generated terms =     633524
              nbb      1 Terms left      =     458428
                         Bytes used      =  101811560

Time =      37.68 sec    Generated terms =     638133
              nbb      1 Terms left      =     462731
                         Bytes used      =  102900524

Time =      37.90 sec    Generated terms =     642812
              nbb      1 Terms left      =     466792
                         Bytes used      =  103891502

Time =      38.11 sec    Generated terms =     647548
              nbb      1 Terms left      =     470753
                         Bytes used      =  104898090

Time =      38.33 sec    Generated terms =     652312
              nbb      1 Terms left      =     475339
                         Bytes used      =  106020580

Time =      38.56 sec    Generated terms =     657156
              nbb      1 Terms left      =     479978
                         Bytes used      =  107069134

Time =      39.06 sec
              nbb        Terms active    =     469520
                         Bytes used      =  104354064

Time =      39.29 sec    Generated terms =     661907
              nbb      1 Terms left      =     473897
                         Bytes used      =  105357070

Time =      39.52 sec    Generated terms =     666702
              nbb      1 Terms left      =     478005
                         Bytes used      =  106266412

Time =      39.72 sec    Generated terms =     671432
              nbb      1 Terms left      =     482194
                         Bytes used      =  107213958

Time =      39.95 sec    Generated terms =     676199
              nbb      1 Terms left      =     486512
                         Bytes used      =  108209390

Time =      40.16 sec    Generated terms =     680983
              nbb      1 Terms left      =     491015
                         Bytes used      =  109241296

Time =      40.38 sec    Generated terms =     685614
              nbb      1 Terms left      =     495163
                         Bytes used      =  110229662

Time =      40.58 sec    Generated terms =     690323
              nbb      1 Terms left      =     499341
                         Bytes used      =  111201388

Time =      40.80 sec    Generated terms =     695037
              nbb      1 Terms left      =     503334
                         Bytes used      =  112127952

Time =      41.00 sec    Generated terms =     699751
              nbb      1 Terms left      =     507628
                         Bytes used      =  113162976

Time =      41.21 sec    Generated terms =     704380
              nbb      1 Terms left      =     511628
                         Bytes used      =  114154294

Time =      41.79 sec
              nbb        Terms active    =     501575
                         Bytes used      =  111647026

Time =      42.01 sec    Generated terms =     709001
              nbb      1 Terms left      =     505972
                         Bytes used      =  112769462

Time =      42.21 sec    Generated terms =     713809
              nbb      1 Terms left      =     510420
                         Bytes used      =  113838012

Time =      42.43 sec    Generated terms =     718627
              nbb      1 Terms left      =     514609
                         Bytes used      =  114850586

Time =      42.63 sec    Generated terms =     723389
              nbb      1 Terms left      =     518782
                         Bytes used      =  115925472

Time =      42.82 sec    Generated terms =     728178
              nbb      1 Terms left      =     522855
                         Bytes used      =  116957204

Time =      42.99 sec    Generated terms =     732094
              nbb      1 Terms left      =     526087
                         Bytes used      =  117776084

Time =      43.31 sec
              nbb        Terms active    =     520890
                         Bytes used      =  117128928

Time =      50.19 sec    Generated terms =     732094
              nbb        Terms in output =     274513
                         Bytes used      =   59925632
    
    **** here we check that nbb has the expected denominator,
    **** later in will partially cancel out
    Brackets [1/lji],[1/Hess],[Hess];
    print[] nbb;
    .sort

Time =      50.19 sec    Generated terms =          6
           DispEq        Terms in output =          6
                         Bytes used      =        296

Time =      50.19 sec    Generated terms =          1
             dUij        Terms in output =          1
                         Bytes used      =        108

Time =      50.20 sec    Generated terms =          8
               xU        Terms in output =          8
                         Bytes used      =        574

Time =      50.20 sec    Generated terms =          2
               yU        Terms in output =          2
                         Bytes used      =        222

Time =      50.20 sec    Generated terms =          2
               zU        Terms in output =          2
                         Bytes used      =        222

Time =      50.20 sec    Generated terms =          1
               tU        Terms in output =          1
                         Bytes used      =        160

Time =      50.20 sec    Generated terms =         13
              Uij        Terms in output =         13
                         Bytes used      =        734

Time =      50.20 sec    Generated terms =          5
             Hess        Terms in output =          5
                         Bytes used      =        528

Time =      50.20 sec    Generated terms =          9
              Dij        Terms in output =          9
                         Bytes used      =        342

Time =      50.20 sec    Generated terms =         30
              Nij        Terms in output =         30
                         Bytes used      =       1760

Time =      50.21 sec    Generated terms =        311
              Bij        Terms in output =        311
                         Bytes used      =      15490

Time =      50.21 sec    Generated terms =          1
               pr        Terms in output =          1
                         Bytes used      =         16

Time =      50.21 sec    Generated terms =          0
         dkDispEq        Terms in output =          0
                         Bytes used      =          2

Time =      50.22 sec    Generated terms =        311
              Bik        Terms in output =        311
                         Bytes used      =      15490

Time =      50.22 sec    Generated terms =        311
              Bkj        Terms in output =        311
                         Bytes used      =      16110

Time =      50.23 sec    Generated terms =        311
              Bji        Terms in output =        311
                         Bytes used      =      16110

Time =      50.23 sec    Generated terms =        311
              Bki        Terms in output =        311
                         Bytes used      =      16110

Time =      50.24 sec    Generated terms =        311
              Bjk        Terms in output =        311
                         Bytes used      =      15490

Time =      50.41 sec    Generated terms =       4536
              nbb   4537 Terms left      =       4536
                         Bytes used      =     175102

Time =      50.56 sec    Generated terms =       9151
              nbb   9152 Terms left      =       9151
                         Bytes used      =     366544

Time =      50.74 sec    Generated terms =      13876
              nbb  13877 Terms left      =      13876
                         Bytes used      =     543998

Time =      50.92 sec    Generated terms =      19057
              nbb  19058 Terms left      =      19057
                         Bytes used      =     708342

Time =      51.10 sec    Generated terms =      24283
              nbb  24284 Terms left      =      24283
                         Bytes used      =     880942

Time =      51.28 sec    Generated terms =      29557
              nbb  29558 Terms left      =      29557
                         Bytes used      =    1046786

Time =      51.44 sec    Generated terms =      34661
              nbb  34662 Terms left      =      34661
                         Bytes used      =    1213050

Time =      51.61 sec    Generated terms =      39686
              nbb  39687 Terms left      =      39686
                         Bytes used      =    1393046

Time =      51.77 sec    Generated terms =      44777
              nbb  44778 Terms left      =      44777
                         Bytes used      =    1584576

Time =      51.95 sec    Generated terms =      49717
              nbb  49718 Terms left      =      49717
                         Bytes used      =    1762426

Time =      52.12 sec    Generated terms =      54576
              nbb  54577 Terms left      =      54576
                         Bytes used      =    1943958

Time =      52.27 sec    Generated terms =      59603
              nbb  59604 Terms left      =      59603
                         Bytes used      =    2149204

Time =      52.45 sec    Generated terms =      64865
              nbb  64866 Terms left      =      64865
                         Bytes used      =    2314612

Time =      52.61 sec    Generated terms =      69929
              nbb  69930 Terms left      =      69929
                         Bytes used      =    2487060

Time =      52.78 sec    Generated terms =      74742
              nbb  74743 Terms left      =      74742
                         Bytes used      =    2642594

Time =      52.94 sec    Generated terms =      79579
              nbb  79580 Terms left      =      79579
                         Bytes used      =    2814378

Time =      53.08 sec    Generated terms =      84530
              nbb  84531 Terms left      =      84530
                         Bytes used      =    2992584

Time =      53.23 sec    Generated terms =      89411
              nbb  89412 Terms left      =      89411
                         Bytes used      =    3209398

Time =      53.40 sec    Generated terms =      94448
              nbb  94449 Terms left      =      94448
                         Bytes used      =    3418526

Time =      53.56 sec    Generated terms =      99162
              nbb  99163 Terms left      =      99162
                         Bytes used      =    3597844

Time =      53.72 sec    Generated terms =     103851
              nbb 103852 Terms left      =     103851
                         Bytes used      =    3797228

Time =      53.88 sec    Generated terms =     108660
              nbb 108661 Terms left      =     108660
                         Bytes used      =    4022542

Time =      54.07 sec    Generated terms =     113558
              nbb 113559 Terms left      =     113558
                         Bytes used      =    4220218

Time =      54.25 sec    Generated terms =     118481
              nbb 118482 Terms left      =     118481
                         Bytes used      =    4436224

Time =      54.41 sec    Generated terms =     123221
              nbb 123222 Terms left      =     123221
                         Bytes used      =    4634080

Time =      54.59 sec    Generated terms =     127745
              nbb 127746 Terms left      =     127745
                         Bytes used      =    4825488

Time =      54.75 sec    Generated terms =     132389
              nbb 132390 Terms left      =     132389
                         Bytes used      =    5032632

Time =      54.93 sec    Generated terms =     137075
              nbb 137076 Terms left      =     137075
                         Bytes used      =    5241392

Time =      55.09 sec    Generated terms =     141887
              nbb 141888 Terms left      =     141887
                         Bytes used      =    5468146

Time =      55.26 sec    Generated terms =     146671
              nbb 146672 Terms left      =     146671
                         Bytes used      =    5670138

Time =      55.44 sec    Generated terms =     151562
              nbb 151563 Terms left      =     151562
                         Bytes used      =    5890226

Time =      55.63 sec    Generated terms =     156578
              nbb 156579 Terms left      =     156578
                         Bytes used      =    6071984

Time =      55.80 sec    Generated terms =     161574
              nbb 161575 Terms left      =     161574
                         Bytes used      =    6280874

Time =      55.98 sec    Generated terms =     166449
              nbb 166450 Terms left      =     166449
                         Bytes used      =    6500572

Time =      56.16 sec    Generated terms =     171080
              nbb 171081 Terms left      =     171080
                         Bytes used      =    6662080

Time =      56.33 sec    Generated terms =     175624
              nbb 175625 Terms left      =     175624
                         Bytes used      =    6861854

Time =      56.48 sec    Generated terms =     180315
              nbb 180316 Terms left      =     180315
                         Bytes used      =    7037504

Time =      56.64 sec    Generated terms =     185018
              nbb 185019 Terms left      =     185018
                         Bytes used      =    7228666

Time =      56.82 sec    Generated terms =     189867
              nbb 189868 Terms left      =     189867
                         Bytes used      =    7482152

Time =      56.99 sec    Generated terms =     194454
              nbb 194455 Terms left      =     194454
                         Bytes used      =    7739294

Time =      57.17 sec    Generated terms =     199236
              nbb 199237 Terms left      =     199236
                         Bytes used      =    7940016

Time =      57.34 sec    Generated terms =     204055
              nbb 204056 Terms left      =     204055
                         Bytes used      =    8211044

Time =      57.49 sec    Generated terms =     208599
              nbb 208600 Terms left      =     208599
                         Bytes used      =    8419938

Time =      57.67 sec    Generated terms =     213037
              nbb 213038 Terms left      =     213037
                         Bytes used      =    8649598

Time =      57.81 sec    Generated terms =     217566
              nbb 217567 Terms left      =     217566
                         Bytes used      =    8877072

Time =      57.98 sec    Generated terms =     222195
              nbb 222196 Terms left      =     222195
                         Bytes used      =    9169078

Time =      58.15 sec    Generated terms =     226884
              nbb 226885 Terms left      =     226884
                         Bytes used      =    9358204

Time =      58.30 sec    Generated terms =     231510
              nbb 231511 Terms left      =     231510
                         Bytes used      =    9583694

Time =      58.48 sec    Generated terms =     236264
              nbb 236265 Terms left      =     236264
                         Bytes used      =    9839454

Time =      61.68 sec
              nbb        Terms active    =     236264
                         Bytes used      =    9816512

Time =      61.87 sec    Generated terms =     240918
              nbb 240919 Terms left      =     240918
                         Bytes used      =   10079204

Time =      62.03 sec    Generated terms =     245274
              nbb 245275 Terms left      =     245274
                         Bytes used      =   10289002

Time =      62.22 sec    Generated terms =     249636
              nbb 249637 Terms left      =     249636
                         Bytes used      =   10537318

Time =      62.38 sec    Generated terms =     254084
              nbb 254085 Terms left      =     254084
                         Bytes used      =   10751112

Time =      62.56 sec    Generated terms =     258589
              nbb 258590 Terms left      =     258589
                         Bytes used      =   11013470

Time =      62.72 sec    Generated terms =     263194
              nbb 263195 Terms left      =     263194
                         Bytes used      =   11264698

Time =      62.90 sec    Generated terms =     267719
              nbb 267720 Terms left      =     267719
                         Bytes used      =   11494358

Time =      63.05 sec    Generated terms =     272375
              nbb 272376 Terms left      =     272375
                         Bytes used      =   11754536

Time =      63.13 sec    Generated terms =     274513
              nbb 274513 Terms left      =     274513
                         Bytes used      =   11891490

Time =      63.58 sec
              nbb        Terms active    =     274513
                         Bytes used      =   12024100

Time =      65.63 sec    Generated terms =     274513
              nbb        Terms in output =     274513
                         Bytes used      =   11886670

   nbb =
       + [1/lji](i + k)^2*[1/lji](j + k)^2*[1/Hess]^2 * (  274513 terms );

    
    *** simplify module DispEq
    skip;
    nskip nbb;
    repeat;
    id mu(i?)^2=-(f(a+a)+2*f(a+b)*mu(i)+2*f(a+c)*la(i)+f(c+c)*la(i)^2
       +2*f(c+b)*mu(i)*la(i))*[1/f(2*b)];
    id f(2*b)*[1/f(2*b)]=1;
    endrepeat;
    .sort

Time =      66.77 sec    Generated terms =       4273
              nbb    836 Terms left      =       3062
                         Bytes used      =     665062

Time =      67.09 sec    Generated terms =       8532
              nbb   2046 Terms left      =       6411
                         Bytes used      =    1403044

Time =      67.43 sec    Generated terms =      12770
              nbb   3467 Terms left      =       9806
                         Bytes used      =    2167962

Time =      67.76 sec    Generated terms =      16995
              nbb   4978 Terms left      =      13130
                         Bytes used      =    2924086

Time =      68.07 sec    Generated terms =      21214
              nbb   6556 Terms left      =      16658
                         Bytes used      =    3775512

Time =      68.42 sec    Generated terms =      25754
              nbb   8015 Terms left      =      20173
                         Bytes used      =    4523232

Time =      68.73 sec    Generated terms =      30239
              nbb   9747 Terms left      =      23816
                         Bytes used      =    5311810

Time =      69.05 sec    Generated terms =      34675
              nbb  11556 Terms left      =      27442
                         Bytes used      =    6117696

Time =      69.36 sec    Generated terms =      39304
              nbb  13913 Terms left      =      31286
                         Bytes used      =    6963222

Time =      69.68 sec    Generated terms =      44159
              nbb  16740 Terms left      =      35201
                         Bytes used      =    7792900

Time =      70.06 sec    Generated terms =      49665
              nbb  19777 Terms left      =      38731
                         Bytes used      =    8530840

Time =      70.53 sec    Generated terms =      55052
              nbb  21862 Terms left      =      41943
                         Bytes used      =    9202544

Time =      70.87 sec    Generated terms =      60097
              nbb  24209 Terms left      =      44751
                         Bytes used      =    9788030

Time =      71.21 sec    Generated terms =      65571
              nbb  27648 Terms left      =      48006
                         Bytes used      =   10471934

Time =      71.74 sec
              nbb        Terms active    =      38175
                         Bytes used      =    8261860

Time =      72.18 sec    Generated terms =      70649
              nbb  29174 Terms left      =      41796
                         Bytes used      =    9020196

Time =      72.60 sec    Generated terms =      75645
              nbb  30973 Terms left      =      45595
                         Bytes used      =    9824308

Time =      73.05 sec    Generated terms =      80748
              nbb  32181 Terms left      =      49420
                         Bytes used      =   10643868

Time =      73.47 sec    Generated terms =      85943
              nbb  33484 Terms left      =      53407
                         Bytes used      =   11490242

Time =      73.99 sec    Generated terms =      91147
              nbb  33923 Terms left      =      57063
                         Bytes used      =   12280560

Time =      74.57 sec    Generated terms =      96338
              nbb  34390 Terms left      =      60097
                         Bytes used      =   12933174

Time =      75.08 sec    Generated terms =     101567
              nbb  35016 Terms left      =      63564
                         Bytes used      =   13670548

Time =      75.53 sec    Generated terms =     106808
              nbb  36605 Terms left      =      67556
                         Bytes used      =   14536040

Time =      75.97 sec    Generated terms =     111773
              nbb  37714 Terms left      =      70334
                         Bytes used      =   15116420

Time =      76.42 sec    Generated terms =     116683
              nbb  38646 Terms left      =      73474
                         Bytes used      =   15782722

Time =      76.90 sec    Generated terms =     121539
              nbb  39549 Terms left      =      76400
                         Bytes used      =   16413636

Time =      77.40 sec    Generated terms =     126373
              nbb  39965 Terms left      =      78374
                         Bytes used      =   16835294

Time =      77.87 sec    Generated terms =     131531
              nbb  41617 Terms left      =      81350
                         Bytes used      =   17467338

Time =      78.28 sec    Generated terms =     136765
              nbb  43758 Terms left      =      84794
                         Bytes used      =   18209316

Time =      78.81 sec
              nbb        Terms active    =      65999
                         Bytes used      =   14159670

Time =      79.15 sec    Generated terms =     141899
              nbb  46710 Terms left      =      70218
                         Bytes used      =   15067250

Time =      79.49 sec    Generated terms =     146602
              nbb  48395 Terms left      =      72912
                         Bytes used      =   15630792

Time =      79.85 sec    Generated terms =     151230
              nbb  50031 Terms left      =      75892
                         Bytes used      =   16275868

Time =      80.22 sec    Generated terms =     155803
              nbb  50980 Terms left      =      77692
                         Bytes used      =   16659148

Time =      80.60 sec    Generated terms =     160514
              nbb  52374 Terms left      =      79616
                         Bytes used      =   17075174

Time =      80.93 sec    Generated terms =     165426
              nbb  54727 Terms left      =      82646
                         Bytes used      =   17721518

Time =      81.24 sec    Generated terms =     170410
              nbb  58027 Terms left      =      86477
                         Bytes used      =   18549016

Time =      81.55 sec    Generated terms =     175540
              nbb  61414 Terms left      =      90267
                         Bytes used      =   19364910

Time =      81.98 sec    Generated terms =     180824
              nbb  62930 Terms left      =      93287
                         Bytes used      =   19997392

Time =      82.48 sec    Generated terms =     186293
              nbb  63547 Terms left      =      96335
                         Bytes used      =   20642402

Time =      82.94 sec    Generated terms =     191659
              nbb  65025 Terms left      =      99018
                         Bytes used      =   21209216

Time =      83.32 sec    Generated terms =     196852
              nbb  67689 Terms left      =     101907
                         Bytes used      =   21819216

Time =      83.73 sec    Generated terms =     201654
              nbb  69052 Terms left      =     105706
                         Bytes used      =   22640644

Time =      84.17 sec    Generated terms =     206434
              nbb  70128 Terms left      =     109222
                         Bytes used      =   23385636

Time =      84.61 sec
              nbb        Terms active    =      95571
                         Bytes used      =   20440484

Time =      85.04 sec    Generated terms =     211167
              nbb  71036 Terms left      =      99057
                         Bytes used      =   21185958

Time =      85.47 sec    Generated terms =     215863
              nbb  72039 Terms left      =     102329
                         Bytes used      =   21886564

Time =      85.87 sec    Generated terms =     220621
              nbb  73551 Terms left      =     105941
                         Bytes used      =   22665090

Time =      86.29 sec    Generated terms =     225261
              nbb  74546 Terms left      =     109292
                         Bytes used      =   23395528

Time =      86.69 sec    Generated terms =     229912
              nbb  75994 Terms left      =     112766
                         Bytes used      =   24161054

Time =      87.09 sec    Generated terms =     234514
              nbb  77102 Terms left      =     116276
                         Bytes used      =   24956210

Time =      87.58 sec    Generated terms =     239490
              nbb  77588 Terms left      =     120109
                         Bytes used      =   25778076

Time =      88.06 sec    Generated terms =     244406
              nbb  77891 Terms left      =     123575
                         Bytes used      =   26516790

Time =      88.50 sec    Generated terms =     249312
              nbb  78700 Terms left      =     127110
                         Bytes used      =   27273444

Time =      88.96 sec    Generated terms =     254246
              nbb  79363 Terms left      =     130668
                         Bytes used      =   28038658

Time =      89.47 sec    Generated terms =     259032
              nbb  79796 Terms left      =     134293
                         Bytes used      =   28831202

Time =      89.96 sec    Generated terms =     263836
              nbb  80110 Terms left      =     137519
                         Bytes used      =   29533704

Time =      90.34 sec    Generated terms =     268766
              nbb  81685 Terms left      =     141263
                         Bytes used      =   30338322

Time =      90.95 sec
              nbb        Terms active    =     122875
                         Bytes used      =   26327162

Time =      91.42 sec    Generated terms =     273600
              nbb  82307 Terms left      =     126328
                         Bytes used      =   27089182

Time =      91.90 sec    Generated terms =     278392
              nbb  82581 Terms left      =     130118
                         Bytes used      =   27942242

Time =      92.42 sec    Generated terms =     283451
              nbb  82853 Terms left      =     133981
                         Bytes used      =   28779364

Time =      92.95 sec    Generated terms =     288467
              nbb  83130 Terms left      =     138047
                         Bytes used      =   29663184

Time =      93.45 sec    Generated terms =     293472
              nbb  83616 Terms left      =     141857
                         Bytes used      =   30494610

Time =      93.96 sec    Generated terms =     298437
              nbb  83879 Terms left      =     145549
                         Bytes used      =   31313512

Time =      94.49 sec    Generated terms =     303525
              nbb  84018 Terms left      =     149710
                         Bytes used      =   32231570

Time =      95.06 sec    Generated terms =     308683
              nbb  84185 Terms left      =     152822
                         Bytes used      =   32925084

Time =      95.56 sec    Generated terms =     313848
              nbb  84420 Terms left      =     156501
                         Bytes used      =   33744188

Time =      96.03 sec    Generated terms =     318960
              nbb  85102 Terms left      =     160529
                         Bytes used      =   34659338

Time =      96.54 sec    Generated terms =     323795
              nbb  85492 Terms left      =     164052
                         Bytes used      =   35447906

Time =      97.08 sec    Generated terms =     328555
              nbb  85771 Terms left      =     167150
                         Bytes used      =   36112592

Time =      97.63 sec
              nbb        Terms active    =     153584
                         Bytes used      =   33023506

Time =      98.15 sec    Generated terms =     333421
              nbb  86160 Terms left      =     156786
                         Bytes used      =   33711214

Time =      98.68 sec    Generated terms =     338077
              nbb  86314 Terms left      =     159944
                         Bytes used      =   34407832

Time =      99.18 sec    Generated terms =     342946
              nbb  86719 Terms left      =     163373
                         Bytes used      =   35160604

Time =      99.71 sec    Generated terms =     347726
              nbb  86973 Terms left      =     166480
                         Bytes used      =   35852888

Time =     100.26 sec    Generated terms =     352414
              nbb  87213 Terms left      =     169897
                         Bytes used      =   36619920

Time =     100.77 sec    Generated terms =     357398
              nbb  87668 Terms left      =     173090
                         Bytes used      =   37318226

Time =     101.28 sec    Generated terms =     362438
              nbb  88199 Terms left      =     176336
                         Bytes used      =   38033854

Time =     101.80 sec    Generated terms =     367475
              nbb  88854 Terms left      =     179426
                         Bytes used      =   38740702

Time =     102.27 sec    Generated terms =     372510
              nbb  89428 Terms left      =     182273
                         Bytes used      =   39371184

Time =     102.74 sec    Generated terms =     377550
              nbb  90311 Terms left      =     185867
                         Bytes used      =   40154786

Time =     103.14 sec    Generated terms =     382568
              nbb  91745 Terms left      =     189743
                         Bytes used      =   41001248

Time =     103.55 sec    Generated terms =     387559
              nbb  93026 Terms left      =     193428
                         Bytes used      =   41822878

Time =     103.95 sec    Generated terms =     392624
              nbb  94490 Terms left      =     196792
                         Bytes used      =   42587002

Time =     104.50 sec
              nbb        Terms active    =     183522
                         Bytes used      =   39599656

Time =     104.93 sec    Generated terms =     397351
              nbb  95480 Terms left      =     186809
                         Bytes used      =   40331446

Time =     105.40 sec    Generated terms =     401878
              nbb  95827 Terms left      =     189552
                         Bytes used      =   40917194

Time =     105.85 sec    Generated terms =     406556
              nbb  96608 Terms left      =     192128
                         Bytes used      =   41465012

Time =     106.31 sec    Generated terms =     411033
              nbb  96898 Terms left      =     194840
                         Bytes used      =   42055304

Time =     106.76 sec    Generated terms =     415758
              nbb  97930 Terms left      =     197561
                         Bytes used      =   42640330

Time =     107.22 sec    Generated terms =     420308
              nbb  98413 Terms left      =     200361
                         Bytes used      =   43254036

Time =     107.71 sec    Generated terms =     424722
              nbb  98714 Terms left      =     202905
                         Bytes used      =   43824830

Time =     108.14 sec    Generated terms =     429416
              nbb  99891 Terms left      =     205958
                         Bytes used      =   44494974

Time =     108.58 sec    Generated terms =     433862
              nbb 100328 Terms left      =     208815
                         Bytes used      =   45148652

Time =     109.07 sec    Generated terms =     438174
              nbb 100497 Terms left      =     210766
                         Bytes used      =   45586154

Time =     109.58 sec    Generated terms =     442596
              nbb 100716 Terms left      =     212926
                         Bytes used      =   46065434

Time =     110.06 sec    Generated terms =     447085
              nbb 101020 Terms left      =     215099
                         Bytes used      =   46560444

Time =     110.53 sec    Generated terms =     451779
              nbb 101438 Terms left      =     217133
                         Bytes used      =   47022158

Time =     111.00 sec    Generated terms =     456541
              nbb 102383 Terms left      =     219929
                         Bytes used      =   47624276

Time =     111.47 sec    Generated terms =     461268
              nbb 103153 Terms left      =     222668
                         Bytes used      =   48218586

Time =     111.92 sec    Generated terms =     466102
              nbb 104202 Terms left      =     225301
                         Bytes used      =   48790476

Time =     112.46 sec
              nbb        Terms active    =     209870
                         Bytes used      =   45341526

Time =     112.91 sec    Generated terms =     470820
              nbb 105180 Terms left      =     212744
                         Bytes used      =   45980208

Time =     113.35 sec    Generated terms =     475535
              nbb 106096 Terms left      =     215484
                         Bytes used      =   46598456

Time =     113.82 sec    Generated terms =     480447
              nbb 107410 Terms left      =     218218
                         Bytes used      =   47211826

Time =     114.23 sec    Generated terms =     485455
              nbb 109489 Terms left      =     221230
                         Bytes used      =   47899900

Time =     114.67 sec    Generated terms =     490338
              nbb 110778 Terms left      =     224336
                         Bytes used      =   48576726

Time =     115.11 sec    Generated terms =     495213
              nbb 111918 Terms left      =     227735
                         Bytes used      =   49308056

Time =     115.52 sec    Generated terms =     500051
              nbb 113637 Terms left      =     231451
                         Bytes used      =   50122678

Time =     115.91 sec    Generated terms =     504891
              nbb 115647 Terms left      =     235194
                         Bytes used      =   50949966

Time =     116.29 sec    Generated terms =     509825
              nbb 117916 Terms left      =     239099
                         Bytes used      =   51826548

Time =     116.63 sec    Generated terms =     514783
              nbb 120576 Terms left      =     242759
                         Bytes used      =   52657752

Time =     116.99 sec    Generated terms =     519215
              nbb 121723 Terms left      =     245508
                         Bytes used      =   53251776

Time =     117.35 sec    Generated terms =     523609
              nbb 122928 Terms left      =     248445
                         Bytes used      =   53880040

Time =     117.72 sec    Generated terms =     527909
              nbb 123656 Terms left      =     251005
                         Bytes used      =   54440738

Time =     118.05 sec    Generated terms =     532293
              nbb 125141 Terms left      =     253947
                         Bytes used      =   55093452

Time =     118.53 sec
              nbb        Terms active    =     245565
                         Bytes used      =   53188974

Time =     118.88 sec    Generated terms =     536599
              nbb 126338 Terms left      =     248429
                         Bytes used      =   53845106

Time =     119.24 sec    Generated terms =     540839
              nbb 126927 Terms left      =     250113
                         Bytes used      =   54206382

Time =     119.62 sec    Generated terms =     545085
              nbb 127593 Terms left      =     252153
                         Bytes used      =   54661760

Time =     120.01 sec    Generated terms =     549424
              nbb 128313 Terms left      =     254185
                         Bytes used      =   55115364

Time =     120.38 sec    Generated terms =     553835
              nbb 129167 Terms left      =     256106
                         Bytes used      =   55541640

Time =     120.75 sec    Generated terms =     558358
              nbb 130299 Terms left      =     258114
                         Bytes used      =   55997856

Time =     121.11 sec    Generated terms =     562950
              nbb 131871 Terms left      =     260655
                         Bytes used      =   56556226

Time =     121.46 sec    Generated terms =     567502
              nbb 133351 Terms left      =     263392
                         Bytes used      =   57149900

Time =     121.82 sec    Generated terms =     572024
              nbb 134994 Terms left      =     266250
                         Bytes used      =   57784478

Time =     122.16 sec    Generated terms =     576570
              nbb 136936 Terms left      =     269351
                         Bytes used      =   58488040

Time =     122.47 sec    Generated terms =     581316
              nbb 139501 Terms left      =     272240
                         Bytes used      =   59145002

Time =     122.76 sec    Generated terms =     586036
              nbb 142095 Terms left      =     275883
                         Bytes used      =   59940648

Time =     123.08 sec    Generated terms =     590669
              nbb 144522 Terms left      =     279488
                         Bytes used      =   60732986

Time =     123.37 sec    Generated terms =     595388
              nbb 147645 Terms left      =     283490
                         Bytes used      =   61639368

Time =     123.68 sec    Generated terms =     600331
              nbb 150696 Terms left      =     287197
                         Bytes used      =   62476022

Time =     124.18 sec
              nbb        Terms active    =     277409
                         Bytes used      =   60242860

Time =     124.56 sec    Generated terms =     605238
              nbb 152251 Terms left      =     280887
                         Bytes used      =   60980360

Time =     124.97 sec    Generated terms =     610209
              nbb 153351 Terms left      =     284361
                         Bytes used      =   61737848

Time =     125.41 sec    Generated terms =     615210
              nbb 154149 Terms left      =     287526
                         Bytes used      =   62412336

Time =     125.85 sec    Generated terms =     620247
              nbb 154911 Terms left      =     291160
                         Bytes used      =   63207994

Time =     126.35 sec    Generated terms =     625369
              nbb 155338 Terms left      =     294763
                         Bytes used      =   63980774

Time =     126.86 sec    Generated terms =     630490
              nbb 155616 Terms left      =     298393
                         Bytes used      =   64776122

Time =     127.40 sec    Generated terms =     635760
              nbb 155762 Terms left      =     302120
                         Bytes used      =   65595030

Time =     127.94 sec    Generated terms =     640887
              nbb 155943 Terms left      =     305154
                         Bytes used      =   66262112

Time =     128.42 sec    Generated terms =     646015
              nbb 156609 Terms left      =     308408
                         Bytes used      =   66983910

Time =     128.91 sec    Generated terms =     651064
              nbb 157169 Terms left      =     310462
                         Bytes used      =   67436056

Time =     129.36 sec    Generated terms =     656194
              nbb 158419 Terms left      =     313799
                         Bytes used      =   68160842

Time =     129.76 sec    Generated terms =     661054
              nbb 159712 Terms left      =     316574
                         Bytes used      =   68772818

Time =     130.18 sec    Generated terms =     666030
              nbb 161283 Terms left      =     319050
                         Bytes used      =   69313612

Time =     130.51 sec    Generated terms =     670954
              nbb 163871 Terms left      =     322782
                         Bytes used      =   70141222

Time =     131.02 sec
              nbb        Terms active    =     292619
                         Bytes used      =   63530842

Time =     131.35 sec    Generated terms =     675617
              nbb 166189 Terms left      =     296719
                         Bytes used      =   64452950

Time =     131.81 sec    Generated terms =     680054
              nbb 166505 Terms left      =     300232
                         Bytes used      =   65216892

Time =     132.26 sec    Generated terms =     684519
              nbb 167210 Terms left      =     303805
                         Bytes used      =   65998820

Time =     132.70 sec    Generated terms =     688885
              nbb 167614 Terms left      =     307245
                         Bytes used      =   66756284

Time =     133.16 sec    Generated terms =     693323
              nbb 167993 Terms left      =     310318
                         Bytes used      =   67424506

Time =     133.54 sec    Generated terms =     697821
              nbb 169136 Terms left      =     313890
                         Bytes used      =   68208788

Time =     133.96 sec    Generated terms =     702242
              nbb 169824 Terms left      =     317313
                         Bytes used      =   68973256

Time =     134.39 sec    Generated terms =     706586
              nbb 170386 Terms left      =     320538
                         Bytes used      =   69695448

Time =     134.82 sec    Generated terms =     710987
              nbb 170820 Terms left      =     323499
                         Bytes used      =   70353134

Time =     135.20 sec    Generated terms =     715412
              nbb 172129 Terms left      =     327048
                         Bytes used      =   71152692

Time =     135.60 sec    Generated terms =     719823
              nbb 173076 Terms left      =     330503
                         Bytes used      =   71942148

Time =     136.02 sec    Generated terms =     724161
              nbb 173830 Terms left      =     333860
                         Bytes used      =   72720958

Time =     136.56 sec
              nbb        Terms active    =     324804
                         Bytes used      =   70641508

Time =     137.01 sec    Generated terms =     728451
              nbb 174272 Terms left      =     327826
                         Bytes used      =   71347518

Time =     137.34 sec    Generated terms =     732886
              nbb 175883 Terms left      =     331443
                         Bytes used      =   72204424

Time =     137.81 sec    Generated terms =     737476
              nbb 176185 Terms left      =     335203
                         Bytes used      =   73062826

Time =     138.33 sec    Generated terms =     742092
              nbb 176374 Terms left      =     338911
                         Bytes used      =   73872836

Time =     138.81 sec    Generated terms =     746651
              nbb 176588 Terms left      =     342466
                         Bytes used      =   74648878

Time =     139.25 sec    Generated terms =     751417
              nbb 177143 Terms left      =     345935
                         Bytes used      =   75397394

Time =     139.73 sec    Generated terms =     756055
              nbb 177455 Terms left      =     349520
                         Bytes used      =   76186942

Time =     140.22 sec    Generated terms =     760574
              nbb 177657 Terms left      =     353091
                         Bytes used      =   76988642

Time =     140.70 sec    Generated terms =     765283
              nbb 177995 Terms left      =     356214
                         Bytes used      =   77666708

Time =     141.20 sec    Generated terms =     769755
              nbb 178300 Terms left      =     359754
                         Bytes used      =   78460178

Time =     141.62 sec    Generated terms =     774488
              nbb 179255 Terms left      =     363125
                         Bytes used      =   79195394

Time =     142.06 sec    Generated terms =     779185
              nbb 179794 Terms left      =     366507
                         Bytes used      =   79933546

Time =     142.59 sec
              nbb        Terms active    =     358922
                         Bytes used      =   78169688

Time =     143.05 sec    Generated terms =     783758
              nbb 180146 Terms left      =     362425
                         Bytes used      =   78967630

Time =     143.52 sec    Generated terms =     788235
              nbb 180354 Terms left      =     365986
                         Bytes used      =   79780708

Time =     143.99 sec    Generated terms =     792850
              nbb 180827 Terms left      =     369421
                         Bytes used      =   80551596

Time =     144.49 sec    Generated terms =     797344
              nbb 180973 Terms left      =     372668
                         Bytes used      =   81295614

Time =     144.89 sec    Generated terms =     801997
              nbb 182448 Terms left      =     376365
                         Bytes used      =   82125984

Time =     145.29 sec    Generated terms =     806618
              nbb 183085 Terms left      =     379706
                         Bytes used      =   82883124

Time =     145.76 sec    Generated terms =     811114
              nbb 183400 Terms left      =     383253
                         Bytes used      =   83730652

Time =     146.26 sec    Generated terms =     815696
              nbb 183568 Terms left      =     387025
                         Bytes used      =   84612088

Time =     146.80 sec    Generated terms =     820553
              nbb 183702 Terms left      =     390879
                         Bytes used      =   85452358

Time =     147.36 sec    Generated terms =     825319
              nbb 183772 Terms left      =     394826
                         Bytes used      =   86323032

Time =     147.83 sec    Generated terms =     830189
              nbb 184149 Terms left      =     398291
                         Bytes used      =   87076488

Time =     148.31 sec    Generated terms =     834940
              nbb 184357 Terms left      =     401749
                         Bytes used      =   87845960

Time =     148.90 sec
              nbb        Terms active    =     393523
                         Bytes used      =   85878326

Time =     149.40 sec    Generated terms =     839718
              nbb 184484 Terms left      =     397253
                         Bytes used      =   86706874

Time =     149.91 sec    Generated terms =     844417
              nbb 184597 Terms left      =     401079
                         Bytes used      =   87567928

Time =     150.44 sec    Generated terms =     849156
              nbb 184873 Terms left      =     404964
                         Bytes used      =   88442614

Time =     150.88 sec    Generated terms =     853937
              nbb 185391 Terms left      =     408625
                         Bytes used      =   89262910

Time =     151.38 sec    Generated terms =     858712
              nbb 185656 Terms left      =     412097
                         Bytes used      =   90036758

Time =     151.87 sec    Generated terms =     863378
              nbb 185811 Terms left      =     415706
                         Bytes used      =   90883404

Time =     152.40 sec    Generated terms =     868018
              nbb 185894 Terms left      =     419519
                         Bytes used      =   91774242

Time =     152.95 sec    Generated terms =     872972
              nbb 185968 Terms left      =     423584
                         Bytes used      =   92667194

Time =     153.45 sec    Generated terms =     877883
              nbb 186153 Terms left      =     427387
                         Bytes used      =   93513300

Time =     154.00 sec    Generated terms =     882796
              nbb 186209 Terms left      =     430829
                         Bytes used      =   94295628

Time =     154.52 sec    Generated terms =     887810
              nbb 186343 Terms left      =     434971
                         Bytes used      =   95254888

Time =     155.02 sec
              nbb        Terms active    =     422132
                         Bytes used      =   92294838

Time =     155.55 sec    Generated terms =     892770
              nbb 186497 Terms left      =     425922
                         Bytes used      =   93190246

Time =     156.12 sec    Generated terms =     897508
              nbb 186586 Terms left      =     429203
                         Bytes used      =   93946378

Time =     156.67 sec    Generated terms =     902211
              nbb 186664 Terms left      =     432259
                         Bytes used      =   94643246

Time =     157.21 sec    Generated terms =     907157
              nbb 186828 Terms left      =     434831
                         Bytes used      =   95239316

Time =     157.73 sec    Generated terms =     911935
              nbb 186920 Terms left      =     437771
                         Bytes used      =   95928748

Time =     158.23 sec    Generated terms =     916878
              nbb 187214 Terms left      =     441380
                         Bytes used      =   96733430

Time =     158.75 sec    Generated terms =     921731
              nbb 187444 Terms left      =     445126
                         Bytes used      =   97585992

Time =     159.26 sec    Generated terms =     926582
              nbb 187795 Terms left      =     449177
                         Bytes used      =   98509764

Time =     159.72 sec    Generated terms =     931412
              nbb 188173 Terms left      =     452798
                         Bytes used      =   99356622

Time =     160.20 sec    Generated terms =     936233
              nbb 188457 Terms left      =     456673
                         Bytes used      =  100283694

Time =     160.66 sec    Generated terms =     941164
              nbb 189046 Terms left      =     460273
                         Bytes used      =  101163228

Time =     161.15 sec    Generated terms =     946058
              nbb 189359 Terms left      =     463659
                         Bytes used      =  101945106

Time =     161.62 sec
              nbb        Terms active    =     452503
                         Bytes used      =   99250530

Time =     162.09 sec    Generated terms =     950839
              nbb 189780 Terms left      =     455789
                         Bytes used      =  100042786

Time =     162.60 sec    Generated terms =     955303
              nbb 189967 Terms left      =     459181
                         Bytes used      =  100802926

Time =     163.12 sec    Generated terms =     959676
              nbb 190127 Terms left      =     462749
                         Bytes used      =  101592808

Time =     163.64 sec    Generated terms =     964190
              nbb 190284 Terms left      =     465574
                         Bytes used      =  102212486

Time =     164.15 sec    Generated terms =     968482
              nbb 190362 Terms left      =     468825
                         Bytes used      =  102949240

Time =     164.65 sec    Generated terms =     973113
              nbb 190700 Terms left      =     471764
                         Bytes used      =  103608326

Time =     165.14 sec    Generated terms =     977584
              nbb 190836 Terms left      =     474581
                         Bytes used      =  104240154

Time =     165.65 sec    Generated terms =     981890
              nbb 190916 Terms left      =     477857
                         Bytes used      =  105004210

Time =     166.11 sec    Generated terms =     986518
              nbb 191313 Terms left      =     481015
                         Bytes used      =  105731352

Time =     166.63 sec    Generated terms =     990925
              nbb 191443 Terms left      =     483961
                         Bytes used      =  106428310

Time =     167.14 sec    Generated terms =     995300
              nbb 191565 Terms left      =     487505
                         Bytes used      =  107262860

Time =     167.66 sec    Generated terms =     999932
              nbb 191841 Terms left      =     490581
                         Bytes used      =  107949092

Time =     168.17 sec    Generated terms =    1004497
              nbb 192110 Terms left      =     493617
                         Bytes used      =  108642646

Time =     168.76 sec
              nbb        Terms active    =     480061
                         Bytes used      =  105469358

Time =     169.28 sec    Generated terms =    1009189
              nbb 192355 Terms left      =     482906
                         Bytes used      =  106114104

Time =     169.81 sec    Generated terms =    1013706
              nbb 192487 Terms left      =     485752
                         Bytes used      =  106787690

Time =     170.28 sec    Generated terms =    1018454
              nbb 192986 Terms left      =     488703
                         Bytes used      =  107482144

Time =     170.80 sec    Generated terms =    1023009
              nbb 193196 Terms left      =     491878
                         Bytes used      =  108259458

Time =     171.31 sec    Generated terms =    1027832
              nbb 193669 Terms left      =     494931
                         Bytes used      =  108981260

Time =     171.79 sec    Generated terms =    1032685
              nbb 194206 Terms left      =     497638
                         Bytes used      =  109650908

Time =     172.26 sec    Generated terms =    1037352
              nbb 194574 Terms left      =     499754
                         Bytes used      =  110149690

Time =     172.73 sec    Generated terms =    1042122
              nbb 194990 Terms left      =     503306
                         Bytes used      =  110930814

Time =     173.22 sec    Generated terms =    1046892
              nbb 195406 Terms left      =     506838
                         Bytes used      =  111721288

Time =     173.70 sec    Generated terms =    1051679
              nbb 195766 Terms left      =     510002
                         Bytes used      =  112419764

Time =     174.13 sec    Generated terms =    1056435
              nbb 196644 Terms left      =     513508
                         Bytes used      =  113202564

Time =     174.59 sec    Generated terms =    1061189
              nbb 197220 Terms left      =     516901
                         Bytes used      =  113967236

Time =     175.05 sec    Generated terms =    1065827
              nbb 197744 Terms left      =     520463
                         Bytes used      =  114791772

Time =     175.53 sec
              nbb        Terms active    =     510655
                         Bytes used      =  112413926

Time =     176.00 sec    Generated terms =    1070529
              nbb 198254 Terms left      =     513792
                         Bytes used      =  113133540

Time =     176.41 sec    Generated terms =    1075260
              nbb 199519 Terms left      =     517314
                         Bytes used      =  113938076

Time =     176.85 sec    Generated terms =    1079934
              nbb 200047 Terms left      =     520840
                         Bytes used      =  114784664

Time =     177.29 sec    Generated terms =    1084832
              nbb 200955 Terms left      =     524442
                         Bytes used      =  115616168

Time =     177.69 sec    Generated terms =    1089669
              nbb 202338 Terms left      =     528062
                         Bytes used      =  116487246

Time =     178.09 sec    Generated terms =    1094523
              nbb 203662 Terms left      =     531238
                         Bytes used      =  117248972

Time =     178.54 sec    Generated terms =    1099319
              nbb 204243 Terms left      =     534009
                         Bytes used      =  117883412

Time =     178.94 sec    Generated terms =    1104048
              nbb 205349 Terms left      =     537147
                         Bytes used      =  118620794

Time =     179.40 sec    Generated terms =    1108432
              nbb 205844 Terms left      =     540466
                         Bytes used      =  119387662

Time =     179.89 sec    Generated terms =    1112613
              nbb 206027 Terms left      =     543560
                         Bytes used      =  120060754

Time =     180.31 sec    Generated terms =    1116977
              nbb 206462 Terms left      =     546052
                         Bytes used      =  120602148

Time =     180.78 sec    Generated terms =    1121144
              nbb 206672 Terms left      =     548958
                         Bytes used      =  121246752

Time =     181.22 sec    Generated terms =    1125504
              nbb 207289 Terms left      =     551805
                         Bytes used      =  121875796

Time =     181.72 sec
              nbb        Terms active    =     543998
                         Bytes used      =  119995840

Time =     182.16 sec    Generated terms =    1129835
              nbb 207661 Terms left      =     546847
                         Bytes used      =  120623572

Time =     182.61 sec    Generated terms =    1133976
              nbb 207869 Terms left      =     550065
                         Bytes used      =  121357302

Time =     183.05 sec    Generated terms =    1138285
              nbb 208462 Terms left      =     552620
                         Bytes used      =  121932524

Time =     183.50 sec    Generated terms =    1142727
              nbb 209087 Terms left      =     555232
                         Bytes used      =  122514492

Time =     183.95 sec    Generated terms =    1146953
              nbb 209368 Terms left      =     557994
                         Bytes used      =  123149502

Time =     184.41 sec    Generated terms =    1151062
              nbb 209592 Terms left      =     560683
                         Bytes used      =  123796018

Time =     184.80 sec    Generated terms =    1155533
              nbb 210612 Terms left      =     563371
                         Bytes used      =  124411788

Time =     185.25 sec    Generated terms =    1159626
              nbb 210838 Terms left      =     566320
                         Bytes used      =  125130538

Time =     185.74 sec    Generated terms =    1163664
              nbb 210937 Terms left      =     568526
                         Bytes used      =  125615814

Time =     186.22 sec    Generated terms =    1167712
              nbb 211036 Terms left      =     570772
                         Bytes used      =  126130870

Time =     186.70 sec    Generated terms =    1171811
              nbb 211173 Terms left      =     573306
                         Bytes used      =  126729088

Time =     187.17 sec    Generated terms =    1176071
              nbb 211374 Terms left      =     575295
                         Bytes used      =  127184252

Time =     187.65 sec    Generated terms =    1180363
              nbb 211580 Terms left      =     577476
                         Bytes used      =  127705420

Time =     188.10 sec    Generated terms =    1184833
              nbb 212001 Terms left      =     579921
                         Bytes used      =  128278812

Time =     188.57 sec    Generated terms =    1189304
              nbb 212527 Terms left      =     582519
                         Bytes used      =  128850326

Time =     189.03 sec    Generated terms =    1193628
              nbb 212750 Terms left      =     584819
                         Bytes used      =  129363020

Time =     189.68 sec
              nbb        Terms active    =     571118
                         Bytes used      =  126133140

Time =     190.13 sec    Generated terms =    1198163
              nbb 213548 Terms left      =     573761
                         Bytes used      =  126724198

Time =     190.59 sec    Generated terms =    1202535
              nbb 213892 Terms left      =     576633
                         Bytes used      =  127376208

Time =     191.03 sec    Generated terms =    1207007
              nbb 214659 Terms left      =     578988
                         Bytes used      =  127912760

Time =     191.46 sec    Generated terms =    1211516
              nbb 215323 Terms left      =     581544
                         Bytes used      =  128493314

Time =     191.92 sec    Generated terms =    1215876
              nbb 215727 Terms left      =     584311
                         Bytes used      =  129142916

Time =     192.32 sec    Generated terms =    1220392
              nbb 216761 Terms left      =     587008
                         Bytes used      =  129770332

Time =     192.77 sec    Generated terms =    1224768
              nbb 217308 Terms left      =     589980
                         Bytes used      =  130490472

Time =     193.24 sec    Generated terms =    1229372
              nbb 218105 Terms left      =     592567
                         Bytes used      =  131083006

Time =     193.70 sec    Generated terms =    1233997
              nbb 219093 Terms left      =     595236
                         Bytes used      =  131704968

Time =     194.11 sec    Generated terms =    1238594
              nbb 220101 Terms left      =     597942
                         Bytes used      =  132359394

Time =     194.54 sec    Generated terms =    1243368
              nbb 221715 Terms left      =     600571
                         Bytes used      =  132998550

Time =     194.95 sec    Generated terms =    1247878
              nbb 222636 Terms left      =     602664
                         Bytes used      =  133493810

Time =     195.39 sec    Generated terms =    1252504
              nbb 223479 Terms left      =     606292
                         Bytes used      =  134301758

Time =     195.84 sec    Generated terms =    1257107
              nbb 224102 Terms left      =     609416
                         Bytes used      =  134982524

Time =     196.25 sec    Generated terms =    1261732
              nbb 225417 Terms left      =     613033
                         Bytes used      =  135785748

Time =     196.78 sec
              nbb        Terms active    =     598521
                         Bytes used      =  132338518

Time =     197.22 sec    Generated terms =    1266285
              nbb 226286 Terms left      =     601817
                         Bytes used      =  133076902

Time =     197.62 sec    Generated terms =    1270850
              nbb 227359 Terms left      =     605035
                         Bytes used      =  133795934

Time =     198.02 sec    Generated terms =    1275435
              nbb 228798 Terms left      =     608581
                         Bytes used      =  134607812

Time =     198.41 sec    Generated terms =    1279955
              nbb 229788 Terms left      =     611670
                         Bytes used      =  135318886

Time =     198.78 sec    Generated terms =    1284438
              nbb 231300 Terms left      =     615274
                         Bytes used      =  136190836

Time =     199.21 sec    Generated terms =    1289177
              nbb 232597 Terms left      =     618764
                         Bytes used      =  136982982

Time =     199.60 sec    Generated terms =    1293883
              nbb 234312 Terms left      =     622354
                         Bytes used      =  137812404

Time =     199.95 sec    Generated terms =    1298619
              nbb 236504 Terms left      =     626101
                         Bytes used      =  138722896

Time =     200.31 sec    Generated terms =    1303361
              nbb 238523 Terms left      =     629588
                         Bytes used      =  139546820

Time =     200.68 sec    Generated terms =    1307938
              nbb 239951 Terms left      =     632801
                         Bytes used      =  140299658

Time =     201.03 sec    Generated terms =    1312126
              nbb 240872 Terms left      =     635686
                         Bytes used      =  140959290

Time =     201.39 sec    Generated terms =    1316264
              nbb 241643 Terms left      =     638331
                         Bytes used      =  141539606

Time =     201.80 sec
              nbb        Terms active    =     631524
                         Bytes used      =  139887358

Time =     202.17 sec    Generated terms =    1320410
              nbb 242617 Terms left      =     634215
                         Bytes used      =  140486656

Time =     202.52 sec    Generated terms =    1324497
              nbb 243250 Terms left      =     636788
                         Bytes used      =  141071700

Time =     202.85 sec    Generated terms =    1328637
              nbb 244470 Terms left      =     639576
                         Bytes used      =  141723256

Time =     203.19 sec    Generated terms =    1332651
              nbb 245274 Terms left      =     642143
                         Bytes used      =  142339772

Time =     203.58 sec    Generated terms =    1336656
              nbb 245706 Terms left      =     643950
                         Bytes used      =  142739762

Time =     203.95 sec    Generated terms =    1340641
              nbb 246201 Terms left      =     645913
                         Bytes used      =  143199742

Time =     204.33 sec    Generated terms =    1344691
              nbb 246636 Terms left      =     647897
                         Bytes used      =  143653780

Time =     204.71 sec    Generated terms =    1348852
              nbb 247295 Terms left      =     649762
                         Bytes used      =  144079446

Time =     205.07 sec    Generated terms =    1353011
              nbb 248028 Terms left      =     651883
                         Bytes used      =  144579964

Time =     205.43 sec    Generated terms =    1357329
              nbb 248970 Terms left      =     653592
                         Bytes used      =  144987816

Time =     205.80 sec    Generated terms =    1361625
              nbb 249920 Terms left      =     656145
                         Bytes used      =  145563002

Time =     206.16 sec    Generated terms =    1365871
              nbb 250914 Terms left      =     658968
                         Bytes used      =  146188988

Time =     206.51 sec    Generated terms =    1370154
              nbb 252063 Terms left      =     661616
                         Bytes used      =  146782514

Time =     206.85 sec    Generated terms =    1374396
              nbb 253256 Terms left      =     664322
                         Bytes used      =  147405212

Time =     207.17 sec    Generated terms =    1378618
              nbb 254623 Terms left      =     667139
                         Bytes used      =  148080764

Time =     207.54 sec    Generated terms =    1382965
              nbb 255945 Terms left      =     669702
                         Bytes used      =  148684470

Time =     207.89 sec    Generated terms =    1387370
              nbb 257631 Terms left      =     672448
                         Bytes used      =  149329092

Time =     208.51 sec
              nbb        Terms active    =     658342
                         Bytes used      =  146010174

Time =     208.83 sec    Generated terms =    1391845
              nbb 259765 Terms left      =     661099
                         Bytes used      =  146686090

Time =     209.15 sec    Generated terms =    1396264
              nbb 261609 Terms left      =     664516
                         Bytes used      =  147478566

Time =     209.49 sec    Generated terms =    1400662
              nbb 263143 Terms left      =     668035
                         Bytes used      =  148255350

Time =     209.81 sec    Generated terms =    1405007
              nbb 264750 Terms left      =     671522
                         Bytes used      =  149046614

Time =     210.12 sec    Generated terms =    1409347
              nbb 266784 Terms left      =     675164
                         Bytes used      =  149898984

Time =     210.43 sec    Generated terms =    1413801
              nbb 268986 Terms left      =     678857
                         Bytes used      =  150773796

Time =     210.74 sec    Generated terms =    1418318
              nbb 271659 Terms left      =     682532
                         Bytes used      =  151646270

Time =     210.97 sec    Generated terms =    1422257
              nbb 274513 Terms left      =     686133
                         Bytes used      =  152522956

Time =     211.33 sec
              nbb        Terms active    =     682798
                         Bytes used      =  152573228

Time =     219.78 sec    Generated terms =    1422257
              nbb        Terms in output =     136344
                         Bytes used      =   29919562
    
    ***  The following change is necessary: until this point we enjoyed the fact
    ***  that the denominators had (\lambda_{?}-\lambda_{?}) SQUARED
    ***  so we could easily write this as [1/lji](?+?)^2,
    ***  but now we will try to cancel gradually such denominators with the numerato
    rs
    ***  step by step, so we FIX:
    *****          [1/x] = (\la^i-\la^j)^{-1} = [1/lji](i+j)
    *****          [1/y] = (\la^j-\la^k)^{-1} = [1/lji](k+j)
    *****          [1/z] = (\la^k-\la^i)^{-1} = [1/lji](i+k)
    skip;
    nskip nbb;
    repeat;
    id [1/lji](j+i)=[1/x];
    id [1/lji](k+i)=[1/z];
    id [1/lji](j+k)=[1/y];
    endrepeat;
    Brackets [1/x],[1/y],[1/z],[1/Hess],[Hess];
    print[] nbb;
    .sort

Time =     220.31 sec    Generated terms =       6014
              nbb   6015 Terms left      =       6014
                         Bytes used      =     278140

Time =     220.82 sec    Generated terms =      12364
              nbb  12365 Terms left      =      12364
                         Bytes used      =     548526

Time =     221.35 sec    Generated terms =      19415
              nbb  19416 Terms left      =      19415
                         Bytes used      =     810660

Time =     221.89 sec    Generated terms =      27277
              nbb  27278 Terms left      =      27277
                         Bytes used      =    1085898

Time =     222.40 sec    Generated terms =      33915
              nbb  33916 Terms left      =      33915
                         Bytes used      =    1357664

Time =     222.94 sec    Generated terms =      41045
              nbb  41046 Terms left      =      41045
                         Bytes used      =    1661272

Time =     223.49 sec    Generated terms =      48552
              nbb  48553 Terms left      =      48552
                         Bytes used      =    1933900

Time =     224.05 sec    Generated terms =      55956
              nbb  55957 Terms left      =      55956
                         Bytes used      =    2238922

Time =     224.56 sec    Generated terms =      62921
              nbb  62922 Terms left      =      62921
                         Bytes used      =    2556954

Time =     225.06 sec    Generated terms =      69060
              nbb  69061 Terms left      =      69060
                         Bytes used      =    2853258

Time =     225.58 sec    Generated terms =      75406
              nbb  75407 Terms left      =      75406
                         Bytes used      =    3141202

Time =     226.12 sec    Generated terms =      82093
              nbb  82094 Terms left      =      82093
                         Bytes used      =    3455504

Time =     226.67 sec    Generated terms =      88727
              nbb  88728 Terms left      =      88727
                         Bytes used      =    3781910

Time =     227.21 sec    Generated terms =      95889
              nbb  95890 Terms left      =      95889
                         Bytes used      =    4081530

Time =     227.73 sec    Generated terms =     102676
              nbb 102677 Terms left      =     102676
                         Bytes used      =    4381980

Time =     228.27 sec    Generated terms =     109354
              nbb 109355 Terms left      =     109354
                         Bytes used      =    4697706

Time =     228.75 sec    Generated terms =     115137
              nbb 115138 Terms left      =     115137
                         Bytes used      =    5006814

Time =     229.25 sec    Generated terms =     121154
              nbb 121155 Terms left      =     121154
                         Bytes used      =    5323592

Time =     229.77 sec    Generated terms =     127393
              nbb 127394 Terms left      =     127393
                         Bytes used      =    5644176

Time =     230.26 sec    Generated terms =     133649
              nbb 133650 Terms left      =     133649
                         Bytes used      =    5960980

Time =     230.49 sec    Generated terms =     136344
              nbb 136344 Terms left      =     136344
                         Bytes used      =    6128080

Time =     231.29 sec    Generated terms =     136344
              nbb        Terms in output =     136344
                         Bytes used      =    6121348

   nbb =
       + [1/Hess]^2*[1/y]^2*[1/z]^2 * (  136344 terms );

    
    *** now one of the tricks: we cancel some of the 
    *** (\lambda_{?}-\lambda_{?}) in the denominators with that in the numerators
    skip;
    nskip nbb;
    repeat;
    id la(j)*[1/z]*[1/y]=la(k)*[1/z]*[1/y]+[1/z];
    id la(i)*[1/z]*[1/y]=la(k)*[1/z]*[1/y]-[1/y];
    
    id la(k)*[1/x]*[1/y]=la(j)*[1/x]*[1/y]-[1/x];
    id la(i)*[1/x]*[1/y]=la(j)*[1/x]*[1/y]+[1/y];
    
    id la(j)*[1/z]*[1/x]=la(i)*[1/z]*[1/x]-[1/z];
    id la(k)*[1/z]*[1/x]=la(i)*[1/z]*[1/x]+[1/x];
    id f(2*b)*[1/f(2*b)]=1;
    endrepeat;
    *** now you can see how this works!
    Brackets [1/x],[1/y],[1/z],[1/Hess],[Hess];
    print[] nbb;
    .sort

Time =     232.00 sec    Generated terms =       6055
              nbb   1214 Terms left      =        832
                         Bytes used      =      56708

Time =     232.43 sec    Generated terms =      12275
              nbb   2218 Terms left      =       1715
                         Bytes used      =     107244

Time =     232.86 sec    Generated terms =      18523
              nbb   3112 Terms left      =       2610
                         Bytes used      =     161974

Time =     233.31 sec    Generated terms =      24714
              nbb   3959 Terms left      =       3552
                         Bytes used      =     219076

Time =     233.75 sec    Generated terms =      31006
              nbb   4693 Terms left      =       4551
                         Bytes used      =     281258

Time =     234.21 sec    Generated terms =      37336
              nbb   5436 Terms left      =       5520
                         Bytes used      =     353970

Time =     234.62 sec    Generated terms =      43629
              nbb   6720 Terms left      =       6485
                         Bytes used      =     417756

Time =     235.04 sec    Generated terms =      50259
              nbb   7941 Terms left      =       7441
                         Bytes used      =     473150

Time =     235.47 sec    Generated terms =      56739
              nbb   9045 Terms left      =       8370
                         Bytes used      =     523968

Time =     235.93 sec    Generated terms =      63400
              nbb   9990 Terms left      =       9345
                         Bytes used      =     577018

Time =     236.38 sec    Generated terms =      69986
              nbb  10942 Terms left      =      10266
                         Bytes used      =     636302

Time =     236.86 sec    Generated terms =      76484
              nbb  11763 Terms left      =      11284
                         Bytes used      =     702702

Time =     237.31 sec    Generated terms =      82989
              nbb  12734 Terms left      =      12294
                         Bytes used      =     770572

Time =     237.75 sec    Generated terms =      90056
              nbb  14181 Terms left      =      13407
                         Bytes used      =     826314

Time =     238.21 sec    Generated terms =      96967
              nbb  15345 Terms left      =      14480
                         Bytes used      =     883482

Time =     238.70 sec    Generated terms =     104370
              nbb  16875 Terms left      =      15737
                         Bytes used      =     961812

Time =     239.16 sec    Generated terms =     112124
              nbb  18545 Terms left      =      17030
                         Bytes used      =    1024084

Time =     239.67 sec    Generated terms =     119775
              nbb  20182 Terms left      =      18282
                         Bytes used      =    1084166

Time =     240.16 sec    Generated terms =     128168
              nbb  21879 Terms left      =      19637
                         Bytes used      =    1153840

Time =     240.60 sec    Generated terms =     135870
              nbb  23302 Terms left      =      20852
                         Bytes used      =    1215848

Time =     241.10 sec    Generated terms =     144230
              nbb  24812 Terms left      =      22140
                         Bytes used      =    1273792

Time =     241.59 sec    Generated terms =     152582
              nbb  26279 Terms left      =      23412
                         Bytes used      =    1328694

Time =     242.11 sec    Generated terms =     160822
              nbb  27430 Terms left      =      24616
                         Bytes used      =    1385790

Time =     242.56 sec    Generated terms =     167781
              nbb  28883 Terms left      =      25726
                         Bytes used      =    1445646

Time =     243.01 sec    Generated terms =     174640
              nbb  30140 Terms left      =      26810
                         Bytes used      =    1500146

Time =     243.47 sec    Generated terms =     181150
              nbb  31348 Terms left      =      27884
                         Bytes used      =    1561690

Time =     243.95 sec    Generated terms =     187834
              nbb  32467 Terms left      =      28912
                         Bytes used      =    1614732

Time =     244.45 sec    Generated terms =     195020
              nbb  33696 Terms left      =      30014
                         Bytes used      =    1671148

Time =     244.95 sec    Generated terms =     202147
              nbb  34850 Terms left      =      31079
                         Bytes used      =    1720680

Time =     245.47 sec    Generated terms =     209286
              nbb  35792 Terms left      =      32111
                         Bytes used      =    1775016

Time =     246.02 sec    Generated terms =     217001
              nbb  36817 Terms left      =      33212
                         Bytes used      =    1828618

Time =     246.53 sec    Generated terms =     224742
              nbb  37999 Terms left      =      34355
                         Bytes used      =    1891060

Time =     247.02 sec    Generated terms =     232017
              nbb  39170 Terms left      =      35415
                         Bytes used      =    1943314

Time =     247.55 sec    Generated terms =     239285
              nbb  40072 Terms left      =      36459
                         Bytes used      =    2001302

Time =     248.09 sec    Generated terms =     247009
              nbb  41027 Terms left      =      37592
                         Bytes used      =    2071916

Time =     248.54 sec    Generated terms =     254876
              nbb  42767 Terms left      =      38900
                         Bytes used      =    2151508

Time =     249.00 sec    Generated terms =     263550
              nbb  44364 Terms left      =      40245
                         Bytes used      =    2211934

Time =     249.49 sec    Generated terms =     271541
              nbb  45737 Terms left      =      41486
                         Bytes used      =    2281168

Time =     249.93 sec    Generated terms =     278804
              nbb  47033 Terms left      =      42612
                         Bytes used      =    2340800

Time =     250.36 sec    Generated terms =     286105
              nbb  48288 Terms left      =      43719
                         Bytes used      =    2399112

Time =     250.83 sec    Generated terms =     293229
              nbb  49310 Terms left      =      44758
                         Bytes used      =    2455702

Time =     251.27 sec    Generated terms =     300927
              nbb  50622 Terms left      =      45892
                         Bytes used      =    2518976

Time =     251.74 sec    Generated terms =     308791
              nbb  51847 Terms left      =      47053
                         Bytes used      =    2576214

Time =     252.29 sec    Generated terms =     316886
              nbb  52822 Terms left      =      48268
                         Bytes used      =    2644984

Time =     252.78 sec    Generated terms =     324764
              nbb  53967 Terms left      =      49492
                         Bytes used      =    2716246

Time =     253.29 sec    Generated terms =     332809
              nbb  55050 Terms left      =      50708
                         Bytes used      =    2786992

Time =     253.74 sec    Generated terms =     340431
              nbb  56342 Terms left      =      51831
                         Bytes used      =    2839628

Time =     254.22 sec    Generated terms =     347959
              nbb  57368 Terms left      =      52905
                         Bytes used      =    2894158

Time =     254.69 sec    Generated terms =     355292
              nbb  58278 Terms left      =      53963
                         Bytes used      =    2954382

Time =     255.16 sec    Generated terms =     363124
              nbb  59272 Terms left      =      55082
                         Bytes used      =    3010346

Time =     255.64 sec    Generated terms =     370869
              nbb  60040 Terms left      =      56221
                         Bytes used      =    3076746

Time =     256.17 sec    Generated terms =     378718
              nbb  60822 Terms left      =      57443
                         Bytes used      =    3155036

Time =     256.64 sec    Generated terms =     386138
              nbb  61695 Terms left      =      58587
                         Bytes used      =    3230990

Time =     257.04 sec    Generated terms =     392289
              nbb  63023 Terms left      =      59552
                         Bytes used      =    3287642

Time =     257.49 sec    Generated terms =     398744
              nbb  64192 Terms left      =      60529
                         Bytes used      =    3340120

Time =     257.94 sec    Generated terms =     404975
              nbb  65117 Terms left      =      61471
                         Bytes used      =    3399496

Time =     258.40 sec    Generated terms =     411400
              nbb  65952 Terms left      =      62488
                         Bytes used      =    3467432

Time =     258.85 sec    Generated terms =     417375
              nbb  67094 Terms left      =      63486
                         Bytes used      =    3532990

Time =     259.35 sec    Generated terms =     423586
              nbb  67953 Terms left      =      64437
                         Bytes used      =    3591676

Time =     259.89 sec    Generated terms =     430059
              nbb  68675 Terms left      =      65427
                         Bytes used      =    3654240

Time =     260.41 sec    Generated terms =     436707
              nbb  69636 Terms left      =      66510
                         Bytes used      =    3724040

Time =     260.88 sec    Generated terms =     443170
              nbb  70746 Terms left      =      67469
                         Bytes used      =    3770664

Time =     261.36 sec    Generated terms =     449572
              nbb  71657 Terms left      =      68366
                         Bytes used      =    3817904

Time =     261.86 sec    Generated terms =     456378
              nbb  72532 Terms left      =      69336
                         Bytes used      =    3868764

Time =     262.36 sec    Generated terms =     462959
              nbb  73329 Terms left      =      70289
                         Bytes used      =    3925806

Time =     262.88 sec    Generated terms =     469484
              nbb  74018 Terms left      =      71285
                         Bytes used      =    3991356

Time =     263.37 sec    Generated terms =     475996
              nbb  74910 Terms left      =      72207
                         Bytes used      =    4042094

Time =     263.89 sec    Generated terms =     482912
              nbb  75740 Terms left      =      73181
                         Bytes used      =    4094460

Time =     264.42 sec    Generated terms =     489933
              nbb  76496 Terms left      =      74238
                         Bytes used      =    4158332

Time =     264.98 sec    Generated terms =     496800
              nbb  77145 Terms left      =      75301
                         Bytes used      =    4229446

Time =     265.57 sec    Generated terms =     504262
              nbb  77805 Terms left      =      76457
                         Bytes used      =    4307930

Time =     266.13 sec    Generated terms =     511559
              nbb  78592 Terms left      =      77537
                         Bytes used      =    4384566

Time =     266.57 sec    Generated terms =     518226
              nbb  79929 Terms left      =      78556
                         Bytes used      =    4433202

Time =     267.03 sec    Generated terms =     525025
              nbb  81038 Terms left      =      79537
                         Bytes used      =    4480144

Time =     267.51 sec    Generated terms =     531841
              nbb  82008 Terms left      =      80515
                         Bytes used      =    4529966

Time =     267.99 sec    Generated terms =     538699
              nbb  82914 Terms left      =      81448
                         Bytes used      =    4578352

Time =     268.50 sec    Generated terms =     545429
              nbb  83690 Terms left      =      82408
                         Bytes used      =    4635282

Time =     268.99 sec    Generated terms =     552231
              nbb  84489 Terms left      =      83349
                         Bytes used      =    4688310

Time =     269.51 sec    Generated terms =     558902
              nbb  85140 Terms left      =      84326
                         Bytes used      =    4753768

Time =     270.01 sec    Generated terms =     565516
              nbb  85858 Terms left      =      85292
                         Bytes used      =    4815906

Time =     270.53 sec    Generated terms =     572628
              nbb  86748 Terms left      =      86292
                         Bytes used      =    4867354

Time =     271.05 sec    Generated terms =     579700
              nbb  87500 Terms left      =      87245
                         Bytes used      =    4924682

Time =     271.62 sec    Generated terms =     586704
              nbb  88115 Terms left      =      88282
                         Bytes used      =    4995974

Time =     272.20 sec    Generated terms =     594185
              nbb  88824 Terms left      =      89387
                         Bytes used      =    5072518

Time =     272.72 sec    Generated terms =     601256
              nbb  89570 Terms left      =      90533
                         Bytes used      =    5161944

Time =     273.14 sec    Generated terms =     608668
              nbb  91077 Terms left      =      91795
                         Bytes used      =    5246734

Time =     273.57 sec    Generated terms =     616647
              nbb  92581 Terms left      =      93034
                         Bytes used      =    5309668

Time =     274.04 sec    Generated terms =     624291
              nbb  93806 Terms left      =      94207
                         Bytes used      =    5376070

Time =     274.52 sec    Generated terms =     631803
              nbb  94971 Terms left      =      95308
                         Bytes used      =    5444314

Time =     274.93 sec    Generated terms =     638724
              nbb  96183 Terms left      =      96318
                         Bytes used      =    5497154

Time =     275.35 sec    Generated terms =     645518
              nbb  97185 Terms left      =      97328
                         Bytes used      =    5554022

Time =     275.79 sec    Generated terms =     652333
              nbb  98078 Terms left      =      98360
                         Bytes used      =    5611368

Time =     276.22 sec    Generated terms =     659326
              nbb  99128 Terms left      =      99373
                         Bytes used      =    5673144

Time =     276.66 sec    Generated terms =     666551
              nbb 100221 Terms left      =     100425
                         Bytes used      =    5734424

Time =     277.14 sec    Generated terms =     673940
              nbb 101115 Terms left      =     101530
                         Bytes used      =    5798860

Time =     277.57 sec    Generated terms =     681208
              nbb 102084 Terms left      =     102675
                         Bytes used      =    5873762

Time =     278.03 sec    Generated terms =     688568
              nbb 103084 Terms left      =     103785
                         Bytes used      =    5942340

Time =     278.47 sec    Generated terms =     695681
              nbb 104158 Terms left      =     104829
                         Bytes used      =    5996008

Time =     278.95 sec    Generated terms =     702738
              nbb 105060 Terms left      =     105846
                         Bytes used      =    6050966

Time =     279.39 sec    Generated terms =     709759
              nbb 105876 Terms left      =     106868
                         Bytes used      =    6108068

Time =     279.83 sec    Generated terms =     716858
              nbb 106688 Terms left      =     107890
                         Bytes used      =    6164516

Time =     280.29 sec    Generated terms =     724181
              nbb 107401 Terms left      =     109007
                         Bytes used      =    6234396

Time =     280.81 sec    Generated terms =     731447
              nbb 108127 Terms left      =     110148
                         Bytes used      =    6309830

Time =     281.29 sec    Generated terms =     738414
              nbb 108908 Terms left      =     111256
                         Bytes used      =    6387838

Time =     281.71 sec    Generated terms =     744135
              nbb 109988 Terms left      =     112123
                         Bytes used      =    6445762

Time =     282.14 sec    Generated terms =     750055
              nbb 110872 Terms left      =     113043
                         Bytes used      =    6504146

Time =     282.59 sec    Generated terms =     756160
              nbb 111656 Terms left      =     114046
                         Bytes used      =    6569650

Time =     283.04 sec    Generated terms =     762285
              nbb 112478 Terms left      =     115073
                         Bytes used      =    6644908

Time =     283.47 sec    Generated terms =     768064
              nbb 113266 Terms left      =     116046
                         Bytes used      =    6716356

Time =     283.93 sec    Generated terms =     773990
              nbb 113924 Terms left      =     117023
                         Bytes used      =    6784728

Time =     284.48 sec    Generated terms =     780219
              nbb 114469 Terms left      =     118101
                         Bytes used      =    6866106

Time =     284.94 sec    Generated terms =     786118
              nbb 115434 Terms left      =     119023
                         Bytes used      =    6929220

Time =     285.40 sec    Generated terms =     792107
              nbb 116278 Terms left      =     119897
                         Bytes used      =    6981994

Time =     285.86 sec    Generated terms =     798286
              nbb 117021 Terms left      =     120791
                         Bytes used      =    7033866

Time =     286.34 sec    Generated terms =     804691
              nbb 117772 Terms left      =     121743
                         Bytes used      =    7093338

Time =     286.84 sec    Generated terms =     810806
              nbb 118397 Terms left      =     122683
                         Bytes used      =    7158942

Time =     287.32 sec    Generated terms =     817113
              nbb 119105 Terms left      =     123650
                         Bytes used      =    7221634

Time =     287.80 sec    Generated terms =     823304
              nbb 119892 Terms left      =     124573
                         Bytes used      =    7276034

Time =     288.28 sec    Generated terms =     829580
              nbb 120550 Terms left      =     125465
                         Bytes used      =    7332802

Time =     288.79 sec    Generated terms =     836028
              nbb 121200 Terms left      =     126460
                         Bytes used      =    7399974

Time =     289.34 sec    Generated terms =     842689
              nbb 121784 Terms left      =     127521
                         Bytes used      =    7474670

Time =     289.88 sec    Generated terms =     849068
              nbb 122410 Terms left      =     128475
                         Bytes used      =    7540388

Time =     290.45 sec    Generated terms =     855775
              nbb 122949 Terms left      =     129581
                         Bytes used      =    7625718

Time =     290.94 sec    Generated terms =     862523
              nbb 123693 Terms left      =     130593
                         Bytes used      =    7704362

Time =     291.37 sec    Generated terms =     868838
              nbb 124874 Terms left      =     131457
                         Bytes used      =    7756126

Time =     291.84 sec    Generated terms =     875204
              nbb 125786 Terms left      =     132369
                         Bytes used      =    7806150

Time =     292.30 sec    Generated terms =     881678
              nbb 126712 Terms left      =     133250
                         Bytes used      =    7857054

Time =     292.76 sec    Generated terms =     888060
              nbb 127467 Terms left      =     134177
                         Bytes used      =    7912248

Time =     293.22 sec    Generated terms =     894539
              nbb 128223 Terms left      =     135078
                         Bytes used      =    7968150

Time =     294.30 sec
              nbb        Terms active    =     133898
                         Bytes used      =    7548318

Time =     294.79 sec    Generated terms =     900963
              nbb 128967 Terms left      =     134794
                         Bytes used      =    7601398

Time =     295.30 sec    Generated terms =     907333
              nbb 129583 Terms left      =     135739
                         Bytes used      =    7663622

Time =     295.79 sec    Generated terms =     913807
              nbb 130228 Terms left      =     136675
                         Bytes used      =    7723094

Time =     296.26 sec    Generated terms =     920163
              nbb 130945 Terms left      =     137603
                         Bytes used      =    7786182

Time =     296.75 sec    Generated terms =     926760
              nbb 131764 Terms left      =     138518
                         Bytes used      =    7837320

Time =     297.25 sec    Generated terms =     933338
              nbb 132501 Terms left      =     139423
                         Bytes used      =    7889640

Time =     297.76 sec    Generated terms =     939983
              nbb 133163 Terms left      =     140399
                         Bytes used      =    7951186

Time =     298.27 sec    Generated terms =     946608
              nbb 133797 Terms left      =     141361
                         Bytes used      =    8012542

Time =     298.82 sec    Generated terms =     953322
              nbb 134350 Terms left      =     142375
                         Bytes used      =    8086768

Time =     299.35 sec    Generated terms =     960069
              nbb 134985 Terms left      =     143328
                         Bytes used      =    8150362

Time =     299.89 sec    Generated terms =     966991
              nbb 135597 Terms left      =     144436
                         Bytes used      =    8237226

Time =     300.41 sec    Generated terms =     973747
              nbb 136250 Terms left      =     145581
                         Bytes used      =    8328490

Time =     300.51 sec    Generated terms =     974906
              nbb 136344 Terms left      =     145841
                         Bytes used      =    8355364

Time =     300.59 sec
              nbb        Terms active    =     145691
                         Bytes used      =    8331776

Time =     301.18 sec    Generated terms =     974906
              nbb        Terms in output =     145686
                         Bytes used      =    8301940

   nbb =
       + [1/Hess]^2*[1/y]*[1/z] * (  9518 terms )

       + [1/Hess]^2*[1/y] * (  26452 terms )

       + [1/Hess]^2*[1/y]^2 * (  33851 terms )

       + [1/Hess]^2*[1/z] * (  13562 terms )

       + [1/Hess]^2*[1/z]^2 * (  62303 terms );

    
    *** a similar trick with the Hessian
    skip;
    nskip nbb;
    repeat; 
    id [Hess]*[1/Hess]=1;
    id f(a + b)^2*f(2*c) = -( - f(2*a)*f(2*b)*f(2*c) + f(2*b)*f(a + c)^2
         - 2*f(a + b)*f(a + c)*f(b + c) + f(2*a)*f(b + c)^2) - [Hess];
    id f(2*b)*[1/f(2*b)]=1;
    endrepeat;
    *** now you can see how this works!
    Brackets [1/x],[1/y],[1/z],[1/Hess],[Hess];
    print[] nbb;
    .sort

Time =     301.93 sec    Generated terms =       7706
              nbb   4993 Terms left      =       3761
                         Bytes used      =     335154

Time =     302.39 sec    Generated terms =      15190
              nbb   8131 Terms left      =       8540
                         Bytes used      =     765886

Time =     302.90 sec    Generated terms =      22327
              nbb   9964 Terms left      =      13096
                         Bytes used      =    1205418

Time =     303.24 sec    Generated terms =      30095
              nbb  16184 Terms left      =      18774
                         Bytes used      =    1514446

Time =     303.66 sec    Generated terms =      37934
              nbb  21521 Terms left      =      24901
                         Bytes used      =    1844022

Time =     304.20 sec    Generated terms =      45704
              nbb  23949 Terms left      =      31137
                         Bytes used      =    2163424

Time =     304.63 sec    Generated terms =      53707
              nbb  28366 Terms left      =      36494
                         Bytes used      =    2478574

Time =     305.14 sec    Generated terms =      60927
              nbb  31006 Terms left      =      40756
                         Bytes used      =    2733062

Time =     305.73 sec    Generated terms =      68144
              nbb  32260 Terms left      =      44935
                         Bytes used      =    2987072

Time =     306.25 sec    Generated terms =      75615
              nbb  33838 Terms left      =      50714
                         Bytes used      =    3363178

Time =     306.78 sec    Generated terms =      83046
              nbb  35527 Terms left      =      55298
                         Bytes used      =    3662098

Time =     307.11 sec    Generated terms =      90386
              nbb  41523 Terms left      =      61871
                         Bytes used      =    4070558

Time =     307.54 sec    Generated terms =      98268
              nbb  46985 Terms left      =      68640
                         Bytes used      =    4441586

Time =     307.99 sec    Generated terms =     105637
              nbb  51149 Terms left      =      74355
                         Bytes used      =    4779060

Time =     308.53 sec    Generated terms =     113041
              nbb  53835 Terms left      =      79786
                         Bytes used      =    5099508

Time =     309.00 sec    Generated terms =     120591
              nbb  57312 Terms left      =      85983
                         Bytes used      =    5474944

Time =     309.43 sec    Generated terms =     128459
              nbb  61000 Terms left      =      90986
                         Bytes used      =    5785732

Time =     309.95 sec    Generated terms =     135151
              nbb  63104 Terms left      =      94126
                         Bytes used      =    6005478

Time =     310.51 sec    Generated terms =     142101
              nbb  64391 Terms left      =      98312
                         Bytes used      =    6281724

Time =     311.07 sec    Generated terms =     149180
              nbb  65917 Terms left      =     102546
                         Bytes used      =    6593778

Time =     311.55 sec    Generated terms =     156299
              nbb  67757 Terms left      =     109029
                         Bytes used      =    7022328

Time =     312.11 sec    Generated terms =     163498
              nbb  69024 Terms left      =     115254
                         Bytes used      =    7432414

Time =     312.53 sec    Generated terms =     171009
              nbb  73626 Terms left      =     121202
                         Bytes used      =    7865738

Time =     313.00 sec    Generated terms =     178450
              nbb  77137 Terms left      =     126749
                         Bytes used      =    8235410

Time =     313.48 sec    Generated terms =     185869
              nbb  80133 Terms left      =     131101
                         Bytes used      =    8548696

Time =     314.03 sec    Generated terms =     193005
              nbb  81608 Terms left      =     134787
                         Bytes used      =    8832472

Time =     314.53 sec    Generated terms =     200335
              nbb  83548 Terms left      =     138965
                         Bytes used      =    9131274

Time =     314.74 sec    Generated terms =     206944
              nbb  90157 Terms left      =     145574
                         Bytes used      =    9426540

Time =     315.16 sec    Generated terms =     214783
              nbb  96309 Terms left      =     151481
                         Bytes used      =    9658220

Time =     315.61 sec    Generated terms =     222894
              nbb 101463 Terms left      =     158679
                         Bytes used      =    9951616

Time =     316.46 sec
              nbb        Terms active    =      40523
                         Bytes used      =    2114222

Time =     316.80 sec    Generated terms =     230859
              nbb 108200 Terms left      =      47625
                         Bytes used      =    2415134

Time =     317.28 sec    Generated terms =     237738
              nbb 111688 Terms left      =      52179
                         Bytes used      =    2634200

Time =     317.82 sec    Generated terms =     244936
              nbb 113961 Terms left      =      58456
                         Bytes used      =    2895396

Time =     318.40 sec    Generated terms =     252485
              nbb 116567 Terms left      =      65021
                         Bytes used      =    3190464

Time =     318.91 sec    Generated terms =     259976
              nbb 119129 Terms left      =      72356
                         Bytes used      =    3473476

Time =     319.38 sec    Generated terms =     267647
              nbb 122977 Terms left      =      79059
                         Bytes used      =    3793150

Time =     319.80 sec    Generated terms =     275533
              nbb 127557 Terms left      =      84887
                         Bytes used      =    4053554

Time =     320.26 sec    Generated terms =     283293
              nbb 130718 Terms left      =      91433
                         Bytes used      =    4349628

Time =     320.76 sec    Generated terms =     289787
              nbb 133112 Terms left      =      94993
                         Bytes used      =    4535174

Time =     321.35 sec    Generated terms =     296622
              nbb 134129 Terms left      =     100130
                         Bytes used      =    4801800

Time =     321.88 sec    Generated terms =     303489
              nbb 135843 Terms left      =     105578
                         Bytes used      =    5079990

Time =     322.50 sec    Generated terms =     310521
              nbb 136584 Terms left      =     111261
                         Bytes used      =    5357322

Time =     323.08 sec    Generated terms =     317604
              nbb 138242 Terms left      =     115693
                         Bytes used      =    5621858

Time =     323.61 sec    Generated terms =     324917
              nbb 139598 Terms left      =     122222
                         Bytes used      =    5929050

Time =     324.06 sec    Generated terms =     331900
              nbb 141837 Terms left      =     129171
                         Bytes used      =    6259788

Time =     324.67 sec    Generated terms =     339160
              nbb 142674 Terms left      =     135315
                         Bytes used      =    6543262

Time =     325.22 sec    Generated terms =     346348
              nbb 144365 Terms left      =     141826
                         Bytes used      =    6877226

Time =     325.58 sec    Generated terms =     351514
              nbb 145686 Terms left      =     145734
                         Bytes used      =    7105742

Time =     326.33 sec
              nbb        Terms active    =      61159
                         Bytes used      =    3282028

Time =     326.52 sec    Generated terms =     351514
              nbb        Terms in output =      36286
                         Bytes used      =    2002238

   nbb =
       + [1/Hess]*[1/y]*[1/z] * (  2198 terms )

       + [1/Hess]*[1/y] * (  6255 terms )

       + [1/Hess]*[1/y]^2 * (  7994 terms )

       + [1/Hess]*[1/z] * (  3286 terms )

       + [1/Hess]*[1/z]^2 * (  14935 terms )

       + [1/y]*[1/z] * (  94 terms )

       + [1/y] * (  277 terms )

       + [1/y]^2 * (  380 terms )

       + [1/z] * (  165 terms )

       + [1/z]^2 * (  702 terms );

    
    *** form the derivatives d_k N_{ij} and d_k D_{ij}
    skip;
    L dd=diff(k)*Dij;
    L dn=diff(k)*Nij;
    repeat; 
    id diff(j?)*mu(i?)=D(j,a)*B(i,j)*(mu(i)-mu(j))+ D(mu(i))*diff(j);
    id diff(j?)*la(i?)=D(j,a)*B(i,j)*(la(i)-la(j))+ D(la(i))*diff(j);
    id diff(i?)*f(j?)=f(j+a)*D(i,a) +f(j+b)*D(i,a)*mu(i) +f(j+c)*D(i,a)*la(i)
       +  D(f(j))*diff(i);
    id diff(i?)*[1/f(2*b)] = - [1/f(2*b)]^2*(f(2*b+a)*D(i,a) 
       +f(2*b+b)*D(i,a)*mu(i) +f(2*b+c)*D(i,a)*la(i)) +  D([1/f(2*b)])*diff(i);
    id B(i?,j?)=Bij;
    endrepeat;
    id diff(?a)=0;
    id D(a?)=a;
    id D(a?,a)=1;
    .sort

Time =     327.23 sec    Generated terms =       7491
               dd        Terms in output =       5669
                         Bytes used      =     692650

Time =     327.82 sec    Generated terms =       7526
               dn      1 Terms left      =       5245
                         Bytes used      =     681346

Time =     328.47 sec    Generated terms =      15601
               dn      1 Terms left      =      11260
                         Bytes used      =    1461156

Time =     329.15 sec    Generated terms =      23346
               dn      1 Terms left      =      16121
                         Bytes used      =    2102278

Time =     329.83 sec    Generated terms =      30862
               dn      1 Terms left      =      20783
                         Bytes used      =    2727262

Time =     330.22 sec    Generated terms =      35012
               dn      1 Terms left      =      23081
                         Bytes used      =    3047704

Time =     330.39 sec    Generated terms =      35012
               dn        Terms in output =      20569
                         Bytes used      =    2597430
    
    repeat;
    id [1/lji](j+i)=[1/x];
    id [1/lji](k+i)=[1/z];
    id [1/lji](j+k)=[1/y];
    endrepeat;
    Brackets [1/x],[1/y],[1/z],[1/Hess],[Hess];
    print[] dd,dn;
    .sort

Time =     330.39 sec    Generated terms =          6
           DispEq        Terms in output =          6
                         Bytes used      =        296

Time =     330.39 sec    Generated terms =          1
             dUij        Terms in output =          1
                         Bytes used      =         28

Time =     330.39 sec    Generated terms =          8
               xU        Terms in output =          8
                         Bytes used      =        494

Time =     330.39 sec    Generated terms =          2
               yU        Terms in output =          2
                         Bytes used      =        142

Time =     330.39 sec    Generated terms =          2
               zU        Terms in output =          2
                         Bytes used      =        142

Time =     330.39 sec    Generated terms =          1
               tU        Terms in output =          1
                         Bytes used      =         80

Time =     330.39 sec    Generated terms =         13
              Uij        Terms in output =         13
                         Bytes used      =        654

Time =     330.39 sec    Generated terms =          5
             Hess        Terms in output =          5
                         Bytes used      =        528

Time =     330.39 sec    Generated terms =          9
              Dij        Terms in output =          9
                         Bytes used      =        342

Time =     330.39 sec    Generated terms =         30
              Nij        Terms in output =         30
                         Bytes used      =       1760

Time =     330.41 sec    Generated terms =        311
              Bij        Terms in output =        311
                         Bytes used      =      15410

Time =     330.41 sec    Generated terms =          1
               pr        Terms in output =          1
                         Bytes used      =         16

Time =     330.41 sec    Generated terms =          0
         dkDispEq        Terms in output =          0
                         Bytes used      =          2

Time =     330.42 sec    Generated terms =        311
              Bik        Terms in output =        311
                         Bytes used      =      15410

Time =     330.43 sec    Generated terms =        311
              Bkj        Terms in output =        311
                         Bytes used      =      16030

Time =     330.44 sec    Generated terms =        311
              Bji        Terms in output =        311
                         Bytes used      =      16030

Time =     330.45 sec    Generated terms =        311
              Bki        Terms in output =        311
                         Bytes used      =      16030

Time =     330.46 sec    Generated terms =        311
              Bjk        Terms in output =        311
                         Bytes used      =      15410

Time =     330.67 sec    Generated terms =      10078
              nbb  10079 Terms left      =      10078
                         Bytes used      =     616212

Time =     330.88 sec    Generated terms =      19797
              nbb  19798 Terms left      =      19797
                         Bytes used      =    1231208

Time =     331.08 sec    Generated terms =      29740
              nbb  29741 Terms left      =      29740
                         Bytes used      =    1649450

Time =     331.24 sec    Generated terms =      36286
              nbb  36286 Terms left      =      36286
                         Bytes used      =    2002868

Time =     331.36 sec    Generated terms =      36286
              nbb        Terms in output =      36286
                         Bytes used      =    2002238

Time =     331.62 sec    Generated terms =       5669
               dd        Terms in output =       5669
                         Bytes used      =     229284

Time =     332.14 sec    Generated terms =      10383
               dn  10384 Terms left      =      10383
                         Bytes used      =     440538

Time =     332.64 sec    Generated terms =      20007
               dn  20008 Terms left      =      20007
                         Bytes used      =     916508

Time =     332.67 sec    Generated terms =      20569
               dn  20569 Terms left      =      20569
                         Bytes used      =     952352

Time =     332.74 sec    Generated terms =      20569
               dn        Terms in output =      20569
                         Bytes used      =     951662

   dd =
       + [1/Hess]*[1/y]^2 * (  2821 terms )

       + [1/Hess]*[1/z]^2 * (  2821 terms )

       + 1 * (  27 terms );

   dn =
       + [1/Hess]*[1/y]^2 * (  9826 terms )

       + [1/Hess]*[1/z]^2 * (  10563 terms )

       + 1 * (  180 terms );

    
    skip;
    nskip dd,dn;
    repeat;
    id mu(i?)^2=-(f(a+a)+2*f(a+b)*mu(i)+2*f(a+c)*la(i)+f(c+c)*la(i)^2
       +2*f(c+b)*mu(i)*la(i))*[1/f(2*b)];
    id f(2*b)*[1/f(2*b)]=1;
    endrepeat;
    *** just to see how much terms are left and how big are the denomiantors
    Brackets [1/x],[1/y],[1/z],[1/Hess],[Hess];
    print[] dd,dn;
    .sort

Time =     333.44 sec    Generated terms =      10812
               dd   5189 Terms left      =       4757
                         Bytes used      =     203998

Time =     333.46 sec    Generated terms =      11453
               dd   5669 Terms left      =       5326
                         Bytes used      =     232284

Time =     333.47 sec    Generated terms =      11453
               dd        Terms in output =       5025
                         Bytes used      =     213162

Time =     333.92 sec    Generated terms =      10111
               dn   5506 Terms left      =       5595
                         Bytes used      =     236114

Time =     334.41 sec    Generated terms =      19346
               dn   9855 Terms left      =      10967
                         Bytes used      =     497324

Time =     334.88 sec    Generated terms =      29095
               dn  14936 Terms left      =      16386
                         Bytes used      =     734364

Time =     335.39 sec    Generated terms =      38400
               dn  18505 Terms left      =      22104
                         Bytes used      =    1014616

Time =     335.50 sec    Generated terms =      41513
               dn  20569 Terms left      =      24610
                         Bytes used      =    1151510

Time =     335.62 sec    Generated terms =      41513
               dn        Terms in output =      19377
                         Bytes used      =     867326

   dd =
       + [1/Hess]*[1/y]^2 * (  2499 terms )

       + [1/Hess]*[1/z]^2 * (  2499 terms )

       + 1 * (  27 terms );

   dn =
       + [1/Hess]*[1/y]^2 * (  9566 terms )

       + [1/Hess]*[1/z]^2 * (  9631 terms )

       + 1 * (  180 terms );

    
    **** again we form the term N_{ij} 1/D_{ij} d_k D_{ij}
    **** in two steps for efficiency 
    skip;
    L NUdD1=Nij*dd;
    repeat;
    id mu(i?)^2=-(f(a+a)+2*f(a+b)*mu(i)+2*f(a+c)*la(i)+f(c+c)*la(i)^2
       +2*f(c+b)*mu(i)*la(i))*[1/f(2*b)];
    id f(2*b)*[1/f(2*b)]=1;
    endrepeat;
    .sort

Time =     336.47 sec    Generated terms =       7569
            NUdD1      1 Terms left      =       5725
                         Bytes used      =     287140

Time =     336.91 sec    Generated terms =      15139
            NUdD1      1 Terms left      =      11494
                         Bytes used      =     627206

Time =     337.40 sec    Generated terms =      22460
            NUdD1      1 Terms left      =      17036
                         Bytes used      =     977638

Time =     337.81 sec    Generated terms =      30154
            NUdD1      1 Terms left      =      22902
                         Bytes used      =    1364216

Time =     338.27 sec    Generated terms =      38051
            NUdD1      1 Terms left      =      28742
                         Bytes used      =    1720772

Time =     338.73 sec    Generated terms =      46125
            NUdD1      1 Terms left      =      35025
                         Bytes used      =    2097228

Time =     339.20 sec    Generated terms =      53829
            NUdD1      1 Terms left      =      41039
                         Bytes used      =    2468268

Time =     339.61 sec    Generated terms =      61783
            NUdD1      1 Terms left      =      47274
                         Bytes used      =    2855310

Time =     340.03 sec    Generated terms =      69607
            NUdD1      1 Terms left      =      53904
                         Bytes used      =    3198624

Time =     340.48 sec    Generated terms =      76809
            NUdD1      1 Terms left      =      59318
                         Bytes used      =    3515300

Time =     341.01 sec    Generated terms =      84706
            NUdD1      1 Terms left      =      63988
                         Bytes used      =    3773590

Time =     341.56 sec    Generated terms =      92540
            NUdD1      1 Terms left      =      68311
                         Bytes used      =    4032088

Time =     342.07 sec    Generated terms =     100809
            NUdD1      1 Terms left      =      73186
                         Bytes used      =    4308618

Time =     342.52 sec    Generated terms =     108512
            NUdD1      1 Terms left      =      78442
                         Bytes used      =    4644096

Time =     342.91 sec    Generated terms =     116897
            NUdD1      1 Terms left      =      86709
                         Bytes used      =    5086804

Time =     343.24 sec    Generated terms =     125628
            NUdD1      1 Terms left      =      95400
                         Bytes used      =    5521142

Time =     343.62 sec    Generated terms =     133965
            NUdD1      1 Terms left      =     102736
                         Bytes used      =    5908348

Time =     344.16 sec    Generated terms =     142399
            NUdD1      1 Terms left      =     109193
                         Bytes used      =    6237716

Time =     344.62 sec    Generated terms =     151004
            NUdD1      1 Terms left      =     115730
                         Bytes used      =    6578194

Time =     345.03 sec    Generated terms =     159662
            NUdD1      1 Terms left      =     122506
                         Bytes used      =    6919564

Time =     345.50 sec    Generated terms =     168247
            NUdD1      1 Terms left      =     129027
                         Bytes used      =    7270974

Time =     345.77 sec    Generated terms =     177291
            NUdD1      1 Terms left      =     137363
                         Bytes used      =    7626574

Time =     346.13 sec    Generated terms =     186090
            NUdD1      1 Terms left      =     145354
                         Bytes used      =    8042470

Time =     346.62 sec    Generated terms =     193159
            NUdD1      1 Terms left      =     150735
                         Bytes used      =    8413430

Time =     347.09 sec    Generated terms =     200916
            NUdD1      1 Terms left      =     156647
                         Bytes used      =    8800256

Time =     347.52 sec    Generated terms =     208903
            NUdD1      1 Terms left      =     162753
                         Bytes used      =    9173246

Time =     347.98 sec    Generated terms =     217035
            NUdD1      1 Terms left      =     168869
                         Bytes used      =    9519530

Time =     348.47 sec    Generated terms =     224881
            NUdD1      1 Terms left      =     173652
                         Bytes used      =    9832602

Time =     348.96 sec    Generated terms =     232575
            NUdD1      1 Terms left      =     178309
                         Bytes used      =   10139182

Time =     351.16 sec
            NUdD1        Terms active    =      97989
                         Bytes used      =    4306374

Time =     351.66 sec    Generated terms =     240322
            NUdD1      1 Terms left      =     102288
                         Bytes used      =    4582764

Time =     352.16 sec    Generated terms =     247966
            NUdD1      1 Terms left      =     106481
                         Bytes used      =    4867012

Time =     352.70 sec    Generated terms =     255541
            NUdD1      1 Terms left      =     110895
                         Bytes used      =    5111894

Time =     353.19 sec    Generated terms =     262603
            NUdD1      1 Terms left      =     114746
                         Bytes used      =    5345088

Time =     353.75 sec    Generated terms =     270275
            NUdD1      1 Terms left      =     119574
                         Bytes used      =    5620658

Time =     354.24 sec    Generated terms =     277459
            NUdD1      1 Terms left      =     124016
                         Bytes used      =    5892876

Time =     354.69 sec    Generated terms =     285183
            NUdD1      1 Terms left      =     129765
                         Bytes used      =    6204602

Time =     355.18 sec    Generated terms =     292526
            NUdD1      1 Terms left      =     134488
                         Bytes used      =    6499512

Time =     355.71 sec    Generated terms =     299770
            NUdD1      1 Terms left      =     139212
                         Bytes used      =    6801212

Time =     356.19 sec    Generated terms =     306837
            NUdD1      1 Terms left      =     143510
                         Bytes used      =    7073238

Time =     356.74 sec    Generated terms =     314019
            NUdD1      1 Terms left      =     148125
                         Bytes used      =    7375608

Time =     357.23 sec    Generated terms =     321601
            NUdD1      1 Terms left      =     153756
                         Bytes used      =    7704052

Time =     357.68 sec    Generated terms =     329578
            NUdD1      1 Terms left      =     160024
                         Bytes used      =    8071044

Time =     358.08 sec    Generated terms =     337573
            NUdD1      1 Terms left      =     167828
                         Bytes used      =    8498072

Time =     358.31 sec    Generated terms =     343294
            NUdD1      1 Terms left      =     173535
                         Bytes used      =    8813914

Time =     359.21 sec
            NUdD1        Terms active    =     136446
                         Bytes used      =    6315450

Time =     359.96 sec    Generated terms =     343294
            NUdD1        Terms in output =     106461
                         Bytes used      =    4486954
    
    drop NUdD1;
    skip;
    L NUdD=NUdD1*Uij;
    repeat;
    id mu(i?)^2=-(f(a+a)+2*f(a+b)*mu(i)+2*f(a+c)*la(i)+f(c+c)*la(i)^2
       +2*f(c+b)*mu(i)*la(i))*[1/f(2*b)];
    id f(2*b)*[1/f(2*b)]=1;
    id [1/lji](j+i)=[1/x];
    id [1/lji](k+i)=[1/z];
    id [1/lji](j+k)=[1/y];
    endrepeat;
    Brackets [1/x],[1/y],[1/z],[1/Hess],[Hess];
    print[] NUdD;
    .sort

Time =     360.70 sec    Generated terms =       5500
             NUdD      1 Terms left      =       2392
                         Bytes used      =     121604

Time =     361.22 sec    Generated terms =      11130
             NUdD      1 Terms left      =       5021
                         Bytes used      =     235130

Time =     361.68 sec    Generated terms =      16830
             NUdD      1 Terms left      =       8012
                         Bytes used      =     387822

Time =     362.13 sec    Generated terms =      22558
             NUdD      1 Terms left      =      10817
                         Bytes used      =     525920

Time =     362.68 sec    Generated terms =      28414
             NUdD      1 Terms left      =      13613
                         Bytes used      =     644530

Time =     363.13 sec    Generated terms =      34400
             NUdD      1 Terms left      =      16353
                         Bytes used      =     754796

Time =     363.64 sec    Generated terms =      40128
             NUdD      1 Terms left      =      18791
                         Bytes used      =     858854

Time =     364.15 sec    Generated terms =      46020
             NUdD      1 Terms left      =      21526
                         Bytes used      =     989332

Time =     364.68 sec    Generated terms =      52117
             NUdD      1 Terms left      =      24740
                         Bytes used      =    1137508

Time =     365.19 sec    Generated terms =      58219
             NUdD      1 Terms left      =      27623
                         Bytes used      =    1261718

Time =     365.72 sec    Generated terms =      63792
             NUdD      1 Terms left      =      30170
                         Bytes used      =    1386924

Time =     366.22 sec    Generated terms =      69950
             NUdD      1 Terms left      =      33187
                         Bytes used      =    1523974

Time =     366.72 sec    Generated terms =      76202
             NUdD      1 Terms left      =      35884
                         Bytes used      =    1636916

Time =     367.25 sec    Generated terms =      82294
             NUdD      1 Terms left      =      38610
                         Bytes used      =    1763146

Time =     367.75 sec    Generated terms =      88310
             NUdD      1 Terms left      =      41193
                         Bytes used      =    1892766

Time =     368.26 sec    Generated terms =      94391
             NUdD      1 Terms left      =      44285
                         Bytes used      =    2024286

Time =     368.76 sec    Generated terms =     100442
             NUdD      1 Terms left      =      47158
                         Bytes used      =    2136750

Time =     369.27 sec    Generated terms =     106689
             NUdD      1 Terms left      =      49794
                         Bytes used      =    2240154

Time =     369.78 sec    Generated terms =     112862
             NUdD      1 Terms left      =      52340
                         Bytes used      =    2344494

Time =     370.33 sec    Generated terms =     118432
             NUdD      1 Terms left      =      54751
                         Bytes used      =    2452254

Time =     370.86 sec    Generated terms =     124343
             NUdD      1 Terms left      =      57354
                         Bytes used      =    2584878

Time =     371.35 sec    Generated terms =     130744
             NUdD      1 Terms left      =      61050
                         Bytes used      =    2752990

Time =     371.80 sec    Generated terms =     136917
             NUdD      1 Terms left      =      64273
                         Bytes used      =    2895786

Time =     372.29 sec    Generated terms =     143163
             NUdD      1 Terms left      =      67397
                         Bytes used      =    3031106

Time =     372.77 sec    Generated terms =     149490
             NUdD      1 Terms left      =      70408
                         Bytes used      =    3153602

Time =     373.25 sec    Generated terms =     155587
             NUdD      1 Terms left      =      73104
                         Bytes used      =    3264216

Time =     373.71 sec    Generated terms =     162025
             NUdD      1 Terms left      =      76177
                         Bytes used      =    3385906

Time =     374.18 sec    Generated terms =     167603
             NUdD      1 Terms left      =      78806
                         Bytes used      =    3522382

Time =     374.72 sec    Generated terms =     173461
             NUdD      1 Terms left      =      81470
                         Bytes used      =    3649520

Time =     375.20 sec    Generated terms =     179761
             NUdD      1 Terms left      =      84364
                         Bytes used      =    3782462

Time =     375.72 sec    Generated terms =     186036
             NUdD      1 Terms left      =      86923
                         Bytes used      =    3903780

Time =     376.20 sec    Generated terms =     192197
             NUdD      1 Terms left      =      89680
                         Bytes used      =    4029588

Time =     376.68 sec    Generated terms =     197974
             NUdD      1 Terms left      =      92305
                         Bytes used      =    4170326

Time =     377.15 sec    Generated terms =     204450
             NUdD      1 Terms left      =      94928
                         Bytes used      =    4300822

Time =     377.62 sec    Generated terms =     210855
             NUdD      1 Terms left      =      98106
                         Bytes used      =    4433746

Time =     378.07 sec    Generated terms =     217329
             NUdD      1 Terms left      =     101069
                         Bytes used      =    4546536

Time =     378.56 sec    Generated terms =     223196
             NUdD      1 Terms left      =     103580
                         Bytes used      =    4654898

Time =     379.11 sec    Generated terms =     229469
             NUdD      1 Terms left      =     106354
                         Bytes used      =    4781268

Time =     379.65 sec    Generated terms =     235098
             NUdD      1 Terms left      =     108620
                         Bytes used      =    4894632

Time =     380.11 sec    Generated terms =     241549
             NUdD      1 Terms left      =     111452
                         Bytes used      =    5052300

Time =     380.60 sec    Generated terms =     247951
             NUdD      1 Terms left      =     115330
                         Bytes used      =    5236380

Time =     381.01 sec    Generated terms =     254343
             NUdD      1 Terms left      =     119005
                         Bytes used      =    5386138

Time =     381.43 sec    Generated terms =     260563
             NUdD      1 Terms left      =     122492
                         Bytes used      =    5544266

Time =     381.90 sec    Generated terms =     266559
             NUdD      1 Terms left      =     125146
                         Bytes used      =    5669324

Time =     382.37 sec    Generated terms =     272758
             NUdD      1 Terms left      =     128250
                         Bytes used      =    5817330

Time =     382.82 sec    Generated terms =     279028
             NUdD      1 Terms left      =     131003
                         Bytes used      =    5947744

Time =     383.24 sec    Generated terms =     285328
             NUdD      1 Terms left      =     133920
                         Bytes used      =    6084118

Time =     383.65 sec    Generated terms =     290992
             NUdD      1 Terms left      =     136467
                         Bytes used      =    6238076

Time =     384.17 sec    Generated terms =     297405
             NUdD      1 Terms left      =     139510
                         Bytes used      =    6406734

Time =     384.65 sec    Generated terms =     303515
             NUdD      1 Terms left      =     142448
                         Bytes used      =    6557414

Time =     385.19 sec    Generated terms =     309445
             NUdD      1 Terms left      =     145781
                         Bytes used      =    6702360

Time =     385.72 sec    Generated terms =     315585
             NUdD      1 Terms left      =     148892
                         Bytes used      =    6819634

Time =     386.29 sec    Generated terms =     321618
             NUdD      1 Terms left      =     151980
                         Bytes used      =    6949300

Time =     386.80 sec    Generated terms =     327915
             NUdD      1 Terms left      =     155363
                         Bytes used      =    7091302

Time =     387.35 sec    Generated terms =     333849
             NUdD      1 Terms left      =     158136
                         Bytes used      =    7215770

Time =     387.88 sec    Generated terms =     340171
             NUdD      1 Terms left      =     160844
                         Bytes used      =    7318926

Time =     388.39 sec    Generated terms =     346577
             NUdD      1 Terms left      =     164284
                         Bytes used      =    7442192

Time =     388.97 sec    Generated terms =     353197
             NUdD      1 Terms left      =     167161
                         Bytes used      =    7550108

Time =     389.52 sec    Generated terms =     359261
             NUdD      1 Terms left      =     169948
                         Bytes used      =    7662606

Time =     390.07 sec    Generated terms =     365709
             NUdD      1 Terms left      =     173214
                         Bytes used      =    7800178

Time =     390.56 sec    Generated terms =     372340
             NUdD      1 Terms left      =     176943
                         Bytes used      =    7942472

Time =     391.11 sec    Generated terms =     378724
             NUdD      1 Terms left      =     179797
                         Bytes used      =    8058388

Time =     391.58 sec    Generated terms =     385447
             NUdD      1 Terms left      =     182963
                         Bytes used      =    8180058

Time =     392.05 sec    Generated terms =     392027
             NUdD      1 Terms left      =     185912
                         Bytes used      =    8291376

Time =     392.59 sec    Generated terms =     398772
             NUdD      1 Terms left      =     188883
                         Bytes used      =    8410328

Time =     393.13 sec    Generated terms =     404504
             NUdD      1 Terms left      =     191797
                         Bytes used      =    8545258

Time =     393.71 sec    Generated terms =     410840
             NUdD      1 Terms left      =     194419
                         Bytes used      =    8654890

Time =     394.21 sec    Generated terms =     417241
             NUdD      1 Terms left      =     196774
                         Bytes used      =    8758990

Time =     394.65 sec    Generated terms =     424088
             NUdD      1 Terms left      =     200153
                         Bytes used      =    8881314

Time =     395.19 sec    Generated terms =     430919
             NUdD      1 Terms left      =     203237
                         Bytes used      =    8989012

Time =     395.69 sec    Generated terms =     437076
             NUdD      1 Terms left      =     205994
                         Bytes used      =    9098300

Time =     396.25 sec    Generated terms =     443721
             NUdD      1 Terms left      =     209012
                         Bytes used      =    9222508

Time =     396.77 sec    Generated terms =     449684
             NUdD      1 Terms left      =     211687
                         Bytes used      =    9346048

Time =     397.25 sec    Generated terms =     456393
             NUdD      1 Terms left      =     215588
                         Bytes used      =    9504176

Time =     400.40 sec
             NUdD        Terms active    =      94482
                         Bytes used      =    3780030

Time =     400.91 sec    Generated terms =     463248
             NUdD      1 Terms left      =      98233
                         Bytes used      =    3920740

Time =     401.41 sec    Generated terms =     470074
             NUdD      1 Terms left      =     101776
                         Bytes used      =    4045502

Time =     401.90 sec    Generated terms =     476179
             NUdD      1 Terms left      =     105039
                         Bytes used      =    4190424

Time =     402.37 sec    Generated terms =     482682
             NUdD      1 Terms left      =     107955
                         Bytes used      =    4306776

Time =     402.88 sec    Generated terms =     489297
             NUdD      1 Terms left      =     111326
                         Bytes used      =    4449110

Time =     403.43 sec    Generated terms =     495877
             NUdD      1 Terms left      =     114862
                         Bytes used      =    4594874

Time =     404.00 sec    Generated terms =     502485
             NUdD      1 Terms left      =     118720
                         Bytes used      =    4747516

Time =     404.55 sec    Generated terms =     509107
             NUdD      1 Terms left      =     121476
                         Bytes used      =    4856304

Time =     405.06 sec    Generated terms =     516190
             NUdD      1 Terms left      =     125029
                         Bytes used      =    4981968

Time =     405.61 sec    Generated terms =     522932
             NUdD      1 Terms left      =     128686
                         Bytes used      =    5123510

Time =     406.10 sec    Generated terms =     530041
             NUdD      1 Terms left      =     132670
                         Bytes used      =    5281840

Time =     406.73 sec    Generated terms =     537045
             NUdD      1 Terms left      =     135728
                         Bytes used      =    5399580

Time =     407.34 sec    Generated terms =     544726
             NUdD      1 Terms left      =     140564
                         Bytes used      =    5581670

Time =     407.87 sec    Generated terms =     550960
             NUdD      1 Terms left      =     144078
                         Bytes used      =    5735384

Time =     408.44 sec    Generated terms =     557216
             NUdD      1 Terms left      =     147095
                         Bytes used      =    5856968

Time =     408.96 sec    Generated terms =     563979
             NUdD      1 Terms left      =     150385
                         Bytes used      =    5980222

Time =     409.53 sec    Generated terms =     570286
             NUdD      1 Terms left      =     153166
                         Bytes used      =    6092354

Time =     410.10 sec    Generated terms =     576974
             NUdD      1 Terms left      =     155676
                         Bytes used      =    6193608

Time =     410.61 sec    Generated terms =     584049
             NUdD      1 Terms left      =     159092
                         Bytes used      =    6316678

Time =     411.21 sec    Generated terms =     591094
             NUdD      1 Terms left      =     162119
                         Bytes used      =    6432904

Time =     411.76 sec    Generated terms =     597357
             NUdD      1 Terms left      =     165165
                         Bytes used      =    6569650

Time =     412.36 sec    Generated terms =     603551
             NUdD      1 Terms left      =     167054
                         Bytes used      =    6645802

Time =     412.98 sec    Generated terms =     609909
             NUdD      1 Terms left      =     169480
                         Bytes used      =    6747470

Time =     413.63 sec    Generated terms =     616546
             NUdD      1 Terms left      =     171664
                         Bytes used      =    6830924

Time =     414.27 sec    Generated terms =     623391
             NUdD      1 Terms left      =     174171
                         Bytes used      =    6931744

Time =     414.85 sec    Generated terms =     630280
             NUdD      1 Terms left      =     177306
                         Bytes used      =    7050260

Time =     415.46 sec    Generated terms =     637345
             NUdD      1 Terms left      =     180822
                         Bytes used      =    7176352

Time =     416.10 sec    Generated terms =     644458
             NUdD      1 Terms left      =     184165
                         Bytes used      =    7297716

Time =     416.71 sec    Generated terms =     651751
             NUdD      1 Terms left      =     187983
                         Bytes used      =    7442788

Time =     417.32 sec    Generated terms =     659255
             NUdD      1 Terms left      =     191726
                         Bytes used      =    7590116

Time =     417.92 sec    Generated terms =     666353
             NUdD      1 Terms left      =     195820
                         Bytes used      =    7734542

Time =     418.47 sec    Generated terms =     673903
             NUdD      1 Terms left      =     199766
                         Bytes used      =    7867638

Time =     418.99 sec    Generated terms =     681362
             NUdD      1 Terms left      =     204525
                         Bytes used      =    8046748

Time =     419.45 sec    Generated terms =     688046
             NUdD      1 Terms left      =     207898
                         Bytes used      =    8188652

Time =     419.97 sec    Generated terms =     694807
             NUdD      1 Terms left      =     211190
                         Bytes used      =    8319954

Time =     420.50 sec    Generated terms =     702129
             NUdD      1 Terms left      =     214530
                         Bytes used      =    8446052

Time =     420.97 sec    Generated terms =     709593
             NUdD      1 Terms left      =     218220
                         Bytes used      =    8586434

Time =     421.51 sec    Generated terms =     717689
             NUdD      1 Terms left      =     221988
                         Bytes used      =    8713906

Time =     422.04 sec    Generated terms =     725038
             NUdD      1 Terms left      =     224391
                         Bytes used      =    8807476

Time =     422.60 sec    Generated terms =     732946
             NUdD      1 Terms left      =     227008
                         Bytes used      =    8898948

Time =     423.02 sec    Generated terms =     739926
             NUdD      1 Terms left      =     230722
                         Bytes used      =    9058246

Time =     423.55 sec    Generated terms =     745825
             NUdD      1 Terms left      =     233409
                         Bytes used      =    9193418

Time =     424.08 sec    Generated terms =     752884
             NUdD      1 Terms left      =     236706
                         Bytes used      =    9335944

Time =     424.60 sec    Generated terms =     760257
             NUdD      1 Terms left      =     240042
                         Bytes used      =    9451562

Time =     425.12 sec    Generated terms =     767426
             NUdD      1 Terms left      =     243238
                         Bytes used      =    9575418

Time =     425.64 sec    Generated terms =     774832
             NUdD      1 Terms left      =     246783
                         Bytes used      =    9713008

Time =     426.14 sec    Generated terms =     782309
             NUdD      1 Terms left      =     250606
                         Bytes used      =    9845796

Time =     426.70 sec    Generated terms =     789792
             NUdD      1 Terms left      =     254381
                         Bytes used      =    9978644

Time =     427.25 sec    Generated terms =     797138
             NUdD      1 Terms left      =     258163
                         Bytes used      =   10145152

Time =     427.78 sec    Generated terms =     803798
             NUdD      1 Terms left      =     261395
                         Bytes used      =   10290692

Time =     428.36 sec    Generated terms =     809568
             NUdD      1 Terms left      =     264330
                         Bytes used      =   10417794

Time =     428.89 sec    Generated terms =     815268
             NUdD      1 Terms left      =     266659
                         Bytes used      =   10518106

Time =     429.39 sec    Generated terms =     821388
             NUdD      1 Terms left      =     269702
                         Bytes used      =   10645898

Time =     429.96 sec    Generated terms =     827500
             NUdD      1 Terms left      =     272381
                         Bytes used      =   10757356

Time =     430.53 sec    Generated terms =     833235
             NUdD      1 Terms left      =     275016
                         Bytes used      =   10875072

Time =     431.11 sec    Generated terms =     839286
             NUdD      1 Terms left      =     277363
                         Bytes used      =   10975080

Time =     431.64 sec    Generated terms =     845451
             NUdD      1 Terms left      =     280545
                         Bytes used      =   11107026

Time =     432.20 sec    Generated terms =     852219
             NUdD      1 Terms left      =     283658
                         Bytes used      =   11222770

Time =     432.73 sec    Generated terms =     858072
             NUdD      1 Terms left      =     286179
                         Bytes used      =   11331268

Time =     433.32 sec    Generated terms =     864392
             NUdD      1 Terms left      =     288810
                         Bytes used      =   11443866

Time =     433.88 sec    Generated terms =     870409
             NUdD      1 Terms left      =     291464
                         Bytes used      =   11566116

Time =     434.49 sec    Generated terms =     876298
             NUdD      1 Terms left      =     294104
                         Bytes used      =   11689622

Time =     435.04 sec    Generated terms =     882348
             NUdD      1 Terms left      =     296441
                         Bytes used      =   11797294

Time =     435.59 sec    Generated terms =     889332
             NUdD      1 Terms left      =     299642
                         Bytes used      =   11914310

Time =     436.10 sec    Generated terms =     895769
             NUdD      1 Terms left      =     302418
                         Bytes used      =   12029788

Time =     436.62 sec    Generated terms =     902522
             NUdD      1 Terms left      =     305125
                         Bytes used      =   12137578

Time =     437.15 sec    Generated terms =     908391
             NUdD      1 Terms left      =     307772
                         Bytes used      =   12261522

Time =     437.71 sec    Generated terms =     914696
             NUdD      1 Terms left      =     310540
                         Bytes used      =   12394274

Time =     438.25 sec    Generated terms =     920709
             NUdD      1 Terms left      =     313205
                         Bytes used      =   12537978

Time =     438.78 sec    Generated terms =     926513
             NUdD      1 Terms left      =     315492
                         Bytes used      =   12655536

Time =     439.33 sec    Generated terms =     932344
             NUdD      1 Terms left      =     317566
                         Bytes used      =   12743658

Time =     439.85 sec    Generated terms =     938207
             NUdD      1 Terms left      =     319790
                         Bytes used      =   12845862

Time =     440.41 sec    Generated terms =     943978
             NUdD      1 Terms left      =     322079
                         Bytes used      =   12957678

Time =     440.95 sec    Generated terms =     949915
             NUdD      1 Terms left      =     324022
                         Bytes used      =   13037124

Time =     441.53 sec    Generated terms =     955970
             NUdD      1 Terms left      =     326124
                         Bytes used      =   13129898

Time =     444.67 sec
             NUdD        Terms active    =     214774
                         Bytes used      =    8262874

Time =     445.23 sec    Generated terms =     962091
             NUdD      1 Terms left      =     217038
                         Bytes used      =    8365280

Time =     445.83 sec    Generated terms =     968068
             NUdD      1 Terms left      =     219573
                         Bytes used      =    8488792

Time =     446.42 sec    Generated terms =     974400
             NUdD      1 Terms left      =     221589
                         Bytes used      =    8576488

Time =     447.00 sec    Generated terms =     980851
             NUdD      1 Terms left      =     223947
                         Bytes used      =    8688290

Time =     447.55 sec    Generated terms =     987161
             NUdD      1 Terms left      =     226513
                         Bytes used      =    8803896

Time =     448.16 sec    Generated terms =     993297
             NUdD      1 Terms left      =     229458
                         Bytes used      =    8924746

Time =     448.69 sec    Generated terms =     999423
             NUdD      1 Terms left      =     232280
                         Bytes used      =    9037080

Time =     449.31 sec    Generated terms =    1005780
             NUdD      1 Terms left      =     235554
                         Bytes used      =    9164882

Time =     449.88 sec    Generated terms =    1012085
             NUdD      1 Terms left      =     238420
                         Bytes used      =    9281170

Time =     450.44 sec    Generated terms =    1018251
             NUdD      1 Terms left      =     240573
                         Bytes used      =    9366632

Time =     451.01 sec    Generated terms =    1024796
             NUdD      1 Terms left      =     244048
                         Bytes used      =    9504448

Time =     451.56 sec    Generated terms =    1031543
             NUdD      1 Terms left      =     246958
                         Bytes used      =    9616138

Time =     452.13 sec    Generated terms =    1038199
             NUdD      1 Terms left      =     249638
                         Bytes used      =    9721568

Time =     452.70 sec    Generated terms =    1044131
             NUdD      1 Terms left      =     251957
                         Bytes used      =    9825360

Time =     453.29 sec    Generated terms =    1050750
             NUdD      1 Terms left      =     254520
                         Bytes used      =    9928906

Time =     453.87 sec    Generated terms =    1057100
             NUdD      1 Terms left      =     257619
                         Bytes used      =   10062300

Time =     454.44 sec    Generated terms =    1064321
             NUdD      1 Terms left      =     261005
                         Bytes used      =   10183272

Time =     455.04 sec    Generated terms =    1070723
             NUdD      1 Terms left      =     263881
                         Bytes used      =   10306888

Time =     455.60 sec    Generated terms =    1077462
             NUdD      1 Terms left      =     266670
                         Bytes used      =   10422274

Time =     456.13 sec    Generated terms =    1084114
             NUdD      1 Terms left      =     269326
                         Bytes used      =   10536090

Time =     456.68 sec    Generated terms =    1090139
             NUdD      1 Terms left      =     272508
                         Bytes used      =   10698128

Time =     457.26 sec    Generated terms =    1096600
             NUdD      1 Terms left      =     275581
                         Bytes used      =   10823950

Time =     457.86 sec    Generated terms =    1103316
             NUdD      1 Terms left      =     279138
                         Bytes used      =   10969170

Time =     458.43 sec    Generated terms =    1110058
             NUdD      1 Terms left      =     282224
                         Bytes used      =   11100432

Time =     458.99 sec    Generated terms =    1117113
             NUdD      1 Terms left      =     285748
                         Bytes used      =   11245014

Time =     459.60 sec    Generated terms =    1124098
             NUdD      1 Terms left      =     289118
                         Bytes used      =   11393988

Time =     460.19 sec    Generated terms =    1131217
             NUdD      1 Terms left      =     292844
                         Bytes used      =   11564416

Time =     460.75 sec    Generated terms =    1138234
             NUdD      1 Terms left      =     295251
                         Bytes used      =   11671016

Time =     461.33 sec    Generated terms =    1145089
             NUdD      1 Terms left      =     297417
                         Bytes used      =   11772046

Time =     461.91 sec    Generated terms =    1151332
             NUdD      1 Terms left      =     300382
                         Bytes used      =   11895110

Time =     462.44 sec    Generated terms =    1157783
             NUdD      1 Terms left      =     303821
                         Bytes used      =   12026926

Time =     463.00 sec    Generated terms =    1164162
             NUdD      1 Terms left      =     307275
                         Bytes used      =   12169958

Time =     463.54 sec    Generated terms =    1170732
             NUdD      1 Terms left      =     310104
                         Bytes used      =   12281852

Time =     464.08 sec    Generated terms =    1177697
             NUdD      1 Terms left      =     313451
                         Bytes used      =   12396024

Time =     464.55 sec    Generated terms =    1184098
             NUdD      1 Terms left      =     316554
                         Bytes used      =   12515572

Time =     465.04 sec    Generated terms =    1190875
             NUdD      1 Terms left      =     320189
                         Bytes used      =   12654872

Time =     465.58 sec    Generated terms =    1197952
             NUdD      1 Terms left      =     323868
                         Bytes used      =   12779010

Time =     466.12 sec    Generated terms =    1204573
             NUdD      1 Terms left      =     327947
                         Bytes used      =   12942016

Time =     466.61 sec    Generated terms =    1211085
             NUdD      1 Terms left      =     331054
                         Bytes used      =   13065330

Time =     467.19 sec    Generated terms =    1217987
             NUdD      1 Terms left      =     334023
                         Bytes used      =   13175854

Time =     467.73 sec    Generated terms =    1224714
             NUdD      1 Terms left      =     337144
                         Bytes used      =   13290576

Time =     468.29 sec    Generated terms =    1231656
             NUdD      1 Terms left      =     340648
                         Bytes used      =   13416344

Time =     468.82 sec    Generated terms =    1238384
             NUdD      1 Terms left      =     343800
                         Bytes used      =   13542052

Time =     469.38 sec    Generated terms =    1244797
             NUdD      1 Terms left      =     346436
                         Bytes used      =   13651190

Time =     469.83 sec    Generated terms =    1251649
             NUdD      1 Terms left      =     350906
                         Bytes used      =   13822990

Time =     470.26 sec    Generated terms =    1258556
             NUdD      1 Terms left      =     354856
                         Bytes used      =   13989184

Time =     470.77 sec    Generated terms =    1265168
             NUdD      1 Terms left      =     358447
                         Bytes used      =   14153888

Time =     471.27 sec    Generated terms =    1271580
             NUdD      1 Terms left      =     361465
                         Bytes used      =   14295104

Time =     471.82 sec    Generated terms =    1278305
             NUdD      1 Terms left      =     365549
                         Bytes used      =   14463522

Time =     472.36 sec    Generated terms =    1285360
             NUdD      1 Terms left      =     369132
                         Bytes used      =   14606108

Time =     472.88 sec    Generated terms =    1292490
             NUdD      1 Terms left      =     373092
                         Bytes used      =   14762278

Time =     473.37 sec    Generated terms =    1299542
             NUdD      1 Terms left      =     377265
                         Bytes used      =   14947172

Time =     473.86 sec    Generated terms =    1306651
             NUdD      1 Terms left      =     380964
                         Bytes used      =   15114456

Time =     474.36 sec    Generated terms =    1313533
             NUdD      1 Terms left      =     384200
                         Bytes used      =   15261342

Time =     474.83 sec    Generated terms =    1320421
             NUdD      1 Terms left      =     387692
                         Bytes used      =   15425266

Time =     475.37 sec    Generated terms =    1327083
             NUdD      1 Terms left      =     390684
                         Bytes used      =   15590674

Time =     475.90 sec    Generated terms =    1333890
             NUdD      1 Terms left      =     393685
                         Bytes used      =   15737932

Time =     476.39 sec    Generated terms =    1340715
             NUdD      1 Terms left      =     396505
                         Bytes used      =   15848396

Time =     476.90 sec    Generated terms =    1347633
             NUdD      1 Terms left      =     399639
                         Bytes used      =   15968350

Time =     477.44 sec    Generated terms =    1354434
             NUdD      1 Terms left      =     402569
                         Bytes used      =   16088580

Time =     477.91 sec    Generated terms =    1361449
             NUdD      1 Terms left      =     405826
                         Bytes used      =   16237378

Time =     478.46 sec    Generated terms =    1369009
             NUdD      1 Terms left      =     408421
                         Bytes used      =   16362734

Time =     478.95 sec    Generated terms =    1376249
             NUdD      1 Terms left      =     411638
                         Bytes used      =   16501356

Time =     479.43 sec    Generated terms =    1383693
             NUdD      1 Terms left      =     415119
                         Bytes used      =   16627052

Time =     479.97 sec    Generated terms =    1390890
             NUdD      1 Terms left      =     418215
                         Bytes used      =   16751922

Time =     480.58 sec    Generated terms =    1398748
             NUdD      1 Terms left      =     421320
                         Bytes used      =   16873562

Time =     481.16 sec    Generated terms =    1406496
             NUdD      1 Terms left      =     424914
                         Bytes used      =   16999488

Time =     481.63 sec    Generated terms =    1414114
             NUdD      1 Terms left      =     428560
                         Bytes used      =   17133504

Time =     482.15 sec    Generated terms =    1421774
             NUdD      1 Terms left      =     431929
                         Bytes used      =   17284252

Time =     482.70 sec    Generated terms =    1428650
             NUdD      1 Terms left      =     434102
                         Bytes used      =   17382190

Time =     483.30 sec    Generated terms =    1435509
             NUdD      1 Terms left      =     436342
                         Bytes used      =   17483582

Time =     483.84 sec    Generated terms =    1442600
             NUdD      1 Terms left      =     438504
                         Bytes used      =   17568578

Time =     484.45 sec    Generated terms =    1449810
             NUdD      1 Terms left      =     440826
                         Bytes used      =   17666820

Time =     487.34 sec
             NUdD        Terms active    =     332305
                         Bytes used      =   12822906

Time =     487.95 sec    Generated terms =    1457216
             NUdD      1 Terms left      =     335566
                         Bytes used      =   12950954

Time =     488.49 sec    Generated terms =    1464411
             NUdD      1 Terms left      =     338607
                         Bytes used      =   13058974

Time =     488.90 sec    Generated terms =    1471548
             NUdD      1 Terms left      =     342063
                         Bytes used      =   13189350

Time =     489.37 sec    Generated terms =    1478574
             NUdD      1 Terms left      =     345477
                         Bytes used      =   13347586

Time =     489.85 sec    Generated terms =    1485960
             NUdD      1 Terms left      =     349124
                         Bytes used      =   13511596

Time =     490.39 sec    Generated terms =    1492321
             NUdD      1 Terms left      =     352032
                         Bytes used      =   13688130

Time =     490.93 sec    Generated terms =    1499209
             NUdD      1 Terms left      =     355417
                         Bytes used      =   13816210

Time =     491.46 sec    Generated terms =    1505920
             NUdD      1 Terms left      =     358562
                         Bytes used      =   13951298

Time =     492.00 sec    Generated terms =    1512769
             NUdD      1 Terms left      =     361717
                         Bytes used      =   14073856

Time =     492.46 sec    Generated terms =    1519424
             NUdD      1 Terms left      =     365084
                         Bytes used      =   14210324

Time =     492.98 sec    Generated terms =    1526329
             NUdD      1 Terms left      =     368427
                         Bytes used      =   14328062

Time =     493.48 sec    Generated terms =    1532916
             NUdD      1 Terms left      =     371542
                         Bytes used      =   14457762

Time =     493.98 sec    Generated terms =    1539597
             NUdD      1 Terms left      =     374525
                         Bytes used      =   14581384

Time =     494.44 sec    Generated terms =    1546341
             NUdD      1 Terms left      =     377616
                         Bytes used      =   14700394

Time =     494.98 sec    Generated terms =    1552839
             NUdD      1 Terms left      =     380620
                         Bytes used      =   14847496

Time =     495.48 sec    Generated terms =    1559604
             NUdD      1 Terms left      =     383791
                         Bytes used      =   14990506

Time =     495.99 sec    Generated terms =    1566750
             NUdD      1 Terms left      =     387004
                         Bytes used      =   15121926

Time =     496.59 sec    Generated terms =    1574002
             NUdD      1 Terms left      =     390313
                         Bytes used      =   15275392

Time =     497.16 sec    Generated terms =    1581170
             NUdD      1 Terms left      =     393365
                         Bytes used      =   15425178

Time =     497.69 sec    Generated terms =    1588091
             NUdD      1 Terms left      =     396619
                         Bytes used      =   15565528

Time =     498.22 sec    Generated terms =    1595179
             NUdD      1 Terms left      =     399829
                         Bytes used      =   15687056

Time =     498.73 sec    Generated terms =    1602101
             NUdD      1 Terms left      =     403055
                         Bytes used      =   15815716

Time =     499.31 sec    Generated terms =    1609036
             NUdD      1 Terms left      =     406212
                         Bytes used      =   15940458

Time =     499.79 sec    Generated terms =    1615841
             NUdD      1 Terms left      =     409485
                         Bytes used      =   16073612

Time =     500.28 sec    Generated terms =    1622908
             NUdD      1 Terms left      =     412761
                         Bytes used      =   16194506

Time =     500.75 sec    Generated terms =    1629648
             NUdD      1 Terms left      =     415884
                         Bytes used      =   16342560

Time =     501.27 sec    Generated terms =    1636429
             NUdD      1 Terms left      =     419129
                         Bytes used      =   16508918

Time =     501.83 sec    Generated terms =    1643288
             NUdD      1 Terms left      =     422344
                         Bytes used      =   16667876

Time =     502.32 sec    Generated terms =    1650390
             NUdD      1 Terms left      =     425436
                         Bytes used      =   16812748

Time =     502.84 sec    Generated terms =    1657338
             NUdD      1 Terms left      =     428465
                         Bytes used      =   16971214

Time =     503.29 sec    Generated terms =    1664461
             NUdD      1 Terms left      =     431617
                         Bytes used      =   17124580

Time =     503.81 sec    Generated terms =    1671478
             NUdD      1 Terms left      =     435103
                         Bytes used      =   17286596

Time =     504.35 sec    Generated terms =    1678359
             NUdD      1 Terms left      =     438435
                         Bytes used      =   17475796

Time =     504.84 sec    Generated terms =    1685222
             NUdD      1 Terms left      =     441751
                         Bytes used      =   17635834

Time =     505.29 sec    Generated terms =    1691961
             NUdD      1 Terms left      =     444744
                         Bytes used      =   17776272

Time =     505.76 sec    Generated terms =    1698230
             NUdD      1 Terms left      =     447398
                         Bytes used      =   17941812

Time =     506.30 sec    Generated terms =    1703539
             NUdD      1 Terms left      =     449805
                         Bytes used      =   18065728

Time =     506.84 sec    Generated terms =    1709048
             NUdD      1 Terms left      =     452405
                         Bytes used      =   18193242

Time =     507.36 sec    Generated terms =    1714509
             NUdD      1 Terms left      =     454988
                         Bytes used      =   18315058

Time =     507.91 sec    Generated terms =    1720087
             NUdD      1 Terms left      =     457618
                         Bytes used      =   18450632

Time =     508.43 sec    Generated terms =    1725668
             NUdD      1 Terms left      =     460038
                         Bytes used      =   18565006

Time =     508.97 sec    Generated terms =    1731402
             NUdD      1 Terms left      =     462846
                         Bytes used      =   18692910

Time =     509.45 sec    Generated terms =    1737355
             NUdD      1 Terms left      =     465498
                         Bytes used      =   18812394

Time =     509.98 sec    Generated terms =    1742928
             NUdD      1 Terms left      =     468054
                         Bytes used      =   18935020

Time =     510.49 sec    Generated terms =    1748563
             NUdD      1 Terms left      =     470572
                         Bytes used      =   19068434

Time =     511.03 sec    Generated terms =    1754207
             NUdD      1 Terms left      =     472777
                         Bytes used      =   19181020

Time =     511.54 sec    Generated terms =    1760055
             NUdD      1 Terms left      =     475698
                         Bytes used      =   19325100

Time =     512.06 sec    Generated terms =    1766385
             NUdD      1 Terms left      =     478454
                         Bytes used      =   19441046

Time =     512.58 sec    Generated terms =    1772144
             NUdD      1 Terms left      =     481084
                         Bytes used      =   19564096

Time =     513.14 sec    Generated terms =    1778145
             NUdD      1 Terms left      =     483655
                         Bytes used      =   19687588

Time =     513.68 sec    Generated terms =    1783939
             NUdD      1 Terms left      =     486065
                         Bytes used      =   19806944

Time =     514.20 sec    Generated terms =    1789384
             NUdD      1 Terms left      =     488585
                         Bytes used      =   19950348

Time =     514.72 sec    Generated terms =    1795196
             NUdD      1 Terms left      =     491160
                         Bytes used      =   20097996

Time =     515.20 sec    Generated terms =    1801292
             NUdD      1 Terms left      =     493899
                         Bytes used      =   20242974

Time =     515.71 sec    Generated terms =    1807552
             NUdD      1 Terms left      =     496908
                         Bytes used      =   20375452

Time =     516.22 sec    Generated terms =    1813889
             NUdD      1 Terms left      =     499730
                         Bytes used      =   20505092

Time =     516.75 sec    Generated terms =    1819670
             NUdD      1 Terms left      =     502155
                         Bytes used      =   20631044

Time =     517.25 sec    Generated terms =    1825651
             NUdD      1 Terms left      =     504646
                         Bytes used      =   20779316

Time =     517.75 sec    Generated terms =    1831343
             NUdD      1 Terms left      =     506905
                         Bytes used      =   20926602

Time =     518.30 sec    Generated terms =    1837121
             NUdD      1 Terms left      =     509385
                         Bytes used      =   21102340

Time =     518.84 sec    Generated terms =    1842628
             NUdD      1 Terms left      =     511228
                         Bytes used      =   21198610

Time =     519.29 sec    Generated terms =    1848216
             NUdD      1 Terms left      =     513174
                         Bytes used      =   21308792

Time =     519.84 sec    Generated terms =    1853735
             NUdD      1 Terms left      =     514992
                         Bytes used      =   21409744

Time =     520.38 sec    Generated terms =    1859222
             NUdD      1 Terms left      =     516899
                         Bytes used      =   21504928

Time =     520.93 sec    Generated terms =    1864889
             NUdD      1 Terms left      =     518816
                         Bytes used      =   21604308

Time =     521.50 sec    Generated terms =    1870668
             NUdD      1 Terms left      =     520719
                         Bytes used      =   21711726

Time =     522.06 sec    Generated terms =    1876390
             NUdD      1 Terms left      =     522549
                         Bytes used      =   21812186

Time =     522.61 sec    Generated terms =    1882181
             NUdD      1 Terms left      =     524443
                         Bytes used      =   21914478

Time =     523.13 sec    Generated terms =    1888056
             NUdD      1 Terms left      =     526282
                         Bytes used      =   22023250

Time =     523.73 sec    Generated terms =    1894109
             NUdD      1 Terms left      =     528022
                         Bytes used      =   22127156

Time =     524.26 sec    Generated terms =    1899971
             NUdD      1 Terms left      =     530339
                         Bytes used      =   22259206

Time =     526.78 sec
             NUdD        Terms active    =     442583
                         Bytes used      =   17600948

Time =     527.32 sec    Generated terms =    1905547
             NUdD      1 Terms left      =     445368
                         Bytes used      =   17735624

Time =     527.79 sec    Generated terms =    1911128
             NUdD      1 Terms left      =     447895
                         Bytes used      =   17850930

Time =     528.33 sec    Generated terms =    1917112
             NUdD      1 Terms left      =     450844
                         Bytes used      =   17982402

Time =     528.88 sec    Generated terms =    1922588
             NUdD      1 Terms left      =     453393
                         Bytes used      =   18106732

Time =     529.43 sec    Generated terms =    1928219
             NUdD      1 Terms left      =     455370
                         Bytes used      =   18193298

Time =     529.93 sec    Generated terms =    1934340
             NUdD      1 Terms left      =     458293
                         Bytes used      =   18325022

Time =     530.48 sec    Generated terms =    1940105
             NUdD      1 Terms left      =     460971
                         Bytes used      =   18452868

Time =     531.01 sec    Generated terms =    1946213
             NUdD      1 Terms left      =     463580
                         Bytes used      =   18572430

Time =     531.53 sec    Generated terms =    1952010
             NUdD      1 Terms left      =     466171
                         Bytes used      =   18706608

Time =     532.11 sec    Generated terms =    1957868
             NUdD      1 Terms left      =     468575
                         Bytes used      =   18822980

Time =     532.64 sec    Generated terms =    1963594
             NUdD      1 Terms left      =     470829
                         Bytes used      =   18933534

Time =     533.19 sec    Generated terms =    1969774
             NUdD      1 Terms left      =     473987
                         Bytes used      =   19073866

Time =     533.72 sec    Generated terms =    1976239
             NUdD      1 Terms left      =     476555
                         Bytes used      =   19180108

Time =     534.22 sec    Generated terms =    1982161
             NUdD      1 Terms left      =     479154
                         Bytes used      =   19306018

Time =     534.77 sec    Generated terms =    1988127
             NUdD      1 Terms left      =     481603
                         Bytes used      =   19433486

Time =     535.34 sec    Generated terms =    1994125
             NUdD      1 Terms left      =     484193
                         Bytes used      =   19572856

Time =     535.86 sec    Generated terms =    1999831
             NUdD      1 Terms left      =     486884
                         Bytes used      =   19720924

Time =     536.43 sec    Generated terms =    2005801
             NUdD      1 Terms left      =     489099
                         Bytes used      =   19838324

Time =     536.92 sec    Generated terms =    2012483
             NUdD      1 Terms left      =     492120
                         Bytes used      =   19962800

Time =     537.45 sec    Generated terms =    2018756
             NUdD      1 Terms left      =     495012
                         Bytes used      =   20098498

Time =     537.95 sec    Generated terms =    2025159
             NUdD      1 Terms left      =     497739
                         Bytes used      =   20229268

Time =     538.44 sec    Generated terms =    2031248
             NUdD      1 Terms left      =     500213
                         Bytes used      =   20358696

Time =     538.97 sec    Generated terms =    2037197
             NUdD      1 Terms left      =     502779
                         Bytes used      =   20523654

Time =     539.51 sec    Generated terms =    2042998
             NUdD      1 Terms left      =     505301
                         Bytes used      =   20695194

Time =     540.03 sec    Generated terms =    2048759
             NUdD      1 Terms left      =     508020
                         Bytes used      =   20825176

Time =     540.65 sec    Generated terms =    2054657
             NUdD      1 Terms left      =     510516
                         Bytes used      =   20941820

Time =     541.22 sec    Generated terms =    2060896
             NUdD      1 Terms left      =     513436
                         Bytes used      =   21075006

Time =     541.80 sec    Generated terms =    2066838
             NUdD      1 Terms left      =     516241
                         Bytes used      =   21216142

Time =     542.29 sec    Generated terms =    2072927
             NUdD      1 Terms left      =     518686
                         Bytes used      =   21332720

Time =     542.82 sec    Generated terms =    2079192
             NUdD      1 Terms left      =     521830
                         Bytes used      =   21482670

Time =     543.40 sec    Generated terms =    2085721
             NUdD      1 Terms left      =     524511
                         Bytes used      =   21610902

Time =     543.95 sec    Generated terms =    2091894
             NUdD      1 Terms left      =     527158
                         Bytes used      =   21747384

Time =     544.51 sec    Generated terms =    2098042
             NUdD      1 Terms left      =     529654
                         Bytes used      =   21878874

Time =     545.05 sec    Generated terms =    2104417
             NUdD      1 Terms left      =     532625
                         Bytes used      =   22031264

Time =     545.60 sec    Generated terms =    2111086
             NUdD      1 Terms left      =     535759
                         Bytes used      =   22176266

Time =     546.19 sec    Generated terms =    2117505
             NUdD      1 Terms left      =     538354
                         Bytes used      =   22323052

Time =     546.75 sec    Generated terms =    2123653
             NUdD      1 Terms left      =     541002
                         Bytes used      =   22496608

Time =     547.31 sec    Generated terms =    2129864
             NUdD      1 Terms left      =     543563
                         Bytes used      =   22623764

Time =     547.94 sec    Generated terms =    2136380
             NUdD      1 Terms left      =     546806
                         Bytes used      =   22791388

Time =     548.48 sec    Generated terms =    2143158
             NUdD      1 Terms left      =     549860
                         Bytes used      =   22957052

Time =     548.97 sec    Generated terms =    2149830
             NUdD      1 Terms left      =     552504
                         Bytes used      =   23122032

Time =     549.53 sec    Generated terms =    2156328
             NUdD      1 Terms left      =     554463
                         Bytes used      =   23230198

Time =     550.12 sec    Generated terms =    2162707
             NUdD      1 Terms left      =     556594
                         Bytes used      =   23354184

Time =     550.65 sec    Generated terms =    2169002
             NUdD      1 Terms left      =     558527
                         Bytes used      =   23462380

Time =     551.19 sec    Generated terms =    2174896
             NUdD      1 Terms left      =     561181
                         Bytes used      =   23609832

Time =     551.79 sec    Generated terms =    2180673
             NUdD      1 Terms left      =     564048
                         Bytes used      =   23738858

Time =     552.34 sec    Generated terms =    2186508
             NUdD      1 Terms left      =     566878
                         Bytes used      =   23856856

Time =     552.83 sec    Generated terms =    2192590
             NUdD      1 Terms left      =     569968
                         Bytes used      =   23995240

Time =     553.37 sec    Generated terms =    2198330
             NUdD      1 Terms left      =     572668
                         Bytes used      =   24130296

Time =     553.88 sec    Generated terms =    2204329
             NUdD      1 Terms left      =     575121
                         Bytes used      =   24234216

Time =     554.42 sec    Generated terms =    2210385
             NUdD      1 Terms left      =     578248
                         Bytes used      =   24359454

Time =     554.95 sec    Generated terms =    2216749
             NUdD      1 Terms left      =     580892
                         Bytes used      =   24462122

Time =     555.47 sec    Generated terms =    2222730
             NUdD      1 Terms left      =     583564
                         Bytes used      =   24573332

Time =     556.01 sec    Generated terms =    2228781
             NUdD      1 Terms left      =     586658
                         Bytes used      =   24710454

Time =     556.46 sec    Generated terms =    2234802
             NUdD      1 Terms left      =     589608
                         Bytes used      =   24848996

Time =     556.96 sec    Generated terms =    2241432
             NUdD      1 Terms left      =     592883
                         Bytes used      =   24974886

Time =     557.45 sec    Generated terms =    2247809
             NUdD      1 Terms left      =     595737
                         Bytes used      =   25086054

Time =     557.99 sec    Generated terms =    2254522
             NUdD      1 Terms left      =     598956
                         Bytes used      =   25204900

Time =     558.48 sec    Generated terms =    2260214
             NUdD      1 Terms left      =     601890
                         Bytes used      =   25355732

Time =     559.03 sec    Generated terms =    2266374
             NUdD      1 Terms left      =     604748
                         Bytes used      =   25481166

Time =     559.56 sec    Generated terms =    2272446
             NUdD      1 Terms left      =     606966
                         Bytes used      =   25573860

Time =     560.08 sec    Generated terms =    2278814
             NUdD      1 Terms left      =     610150
                         Bytes used      =   25702316

Time =     560.55 sec    Generated terms =    2285087
             NUdD      1 Terms left      =     613232
                         Bytes used      =   25823156

Time =     561.13 sec    Generated terms =    2291353
             NUdD      1 Terms left      =     615651
                         Bytes used      =   25923150

Time =     561.62 sec    Generated terms =    2297698
             NUdD      1 Terms left      =     618358
                         Bytes used      =   26032958

Time =     562.17 sec    Generated terms =    2303605
             NUdD      1 Terms left      =     620945
                         Bytes used      =   26148560

Time =     562.69 sec    Generated terms =    2309652
             NUdD      1 Terms left      =     623916
                         Bytes used      =   26296278

Time =     563.14 sec    Generated terms =    2316256
             NUdD      1 Terms left      =     627649
                         Bytes used      =   26437272

Time =     563.62 sec    Generated terms =    2322585
             NUdD      1 Terms left      =     631386
                         Bytes used      =   26603982

Time =     564.11 sec    Generated terms =    2328758
             NUdD      1 Terms left      =     634114
                         Bytes used      =   26730550

Time =     564.56 sec    Generated terms =    2335186
             NUdD      1 Terms left      =     637404
                         Bytes used      =   26872872

Time =     565.12 sec    Generated terms =    2341880
             NUdD      1 Terms left      =     640385
                         Bytes used      =   26992344

Time =     568.00 sec
             NUdD        Terms active    =     535589
                         Bytes used      =   21505338

Time =     568.50 sec    Generated terms =    2347992
             NUdD      1 Terms left      =     538041
                         Bytes used      =   21612438

Time =     568.99 sec    Generated terms =    2354523
             NUdD      1 Terms left      =     541211
                         Bytes used      =   21744426

Time =     569.48 sec    Generated terms =    2360360
             NUdD      1 Terms left      =     543752
                         Bytes used      =   21877776

Time =     570.00 sec    Generated terms =    2366202
             NUdD      1 Terms left      =     546302
                         Bytes used      =   22009692

Time =     570.54 sec    Generated terms =    2372606
             NUdD      1 Terms left      =     549174
                         Bytes used      =   22142366

Time =     571.06 sec    Generated terms =    2378933
             NUdD      1 Terms left      =     552173
                         Bytes used      =   22269218

Time =     571.57 sec    Generated terms =    2385433
             NUdD      1 Terms left      =     555405
                         Bytes used      =   22394198

Time =     572.01 sec    Generated terms =    2392006
             NUdD      1 Terms left      =     558317
                         Bytes used      =   22506810

Time =     572.49 sec    Generated terms =    2397876
             NUdD      1 Terms left      =     560811
                         Bytes used      =   22624060

Time =     573.01 sec    Generated terms =    2404239
             NUdD      1 Terms left      =     563513
                         Bytes used      =   22760470

Time =     573.51 sec    Generated terms =    2409970
             NUdD      1 Terms left      =     565812
                         Bytes used      =   22885172

Time =     573.93 sec    Generated terms =    2416584
             NUdD      1 Terms left      =     570054
                         Bytes used      =   23077176

Time =     574.33 sec    Generated terms =    2423168
             NUdD      1 Terms left      =     573802
                         Bytes used      =   23237114

Time =     574.87 sec    Generated terms =    2429640
             NUdD      1 Terms left      =     577162
                         Bytes used      =   23378014

Time =     575.35 sec    Generated terms =    2435529
             NUdD      1 Terms left      =     580194
                         Bytes used      =   23537862

Time =     575.86 sec    Generated terms =    2441864
             NUdD      1 Terms left      =     583397
                         Bytes used      =   23707048

Time =     576.29 sec    Generated terms =    2448314
             NUdD      1 Terms left      =     586060
                         Bytes used      =   23848412

Time =     576.86 sec    Generated terms =    2454551
             NUdD      1 Terms left      =     588960
                         Bytes used      =   24003334

Time =     577.34 sec    Generated terms =    2460397
             NUdD      1 Terms left      =     591610
                         Bytes used      =   24176486

Time =     577.89 sec    Generated terms =    2466438
             NUdD      1 Terms left      =     594833
                         Bytes used      =   24364118

Time =     578.39 sec    Generated terms =    2472680
             NUdD      1 Terms left      =     598055
                         Bytes used      =   24495798

Time =     578.93 sec    Generated terms =    2478837
             NUdD      1 Terms left      =     601346
                         Bytes used      =   24638502

Time =     579.44 sec    Generated terms =    2484987
             NUdD      1 Terms left      =     604455
                         Bytes used      =   24793288

Time =     580.02 sec    Generated terms =    2491353
             NUdD      1 Terms left      =     607003
                         Bytes used      =   24898382

Time =     580.55 sec    Generated terms =    2498026
             NUdD      1 Terms left      =     610134
                         Bytes used      =   25019552

Time =     581.12 sec    Generated terms =    2504189
             NUdD      1 Terms left      =     612965
                         Bytes used      =   25143516

Time =     581.61 sec    Generated terms =    2510811
             NUdD      1 Terms left      =     616811
                         Bytes used      =   25313306

Time =     582.14 sec    Generated terms =    2517625
             NUdD      1 Terms left      =     620230
                         Bytes used      =   25447430

Time =     582.69 sec    Generated terms =    2523796
             NUdD      1 Terms left      =     623692
                         Bytes used      =   25621224

Time =     583.24 sec    Generated terms =    2530286
             NUdD      1 Terms left      =     626718
                         Bytes used      =   25760404

Time =     583.75 sec    Generated terms =    2536857
             NUdD      1 Terms left      =     629744
                         Bytes used      =   25889772

Time =     584.28 sec    Generated terms =    2543437
             NUdD      1 Terms left      =     633017
                         Bytes used      =   26035414

Time =     584.80 sec    Generated terms =    2549706
             NUdD      1 Terms left      =     635848
                         Bytes used      =   26181162

Time =     585.27 sec    Generated terms =    2556287
             NUdD      1 Terms left      =     640032
                         Bytes used      =   26385930

Time =     585.80 sec    Generated terms =    2562848
             NUdD      1 Terms left      =     643612
                         Bytes used      =   26580140

Time =     586.29 sec    Generated terms =    2569056
             NUdD      1 Terms left      =     646752
                         Bytes used      =   26781156

Time =     586.80 sec    Generated terms =    2575519
             NUdD      1 Terms left      =     650267
                         Bytes used      =   26951464

Time =     587.26 sec    Generated terms =    2582412
             NUdD      1 Terms left      =     653796
                         Bytes used      =   27133662

Time =     587.71 sec    Generated terms =    2589132
             NUdD      1 Terms left      =     657355
                         Bytes used      =   27347976

Time =     588.25 sec    Generated terms =    2595847
             NUdD      1 Terms left      =     660514
                         Bytes used      =   27491942

Time =     588.75 sec    Generated terms =    2602486
             NUdD      1 Terms left      =     663985
                         Bytes used      =   27659538

Time =     589.23 sec    Generated terms =    2609040
             NUdD      1 Terms left      =     667048
                         Bytes used      =   27827126

Time =     589.72 sec    Generated terms =    2615341
             NUdD      1 Terms left      =     669907
                         Bytes used      =   28011808

Time =     590.23 sec    Generated terms =    2621667
             NUdD      1 Terms left      =     672662
                         Bytes used      =   28157908

Time =     590.70 sec    Generated terms =    2628090
             NUdD      1 Terms left      =     675716
                         Bytes used      =   28314370

Time =     591.21 sec    Generated terms =    2634382
             NUdD      1 Terms left      =     678414
                         Bytes used      =   28462184

Time =     591.69 sec    Generated terms =    2640932
             NUdD      1 Terms left      =     681307
                         Bytes used      =   28623380

Time =     592.13 sec    Generated terms =    2647286
             NUdD      1 Terms left      =     683841
                         Bytes used      =   28799912

Time =     592.15 sec    Generated terms =    2647573
             NUdD      1 Terms left      =     684001
                         Bytes used      =   28818540

Time =     594.05 sec
             NUdD        Terms active    =     607086
                         Bytes used      =   24681186

Time =     598.90 sec    Generated terms =    2647573
             NUdD        Terms in output =     275127
                         Bytes used      =   10522056

   NUdD =
       + [1/Hess]*[1/x]^2 * (  9369 terms )

       + [1/Hess]^2*[1/x]^2*[1/y]^2 * (  139144 terms )

       + [1/Hess]^2*[1/x]^2*[1/z]^2 * (  126614 terms );

    
    ****  again simplify numerators/denominators
    skip;
    nskip NUdD;
    repeat;
    id la(j)*[1/z]*[1/y]=la(k)*[1/z]*[1/y]+[1/z];
    id la(i)*[1/z]*[1/y]=la(k)*[1/z]*[1/y]-[1/y];
    
    id la(k)*[1/x]*[1/y]=la(j)*[1/x]*[1/y]-[1/x];
    id la(i)*[1/x]*[1/y]=la(j)*[1/x]*[1/y]+[1/y];
    
    id la(j)*[1/z]*[1/x]=la(i)*[1/z]*[1/x]-[1/z];
    id la(k)*[1/z]*[1/x]=la(i)*[1/z]*[1/x]+[1/x];
    id f(2*b)*[1/f(2*b)]=1;
    endrepeat;
    Brackets [1/x],[1/y],[1/z],[1/Hess],[Hess];
    print[] NUdD;
    .sort

Time =     600.01 sec    Generated terms =       9654
             NUdD   9451 Terms left      =       9407
                         Bytes used      =     424452

Time =     600.40 sec    Generated terms =      15672
             NUdD  10646 Terms left      =      10218
                         Bytes used      =     475498

Time =     600.81 sec    Generated terms =      21856
             NUdD  11617 Terms left      =      11075
                         Bytes used      =     524348

Time =     601.21 sec    Generated terms =      28111
             NUdD  12612 Terms left      =      11840
                         Bytes used      =     570056

Time =     601.61 sec    Generated terms =      34295
             NUdD  13426 Terms left      =      12706
                         Bytes used      =     622932

Time =     602.05 sec    Generated terms =      40483
             NUdD  14188 Terms left      =      13494
                         Bytes used      =     673402

Time =     602.46 sec    Generated terms =      46806
             NUdD  15046 Terms left      =      14348
                         Bytes used      =     734538

Time =     602.87 sec    Generated terms =      53200
             NUdD  16427 Terms left      =      15242
                         Bytes used      =     783828

Time =     603.28 sec    Generated terms =      59716
             NUdD  17631 Terms left      =      16078
                         Bytes used      =     829870

Time =     603.69 sec    Generated terms =      66369
             NUdD  18695 Terms left      =      16931
                         Bytes used      =     875534

Time =     604.12 sec    Generated terms =      72797
             NUdD  19660 Terms left      =      17672
                         Bytes used      =     921716

Time =     604.56 sec    Generated terms =      79295
             NUdD  20604 Terms left      =      18527
                         Bytes used      =     971590

Time =     605.01 sec    Generated terms =      85814
             NUdD  21428 Terms left      =      19411
                         Bytes used      =    1023890

Time =     605.43 sec    Generated terms =      92553
             NUdD  22839 Terms left      =      20344
                         Bytes used      =    1077142

Time =     605.85 sec    Generated terms =      99486
             NUdD  24170 Terms left      =      21302
                         Bytes used      =    1124960

Time =     606.28 sec    Generated terms =     106767
             NUdD  25665 Terms left      =      22359
                         Bytes used      =    1188374

Time =     606.71 sec    Generated terms =     114440
             NUdD  27404 Terms left      =      23493
                         Bytes used      =    1243552

Time =     607.17 sec    Generated terms =     122095
             NUdD  29077 Terms left      =      24549
                         Bytes used      =    1292858

Time =     607.65 sec    Generated terms =     130454
             NUdD  30831 Terms left      =      25689
                         Bytes used      =    1349368

Time =     608.10 sec    Generated terms =     137961
             NUdD  32220 Terms left      =      26714
                         Bytes used      =    1400984

Time =     608.57 sec    Generated terms =     146510
             NUdD  33844 Terms left      =      27921
                         Bytes used      =    1455156

Time =     609.02 sec    Generated terms =     154590
             NUdD  35314 Terms left      =      28994
                         Bytes used      =    1500392

Time =     609.49 sec    Generated terms =     162555
             NUdD  36584 Terms left      =      30078
                         Bytes used      =    1554146

Time =     609.92 sec    Generated terms =     169150
             NUdD  37968 Terms left      =      30947
                         Bytes used      =    1596344

Time =     610.36 sec    Generated terms =     175936
             NUdD  39173 Terms left      =      31852
                         Bytes used      =    1643798

Time =     610.78 sec    Generated terms =     182410
             NUdD  40544 Terms left      =      32695
                         Bytes used      =    1689122

Time =     611.29 sec    Generated terms =     189446
             NUdD  41647 Terms left      =      33685
                         Bytes used      =    1739036

Time =     611.75 sec    Generated terms =     196496
             NUdD  42992 Terms left      =      34623
                         Bytes used      =    1780680

Time =     612.24 sec    Generated terms =     203731
             NUdD  44087 Terms left      =      35575
                         Bytes used      =    1825386

Time =     612.74 sec    Generated terms =     211015
             NUdD  45092 Terms left      =      36542
                         Bytes used      =    1871046

Time =     613.28 sec    Generated terms =     218816
             NUdD  46159 Terms left      =      37578
                         Bytes used      =    1925276

Time =     613.75 sec    Generated terms =     226090
             NUdD  47486 Terms left      =      38546
                         Bytes used      =    1970592

Time =     614.24 sec    Generated terms =     233332
             NUdD  48456 Terms left      =      39506
                         Bytes used      =    2018876

Time =     614.78 sec    Generated terms =     241094
             NUdD  49469 Terms left      =      40531
                         Bytes used      =    2073662

Time =     615.20 sec    Generated terms =     248609
             NUdD  51038 Terms left      =      41459
                         Bytes used      =    2132312

Time =     615.64 sec    Generated terms =     257285
             NUdD  52826 Terms left      =      42590
                         Bytes used      =    2182908

Time =     616.11 sec    Generated terms =     265322
             NUdD  54294 Terms left      =      43576
                         Bytes used      =    2233486

Time =     616.54 sec    Generated terms =     272589
             NUdD  55600 Terms left      =      44540
                         Bytes used      =    2286004

Time =     616.96 sec    Generated terms =     279894
             NUdD  56966 Terms left      =      45506
                         Bytes used      =    2335310

Time =     617.39 sec    Generated terms =     286970
             NUdD  58090 Terms left      =      46422
                         Bytes used      =    2386798

Time =     617.83 sec    Generated terms =     294796
             NUdD  59548 Terms left      =      47494
                         Bytes used      =    2442804

Time =     618.29 sec    Generated terms =     302699
             NUdD  60755 Terms left      =      48528
                         Bytes used      =    2491998

Time =     618.80 sec    Generated terms =     310760
             NUdD  61737 Terms left      =      49670
                         Bytes used      =    2552964

Time =     619.21 sec    Generated terms =     318636
             NUdD  63060 Terms left      =      50729
                         Bytes used      =    2611328

Time =     619.65 sec    Generated terms =     326477
             NUdD  64400 Terms left      =      51817
                         Bytes used      =    2663934

Time =     620.06 sec    Generated terms =     334013
             NUdD  65589 Terms left      =      52751
                         Bytes used      =    2710316

Time =     620.52 sec    Generated terms =     341394
             NUdD  66527 Terms left      =      53691
                         Bytes used      =    2758464

Time =     620.99 sec    Generated terms =     349017
             NUdD  67593 Terms left      =      54687
                         Bytes used      =    2806486

Time =     621.46 sec    Generated terms =     356670
             NUdD  68448 Terms left      =      55683
                         Bytes used      =    2856444

Time =     621.96 sec    Generated terms =     364606
             NUdD  69302 Terms left      =      56804
                         Bytes used      =    2916586

Time =     622.43 sec    Generated terms =     372166
             NUdD  70211 Terms left      =      57848
                         Bytes used      =    2978460

Time =     622.82 sec    Generated terms =     378592
             NUdD  71458 Terms left      =      58731
                         Bytes used      =    3034580

Time =     623.20 sec    Generated terms =     384852
             NUdD  72631 Terms left      =      59547
                         Bytes used      =    3078190

Time =     623.63 sec    Generated terms =     391133
             NUdD  73664 Terms left      =      60319
                         Bytes used      =    3122918

Time =     624.07 sec    Generated terms =     397661
             NUdD  74667 Terms left      =      61163
                         Bytes used      =    3173300

Time =     624.49 sec    Generated terms =     403501
             NUdD  75786 Terms left      =      61917
                         Bytes used      =    3230428

Time =     624.96 sec    Generated terms =     409646
             NUdD  76746 Terms left      =      62752
                         Bytes used      =    3277970

Time =     625.44 sec    Generated terms =     416015
             NUdD  77587 Terms left      =      63652
                         Bytes used      =    3329036

Time =     625.97 sec    Generated terms =     422680
             NUdD  78472 Terms left      =      64663
                         Bytes used      =    3392392

Time =     626.40 sec    Generated terms =     428981
             NUdD  79637 Terms left      =      65468
                         Bytes used      =    3431334

Time =     626.85 sec    Generated terms =     435444
             NUdD  80627 Terms left      =      66306
                         Bytes used      =    3471990

Time =     627.31 sec    Generated terms =     442152
             NUdD  81557 Terms left      =      67157
                         Bytes used      =    3513110

Time =     627.77 sec    Generated terms =     448751
             NUdD  82447 Terms left      =      67991
                         Bytes used      =    3559418

Time =     628.26 sec    Generated terms =     455328
             NUdD  83211 Terms left      =      68875
                         Bytes used      =    3611584

Time =     628.73 sec    Generated terms =     461676
             NUdD  84087 Terms left      =      69717
                         Bytes used      =    3656466

Time =     629.22 sec    Generated terms =     468533
             NUdD  84973 Terms left      =      70619
                         Bytes used      =    3700860

Time =     629.73 sec    Generated terms =     475508
             NUdD  85793 Terms left      =      71550
                         Bytes used      =    3752172

Time =     630.26 sec    Generated terms =     482369
             NUdD  86497 Terms left      =      72499
                         Bytes used      =    3808674

Time =     630.82 sec    Generated terms =     489736
             NUdD  87224 Terms left      =      73550
                         Bytes used      =    3870096

Time =     631.33 sec    Generated terms =     497073
             NUdD  88048 Terms left      =      74538
                         Bytes used      =    3932168

Time =     631.74 sec    Generated terms =     503717
             NUdD  89393 Terms left      =      75461
                         Bytes used      =    3978372

Time =     632.17 sec    Generated terms =     510496
             NUdD  90533 Terms left      =      76355
                         Bytes used      =    4020086

Time =     632.62 sec    Generated terms =     517368
             NUdD  91562 Terms left      =      77193
                         Bytes used      =    4060056

Time =     633.09 sec    Generated terms =     524079
             NUdD  92433 Terms left      =      78037
                         Bytes used      =    4102374

Time =     633.57 sec    Generated terms =     530826
             NUdD  93295 Terms left      =      78883
                         Bytes used      =    4148026

Time =     634.03 sec    Generated terms =     537500
             NUdD  94099 Terms left      =      79731
                         Bytes used      =    4193340

Time =     634.53 sec    Generated terms =     544280
             NUdD  94826 Terms left      =      80634
                         Bytes used      =    4248342

Time =     634.99 sec    Generated terms =     550857
             NUdD  95588 Terms left      =      81492
                         Bytes used      =    4297150

Time =     635.50 sec    Generated terms =     557996
             NUdD  96513 Terms left      =      82413
                         Bytes used      =    4340162

Time =     635.99 sec    Generated terms =     565065
             NUdD  97297 Terms left      =      83291
                         Bytes used      =    4388576

Time =     636.50 sec    Generated terms =     572016
             NUdD  97939 Terms left      =      84267
                         Bytes used      =    4447872

Time =     637.04 sec    Generated terms =     579512
             NUdD  98692 Terms left      =      85262
                         Bytes used      =    4508020

Time =     637.52 sec    Generated terms =     586486
             NUdD  99470 Terms left      =      86222
                         Bytes used      =    4577994

Time =     637.91 sec    Generated terms =     593841
             NUdD 100989 Terms left      =      87105
                         Bytes used      =    4635302

Time =     638.33 sec    Generated terms =     601801
             NUdD 102588 Terms left      =      88139
                         Bytes used      =    4684676

Time =     638.78 sec    Generated terms =     609416
             NUdD 103858 Terms left      =      89106
                         Bytes used      =    4737090

Time =     639.25 sec    Generated terms =     616880
             NUdD 105036 Terms left      =      89924
                         Bytes used      =    4786922

Time =     639.63 sec    Generated terms =     623777
             NUdD 106340 Terms left      =      90888
                         Bytes used      =    4836586

Time =     640.02 sec    Generated terms =     630556
             NUdD 107437 Terms left      =      91745
                         Bytes used      =    4884748

Time =     640.41 sec    Generated terms =     637315
             NUdD 108332 Terms left      =      92613
                         Bytes used      =    4932962

Time =     640.82 sec    Generated terms =     644388
             NUdD 109572 Terms left      =      93567
                         Bytes used      =    4983078

Time =     641.23 sec    Generated terms =     651684
             NUdD 110689 Terms left      =      94506
                         Bytes used      =    5036546

Time =     641.67 sec    Generated terms =     659043
             NUdD 111602 Terms left      =      95531
                         Bytes used      =    5095394

Time =     642.12 sec    Generated terms =     666353
             NUdD 112656 Terms left      =      96542
                         Bytes used      =    5158218

Time =     642.51 sec    Generated terms =     673523
             NUdD 113867 Terms left      =      97536
                         Bytes used      =    5209624

Time =     642.94 sec    Generated terms =     680581
             NUdD 114904 Terms left      =      98425
                         Bytes used      =    5255608

Time =     643.34 sec    Generated terms =     687584
             NUdD 115824 Terms left      =      99342
                         Bytes used      =    5302676

Time =     643.79 sec    Generated terms =     694551
             NUdD 116621 Terms left      =     100264
                         Bytes used      =    5350260

Time =     644.22 sec    Generated terms =     701868
             NUdD 117465 Terms left      =     101274
                         Bytes used      =    5400118

Time =     644.68 sec    Generated terms =     709177
             NUdD 118284 Terms left      =     102298
                         Bytes used      =    5459204

Time =     645.13 sec    Generated terms =     716226
             NUdD 119086 Terms left      =     103296
                         Bytes used      =    5522006

Time =     645.54 sec    Generated terms =     722242
             NUdD 120083 Terms left      =     104145
                         Bytes used      =    5582334

Time =     645.94 sec    Generated terms =     728104
             NUdD 121038 Terms left      =     104927
                         Bytes used      =    5630334

Time =     646.35 sec    Generated terms =     734210
             NUdD 121953 Terms left      =     105727
                         Bytes used      =    5678116

Time =     646.79 sec    Generated terms =     740371
             NUdD 122757 Terms left      =     106484
                         Bytes used      =    5733564

Time =     647.20 sec    Generated terms =     746010
             NUdD 123721 Terms left      =     107263
                         Bytes used      =    5792052

Time =     647.66 sec    Generated terms =     751869
             NUdD 124453 Terms left      =     108136
                         Bytes used      =    5848492

Time =     648.14 sec    Generated terms =     757918
             NUdD 125113 Terms left      =     109043
                         Bytes used      =    5907992

Time =     648.58 sec    Generated terms =     763978
             NUdD 125948 Terms left      =     109994
                         Bytes used      =    5973362

Time =     649.01 sec    Generated terms =     769908
             NUdD 126872 Terms left      =     110745
                         Bytes used      =    6018314

Time =     649.45 sec    Generated terms =     776069
             NUdD 127716 Terms left      =     111511
                         Bytes used      =    6061516

Time =     649.91 sec    Generated terms =     782119
             NUdD 128475 Terms left      =     112312
                         Bytes used      =    6112070

Time =     650.37 sec    Generated terms =     788326
             NUdD 129193 Terms left      =     113134
                         Bytes used      =    6160574

Time =     650.84 sec    Generated terms =     794793
             NUdD 129885 Terms left      =     113993
                         Bytes used      =    6213130

Time =     651.30 sec    Generated terms =     800770
             NUdD 130701 Terms left      =     114801
                         Bytes used      =    6260912

Time =     651.74 sec    Generated terms =     807040
             NUdD 131485 Terms left      =     115618
                         Bytes used      =    6307810

Time =     652.18 sec    Generated terms =     813362
             NUdD 132200 Terms left      =     116455
                         Bytes used      =    6357834

Time =     652.67 sec    Generated terms =     819873
             NUdD 132861 Terms left      =     117398
                         Bytes used      =    6415904

Time =     653.16 sec    Generated terms =     826389
             NUdD 133519 Terms left      =     118339
                         Bytes used      =    6474946

Time =     653.69 sec    Generated terms =     832941
             NUdD 134137 Terms left      =     119296
                         Bytes used      =    6537048

Time =     654.20 sec    Generated terms =     839816
             NUdD 134778 Terms left      =     120277
                         Bytes used      =    6604018

Time =     654.63 sec    Generated terms =     846133
             NUdD 135830 Terms left      =     121115
                         Bytes used      =    6660590

Time =     655.06 sec    Generated terms =     852429
             NUdD 136878 Terms left      =     121942
                         Bytes used      =    6704892

Time =     655.49 sec    Generated terms =     858895
             NUdD 137868 Terms left      =     122726
                         Bytes used      =    6749210

Time =     655.94 sec    Generated terms =     865239
             NUdD 138706 Terms left      =     123551
                         Bytes used      =    6795326

Time =     656.38 sec    Generated terms =     871696
             NUdD 139517 Terms left      =     124348
                         Bytes used      =    6838260

Time =     656.82 sec    Generated terms =     878094
             NUdD 140293 Terms left      =     125143
                         Bytes used      =    6883336

Time =     657.29 sec    Generated terms =     884448
             NUdD 140986 Terms left      =     125992
                         Bytes used      =    6932622

Time =     657.76 sec    Generated terms =     890855
             NUdD 141648 Terms left      =     126839
                         Bytes used      =    6981314

Time =     658.78 sec
             NUdD        Terms active    =     125994
                         Bytes used      =    6626526

Time =     659.25 sec    Generated terms =     897334
             NUdD 142344 Terms left      =     126839
                         Bytes used      =    6678488

Time =     659.72 sec    Generated terms =     903747
             NUdD 143193 Terms left      =     127650
                         Bytes used      =    6721934

Time =     660.18 sec    Generated terms =     910317
             NUdD 144014 Terms left      =     128490
                         Bytes used      =    6764340

Time =     660.65 sec    Generated terms =     916929
             NUdD 144748 Terms left      =     129350
                         Bytes used      =    6811450

Time =     661.16 sec    Generated terms =     923568
             NUdD 145440 Terms left      =     130214
                         Bytes used      =    6859688

Time =     661.64 sec    Generated terms =     930210
             NUdD 146063 Terms left      =     131156
                         Bytes used      =    6914902

Time =     662.12 sec    Generated terms =     936925
             NUdD 146718 Terms left      =     132030
                         Bytes used      =    6969584

Time =     662.63 sec    Generated terms =     943809
             NUdD 147309 Terms left      =     133020
                         Bytes used      =    7035116

Time =     663.13 sec    Generated terms =     950651
             NUdD 147988 Terms left      =     133992
                         Bytes used      =    7100394

Time =     663.56 sec    Generated terms =     956996
             NUdD 148891 Terms left      =     134906
                         Bytes used      =    7172836

Time =     663.93 sec    Generated terms =     962988
             NUdD 150165 Terms left      =     135807
                         Bytes used      =    7231592

Time =     664.32 sec    Generated terms =     969205
             NUdD 151410 Terms left      =     136778
                         Bytes used      =    7291026

Time =     664.73 sec    Generated terms =     975379
             NUdD 152499 Terms left      =     137823
                         Bytes used      =    7349824

Time =     665.12 sec    Generated terms =     981551
             NUdD 153574 Terms left      =     138864
                         Bytes used      =    7414788

Time =     665.51 sec    Generated terms =     987717
             NUdD 154907 Terms left      =     139827
                         Bytes used      =    7477456

Time =     665.91 sec    Generated terms =     994254
             NUdD 156347 Terms left      =     140787
                         Bytes used      =    7533362

Time =     666.32 sec    Generated terms =    1000715
             NUdD 157578 Terms left      =     141752
                         Bytes used      =    7585682

Time =     666.72 sec    Generated terms =    1007184
             NUdD 158869 Terms left      =     142768
                         Bytes used      =    7646976

Time =     667.15 sec    Generated terms =    1013638
             NUdD 159980 Terms left      =     143870
                         Bytes used      =    7713628

Time =     667.53 sec    Generated terms =    1020391
             NUdD 161555 Terms left      =     144914
                         Bytes used      =    7774726

Time =     667.96 sec    Generated terms =    1027236
             NUdD 162971 Terms left      =     146007
                         Bytes used      =    7834630

Time =     668.37 sec    Generated terms =    1034934
             NUdD 164959 Terms left      =     147288
                         Bytes used      =    7911674

Time =     668.78 sec    Generated terms =    1042235
             NUdD 166798 Terms left      =     148483
                         Bytes used      =    7975734

Time =     669.23 sec    Generated terms =    1050485
             NUdD 168673 Terms left      =     149890
                         Bytes used      =    8045812

Time =     669.65 sec    Generated terms =    1058229
             NUdD 170493 Terms left      =     151232
                         Bytes used      =    8114496

Time =     670.09 sec    Generated terms =    1066556
             NUdD 172449 Terms left      =     152616
                         Bytes used      =    8179684

Time =     670.53 sec    Generated terms =    1074187
             NUdD 174033 Terms left      =     153884
                         Bytes used      =    8243968

Time =     670.92 sec    Generated terms =    1080803
             NUdD 175621 Terms left      =     155013
                         Bytes used      =    8304098

Time =     671.34 sec    Generated terms =    1087326
             NUdD 177164 Terms left      =     156112
                         Bytes used      =    8369892

Time =     671.78 sec    Generated terms =    1094214
             NUdD 178477 Terms left      =     157232
                         Bytes used      =    8428352

Time =     672.22 sec    Generated terms =    1101182
             NUdD 179944 Terms left      =     158378
                         Bytes used      =    8482866

Time =     672.68 sec    Generated terms =    1108377
             NUdD 181246 Terms left      =     159565
                         Bytes used      =    8540660

Time =     673.17 sec    Generated terms =    1116065
             NUdD 182655 Terms left      =     160835
                         Bytes used      =    8604686

Time =     673.60 sec    Generated terms =    1123348
             NUdD 184072 Terms left      =     161989
                         Bytes used      =    8659392

Time =     674.08 sec    Generated terms =    1130808
             NUdD 185271 Terms left      =     163198
                         Bytes used      =    8719018

Time =     674.49 sec    Generated terms =    1138589
             NUdD 187164 Terms left      =     164523
                         Bytes used      =    8805820

Time =     674.91 sec    Generated terms =    1147017
             NUdD 189076 Terms left      =     165977
                         Bytes used      =    8877780

Time =     675.35 sec    Generated terms =    1154549
             NUdD 190706 Terms left      =     167228
                         Bytes used      =    8948644

Time =     675.74 sec    Generated terms =    1161792
             NUdD 192296 Terms left      =     168395
                         Bytes used      =    9012020

Time =     676.15 sec    Generated terms =    1169207
             NUdD 194021 Terms left      =     169655
                         Bytes used      =    9089292

Time =     676.56 sec    Generated terms =    1177095
             NUdD 195675 Terms left      =     170997
                         Bytes used      =    9159256

Time =     676.97 sec    Generated terms =    1184986
             NUdD 197335 Terms left      =     172396
                         Bytes used      =    9240480

Time =     677.37 sec    Generated terms =    1192651
             NUdD 199026 Terms left      =     173660
                         Bytes used      =    9309158

Time =     677.79 sec    Generated terms =    1200095
             NUdD 200377 Terms left      =     174905
                         Bytes used      =    9370270

Time =     678.24 sec    Generated terms =    1207709
             NUdD 201788 Terms left      =     176177
                         Bytes used      =    9433212

Time =     678.71 sec    Generated terms =    1215466
             NUdD 203001 Terms left      =     177522
                         Bytes used      =    9502832

Time =     679.14 sec    Generated terms =    1222474
             NUdD 204334 Terms left      =     178702
                         Bytes used      =    9580604

Time =     679.50 sec    Generated terms =    1228525
             NUdD 205729 Terms left      =     179679
                         Bytes used      =    9637868

Time =     679.89 sec    Generated terms =    1234792
             NUdD 207071 Terms left      =     180714
                         Bytes used      =    9697994

Time =     680.31 sec    Generated terms =    1241007
             NUdD 208311 Terms left      =     181840
                         Bytes used      =    9771204

Time =     680.70 sec    Generated terms =    1247035
             NUdD 209674 Terms left      =     182804
                         Bytes used      =    9835618

Time =     681.16 sec    Generated terms =    1253345
             NUdD 210739 Terms left      =     183893
                         Bytes used      =    9899760

Time =     681.60 sec    Generated terms =    1259773
             NUdD 212027 Terms left      =     184995
                         Bytes used      =    9961266

Time =     682.04 sec    Generated terms =    1266126
             NUdD 213252 Terms left      =     186015
                         Bytes used      =   10014010

Time =     682.46 sec    Generated terms =    1272628
             NUdD 214424 Terms left      =     187090
                         Bytes used      =   10069962

Time =     682.93 sec    Generated terms =    1279244
             NUdD 215539 Terms left      =     188208
                         Bytes used      =   10132460

Time =     683.36 sec    Generated terms =    1285739
             NUdD 216677 Terms left      =     189337
                         Bytes used      =   10192366

Time =     683.84 sec    Generated terms =    1292470
             NUdD 217775 Terms left      =     190501
                         Bytes used      =   10253684

Time =     684.35 sec    Generated terms =    1299426
             NUdD 218788 Terms left      =     191748
                         Bytes used      =   10321874

Time =     684.87 sec    Generated terms =    1306786
             NUdD 219850 Terms left      =     193063
                         Bytes used      =   10397676

Time =     685.26 sec    Generated terms =    1313377
             NUdD 221273 Terms left      =     194064
                         Bytes used      =   10452664

Time =     685.69 sec    Generated terms =    1320213
             NUdD 222618 Terms left      =     195145
                         Bytes used      =   10504076

Time =     686.11 sec    Generated terms =    1326875
             NUdD 223842 Terms left      =     196204
                         Bytes used      =   10557042

Time =     686.55 sec    Generated terms =    1333577
             NUdD 224984 Terms left      =     197297
                         Bytes used      =   10616044

Time =     687.00 sec    Generated terms =    1340251
             NUdD 226051 Terms left      =     198420
                         Bytes used      =   10678814

Time =     687.46 sec    Generated terms =    1346909
             NUdD 227115 Terms left      =     199532
                         Bytes used      =   10737482

Time =     687.91 sec    Generated terms =    1353940
             NUdD 228268 Terms left      =     200700
                         Bytes used      =   10796118

Time =     688.42 sec    Generated terms =    1360935
             NUdD 229277 Terms left      =     201914
                         Bytes used      =   10864104

Time =     688.90 sec    Generated terms =    1368189
             NUdD 230356 Terms left      =     203133
                         Bytes used      =   10945358

Time =     689.28 sec    Generated terms =    1375849
             NUdD 232254 Terms left      =     204482
                         Bytes used      =   11027586

Time =     689.68 sec    Generated terms =    1383584
             NUdD 233942 Terms left      =     205815
                         Bytes used      =   11100550

Time =     690.10 sec    Generated terms =    1390987
             NUdD 235469 Terms left      =     207007
                         Bytes used      =   11172802

Time =     690.48 sec    Generated terms =    1397790
             NUdD 236949 Terms left      =     208117
                         Bytes used      =   11237706

Time =     690.87 sec    Generated terms =    1404536
             NUdD 238194 Terms left      =     209220
                         Bytes used      =   11300254

Time =     691.22 sec    Generated terms =    1411708
             NUdD 239847 Terms left      =     210403
                         Bytes used      =   11371936

Time =     691.65 sec    Generated terms =    1418985
             NUdD 241215 Terms left      =     211699
                         Bytes used      =   11448126

Time =     692.04 sec    Generated terms =    1426183
             NUdD 242842 Terms left      =     212939
                         Bytes used      =   11525566

Time =     692.43 sec    Generated terms =    1433195
             NUdD 244217 Terms left      =     214138
                         Bytes used      =   11589230

Time =     692.83 sec    Generated terms =    1440182
             NUdD 245420 Terms left      =     215342
                         Bytes used      =   11651930

Time =     693.26 sec    Generated terms =    1447445
             NUdD 246654 Terms left      =     216644
                         Bytes used      =   11723158

Time =     693.69 sec    Generated terms =    1454327
             NUdD 247785 Terms left      =     217849
                         Bytes used      =   11802532

Time =     694.05 sec    Generated terms =    1460006
             NUdD 248986 Terms left      =     218790
                         Bytes used      =   11861610

Time =     694.45 sec    Generated terms =    1465936
             NUdD 250136 Terms left      =     219848
                         Bytes used      =   11925190

Time =     694.87 sec    Generated terms =    1471944
             NUdD 251237 Terms left      =     221021
                         Bytes used      =   12002116

Time =     695.26 sec    Generated terms =    1477627
             NUdD 252355 Terms left      =     222035
                         Bytes used      =   12077918

Time =     695.71 sec    Generated terms =    1483582
             NUdD 253240 Terms left      =     223163
                         Bytes used      =   12150770

Time =     696.13 sec    Generated terms =    1489475
             NUdD 254316 Terms left      =     224210
                         Bytes used      =   12219412

Time =     696.53 sec    Generated terms =    1495396
             NUdD 255414 Terms left      =     225171
                         Bytes used      =   12276028

Time =     696.95 sec    Generated terms =    1501439
             NUdD 256446 Terms left      =     226218
                         Bytes used      =   12338702

Time =     697.34 sec    Generated terms =    1507682
             NUdD 257455 Terms left      =     227342
                         Bytes used      =   12403990

Time =     697.78 sec    Generated terms =    1513692
             NUdD 258448 Terms left      =     228392
                         Bytes used      =   12464450

Time =     698.23 sec    Generated terms =    1519857
             NUdD 259479 Terms left      =     229475
                         Bytes used      =   12525038

Time =     698.69 sec    Generated terms =    1526139
             NUdD 260438 Terms left      =     230655
                         Bytes used      =   12594442

Time =     699.16 sec    Generated terms =    1532542
             NUdD 261365 Terms left      =     231829
                         Bytes used      =   12661796

Time =     699.66 sec    Generated terms =    1539192
             NUdD 262246 Terms left      =     233070
                         Bytes used      =   12738984

Time =     700.08 sec    Generated terms =    1545438
             NUdD 263440 Terms left      =     234041
                         Bytes used      =   12804664

Time =     700.50 sec    Generated terms =    1551782
             NUdD 264712 Terms left      =     234999
                         Bytes used      =   12856328

Time =     700.91 sec    Generated terms =    1558037
             NUdD 265905 Terms left      =     235969
                         Bytes used      =   12911808

Time =     701.33 sec    Generated terms =    1564442
             NUdD 266964 Terms left      =     236973
                         Bytes used      =   12969436

Time =     701.73 sec    Generated terms =    1570799
             NUdD 268023 Terms left      =     238026
                         Bytes used      =   13025036

Time =     702.17 sec    Generated terms =    1577175
             NUdD 268993 Terms left      =     239105
                         Bytes used      =   13083798

Time =     702.61 sec    Generated terms =    1583422
             NUdD 270053 Terms left      =     240120
                         Bytes used      =   13139910

Time =     703.05 sec    Generated terms =    1589967
             NUdD 271210 Terms left      =     241178
                         Bytes used      =   13194122

Time =     703.53 sec    Generated terms =    1596510
             NUdD 272201 Terms left      =     242313
                         Bytes used      =   13253500

Time =     703.99 sec    Generated terms =    1603125
             NUdD 273177 Terms left      =     243479
                         Bytes used      =   13320190

Time =     704.45 sec    Generated terms =    1609731
             NUdD 274109 Terms left      =     244662
                         Bytes used      =   13390638

Time =     704.90 sec    Generated terms =    1616622
             NUdD 275125 Terms left      =     245839
                         Bytes used      =   13472756

Time =     704.91 sec    Generated terms =    1616655
             NUdD 275127 Terms left      =     245852
                         Bytes used      =   13475442

Time =     705.84 sec
             NUdD        Terms active    =     244760
                         Bytes used      =   13046092

Time =     707.16 sec    Generated terms =    1616655
             NUdD        Terms in output =     234847
                         Bytes used      =   11543250

   NUdD =
       + [1/Hess]*[1/x]^2 * (  9369 terms )

       + [1/Hess]^2*[1/x]*[1/y] * (  9518 terms )

       + [1/Hess]^2*[1/x]*[1/z] * (  9518 terms )

       + [1/Hess]^2*[1/x] * (  31889 terms )

       + [1/Hess]^2*[1/x]^2 * (  74923 terms )

       + [1/Hess]^2*[1/y] * (  23513 terms )

       + [1/Hess]^2*[1/y]^2 * (  16436 terms )

       + [1/Hess]^2*[1/z] * (  9354 terms )

       + [1/Hess]^2*[1/z]^2 * (  50327 terms );

    
    skip;
    nskip NUdD;
    repeat; 
    id [Hess]*[1/Hess]=1;
    id f(a + b)^2*f(2*c) = -( - f(2*a)*f(2*b)*f(2*c) + f(2*b)*f(a + c)^2
         - 2*f(a + b)*f(a + c)*f(b + c) + f(2*a)*f(b + c)^2) - [Hess];
    *id mu(i?)^2=-(f(a+a)+2*f(a+b)*mu(i)+2*f(a+c)*la(i)+f(c+c)*la(i)^2
    *   +2*f(c+b)*mu(i)*la(i))*[1/f(2*b)];
    id f(2*b)*[1/f(2*b)]=1;
    endrepeat;
    Brackets [1/x],[1/y],[1/z],[1/Hess],[Hess];
    print[] NUdD;
    .sort

Time =     708.29 sec    Generated terms =       9887
             NUdD   8264 Terms left      =       8477
                         Bytes used      =     373094

Time =     708.67 sec    Generated terms =      17874
             NUdD  14168 Terms left      =      13410
                         Bytes used      =     762194

Time =     709.12 sec    Generated terms =      25432
             NUdD  17429 Terms left      =      18657
                         Bytes used      =    1222366

Time =     709.66 sec    Generated terms =      32549
             NUdD  18798 Terms left      =      22821
                         Bytes used      =    1624954

Time =     710.09 sec    Generated terms =      40250
             NUdD  23822 Terms left      =      26979
                         Bytes used      =    2005024

Time =     710.55 sec    Generated terms =      47786
             NUdD  26992 Terms left      =      31993
                         Bytes used      =    2447804

Time =     711.08 sec    Generated terms =      54915
             NUdD  28540 Terms left      =      36343
                         Bytes used      =    2876164

Time =     711.40 sec    Generated terms =      62282
             NUdD  34823 Terms left      =      42563
                         Bytes used      =    3170902

Time =     711.77 sec    Generated terms =      70353
             NUdD  41310 Terms left      =      49902
                         Bytes used      =    3516448

Time =     712.36 sec    Generated terms =      77641
             NUdD  43498 Terms left      =      54621
                         Bytes used      =    3733502

Time =     712.88 sec    Generated terms =      85316
             NUdD  46570 Terms left      =      61460
                         Bytes used      =    4034632

Time =     713.33 sec    Generated terms =      93360
             NUdD  50781 Terms left      =      66969
                         Bytes used      =    4305684

Time =     713.82 sec    Generated terms =     100491
             NUdD  53413 Terms left      =      71080
                         Bytes used      =    4517780

Time =     714.37 sec    Generated terms =     107508
             NUdD  54824 Terms left      =      75898
                         Bytes used      =    4783612

Time =     714.99 sec    Generated terms =     114656
             NUdD  56057 Terms left      =      80267
                         Bytes used      =    5012804

Time =     715.51 sec    Generated terms =     122035
             NUdD  57564 Terms left      =      86848
                         Bytes used      =    5366024

Time =     716.05 sec    Generated terms =     129410
             NUdD  59067 Terms left      =      92318
                         Bytes used      =    5628136

Time =     716.44 sec    Generated terms =     136390
             NUdD  63035 Terms left      =      97811
                         Bytes used      =    5899168

Time =     716.72 sec    Generated terms =     143435
             NUdD  69864 Terms left      =     104625
                         Bytes used      =    6154566

Time =     717.13 sec    Generated terms =     151187
             NUdD  75468 Terms left      =     111197
                         Bytes used      =    6383044

Time =     717.57 sec    Generated terms =     159308
             NUdD  81105 Terms left      =     118542
                         Bytes used      =    6641742

Time =     717.86 sec    Generated terms =     167242
             NUdD  88095 Terms left      =     126012
                         Bytes used      =    6896042

Time =     718.27 sec    Generated terms =     174199
             NUdD  92117 Terms left      =     131189
                         Bytes used      =    7103664

Time =     718.87 sec    Generated terms =     181456
             NUdD  93837 Terms left      =     137683
                         Bytes used      =    7345578

Time =     719.41 sec    Generated terms =     188690
             NUdD  96723 Terms left      =     143394
                         Bytes used      =    7562700

Time =     719.95 sec    Generated terms =     196326
             NUdD  99480 Terms left      =     150522
                         Bytes used      =    7819284

Time =     720.43 sec    Generated terms =     203639
             NUdD 102697 Terms left      =     156967
                         Bytes used      =    8049342

Time =     720.89 sec    Generated terms =     211588
             NUdD 107096 Terms left      =     163044
                         Bytes used      =    8276370

Time =     721.28 sec    Generated terms =     219333
             NUdD 111966 Terms left      =     169313
                         Bytes used      =    8511462

Time =     721.72 sec    Generated terms =     227118
             NUdD 114901 Terms left      =     176392
                         Bytes used      =    8759418

Time =     722.12 sec    Generated terms =     233747
             NUdD 118712 Terms left      =     181522
                         Bytes used      =    8982066

Time =     722.76 sec    Generated terms =     240424
             NUdD 119582 Terms left      =     184442
                         Bytes used      =    9113494

Time =     723.32 sec    Generated terms =     247313
             NUdD 120670 Terms left      =     190677
                         Bytes used      =    9376360

Time =     723.85 sec    Generated terms =     254098
             NUdD 122513 Terms left      =     196165
                         Bytes used      =    9614088

Time =     724.48 sec    Generated terms =     261036
             NUdD 123080 Terms left      =     201730
                         Bytes used      =    9835798

Time =     725.71 sec
             NUdD        Terms active    =      59104
                         Bytes used      =    2579526

Time =     726.30 sec    Generated terms =     267967
             NUdD 124780 Terms left      =      64522
                         Bytes used      =    2818908

Time =     726.88 sec    Generated terms =     275254
             NUdD 126395 Terms left      =      69993
                         Bytes used      =    3063778

Time =     727.41 sec    Generated terms =     282476
             NUdD 127622 Terms left      =      76958
                         Bytes used      =    3329620

Time =     727.88 sec    Generated terms =     289428
             NUdD 129785 Terms left      =      83910
                         Bytes used      =    3595618

Time =     728.43 sec    Generated terms =     296546
             NUdD 130942 Terms left      =      89625
                         Bytes used      =    3813554

Time =     729.00 sec    Generated terms =     303789
             NUdD 132027 Terms left      =      96729
                         Bytes used      =    4073470

Time =     729.53 sec    Generated terms =     311017
             NUdD 133938 Terms left      =     102201
                         Bytes used      =    4292540

Time =     729.93 sec    Generated terms =     318419
             NUdD 138168 Terms left      =     107846
                         Bytes used      =    4595310

Time =     730.34 sec    Generated terms =     326622
             NUdD 144262 Terms left      =     114231
                         Bytes used      =    4937622

Time =     730.86 sec    Generated terms =     334002
             NUdD 147302 Terms left      =     118774
                         Bytes used      =    5191470

Time =     731.32 sec    Generated terms =     341996
             NUdD 150965 Terms left      =     124596
                         Bytes used      =    5540340

Time =     731.76 sec    Generated terms =     349324
             NUdD 154220 Terms left      =     128679
                         Bytes used      =    5799032

Time =     732.33 sec    Generated terms =     356458
             NUdD 155506 Terms left      =     132868
                         Bytes used      =    6071222

Time =     732.83 sec    Generated terms =     363772
             NUdD 157497 Terms left      =     138681
                         Bytes used      =    6487946

Time =     733.30 sec    Generated terms =     371048
             NUdD 159917 Terms left      =     144498
                         Bytes used      =    6884958

Time =     733.74 sec    Generated terms =     378244
             NUdD 164977 Terms left      =     149391
                         Bytes used      =    7160240

Time =     734.21 sec    Generated terms =     385557
             NUdD 168593 Terms left      =     155281
                         Bytes used      =    7483054

Time =     734.70 sec    Generated terms =     392391
             NUdD 171076 Terms left      =     159237
                         Bytes used      =    7711816

Time =     735.27 sec    Generated terms =     399316
             NUdD 172396 Terms left      =     162932
                         Bytes used      =    7932086

Time =     735.77 sec    Generated terms =     406291
             NUdD 173951 Terms left      =     167195
                         Bytes used      =    8183868

Time =     736.20 sec    Generated terms =     413632
             NUdD 177681 Terms left      =     172487
                         Bytes used      =    8517420

Time =     736.67 sec    Generated terms =     421074
             NUdD 181215 Terms left      =     177505
                         Bytes used      =    8845938

Time =     737.21 sec    Generated terms =     427939
             NUdD 182888 Terms left      =     180191
                         Bytes used      =    9030562

Time =     737.72 sec    Generated terms =     435142
             NUdD 184799 Terms left      =     184257
                         Bytes used      =    9306064

Time =     737.99 sec    Generated terms =     441990
             NUdD 191491 Terms left      =     190895
                         Bytes used      =    9578532

Time =     738.46 sec    Generated terms =     449656
             NUdD 196333 Terms left      =     197086
                         Bytes used      =    9816818

Time =     738.79 sec    Generated terms =     457674
             NUdD 203191 Terms left      =     204103
                         Bytes used      =   10089004

Time =     739.30 sec    Generated terms =     464576
             NUdD 206640 Terms left      =     208824
                         Bytes used      =   10295474

Time =     739.87 sec    Generated terms =     471693
             NUdD 208718 Terms left      =     214031
                         Bytes used      =   10503608

Time =     740.41 sec    Generated terms =     479161
             NUdD 211358 Terms left      =     220831
                         Bytes used      =   10770380

Time =     740.89 sec    Generated terms =     486546
             NUdD 214791 Terms left      =     227020
                         Bytes used      =   11010592

Time =     741.29 sec    Generated terms =     494499
             NUdD 219459 Terms left      =     231888
                         Bytes used      =   11212804

Time =     741.68 sec    Generated terms =     501721
             NUdD 223458 Terms left      =     238193
                         Bytes used      =   11478962

Time =     742.31 sec    Generated terms =     508381
             NUdD 224446 Terms left      =     240539
                         Bytes used      =   11597780

Time =     742.83 sec    Generated terms =     515002
             NUdD 226099 Terms left      =     246589
                         Bytes used      =   11866738

Time =     743.47 sec    Generated terms =     521939
             NUdD 226783 Terms left      =     251255
                         Bytes used      =   12074004

Time =     744.04 sec    Generated terms =     528798
             NUdD 228135 Terms left      =     256484
                         Bytes used      =   12308376

Time =     745.28 sec
             NUdD        Terms active    =     131867
                         Bytes used      =    5750700

Time =     745.84 sec    Generated terms =     535907
             NUdD 229590 Terms left      =     137704
                         Bytes used      =    6015606

Time =     746.27 sec    Generated terms =     542851
             NUdD 231908 Terms left      =     144565
                         Bytes used      =    6301508

Time =     746.85 sec    Generated terms =     549999
             NUdD 232520 Terms left      =     150597
                         Bytes used      =    6551448

Time =     747.41 sec    Generated terms =     557213
             NUdD 234247 Terms left      =     155969
                         Bytes used      =    6770748

Time =     747.52 sec    Generated terms =     559211
             NUdD 234847 Terms left      =     157247
                         Bytes used      =    6831838

Time =     747.73 sec
             NUdD        Terms active    =     148875
                         Bytes used      =    6522774

Time =     748.30 sec    Generated terms =     559211
             NUdD        Terms in output =      56476
                         Bytes used      =    2696058

   NUdD =
       + [1/Hess]*[1/x]*[1/y] * (  2198 terms )

       + [1/Hess]*[1/x]*[1/z] * (  2198 terms )

       + [1/Hess]*[1/x] * (  7690 terms )

       + [1/Hess]*[1/x]^2 * (  17767 terms )

       + [1/Hess]*[1/y] * (  5536 terms )

       + [1/Hess]*[1/y]^2 * (  3934 terms )

       + [1/Hess]*[1/z] * (  2305 terms )

       + [1/Hess]*[1/z]^2 * (  12175 terms )

       + [1/x]*[1/y] * (  94 terms )

       + [1/x]*[1/z] * (  94 terms )

       + [1/x] * (  402 terms )

       + [1/x]^2 * (  839 terms )

       + [1/y] * (  216 terms )

       + [1/y]^2 * (  212 terms )

       + [1/z] * (  149 terms )

       + [1/z]^2 * (  667 terms );

    
    **** finally in four modules we combine all terms to form the
    **** complete sum "all"
    skip;
    L all1=Nij*(Bkj + Bik);
    repeat; 
    id mu(i?)^2=-(f(a+a)+2*f(a+b)*mu(i)+2*f(a+c)*la(i)+f(c+c)*la(i)^2
       +2*f(c+b)*mu(i)*la(i))*[1/f(2*b)];
    id f(2*b)*[1/f(2*b)]=1;
    endrepeat;
    Brackets [1/x],[1/y],[1/z],[1/Hess],[Hess];
    print[] all1;
    .sort

Time =     749.38 sec    Generated terms =       9440
             all1      1 Terms left      =       6613
                         Bytes used      =     365000

Time =     749.83 sec    Generated terms =      19864
             all1      1 Terms left      =      14976
                         Bytes used      =     793210

Time =     750.27 sec    Generated terms =      29268
             all1      1 Terms left      =      21454
                         Bytes used      =    1179598

Time =     750.41 sec    Generated terms =      29268
             all1        Terms in output =      17581
                         Bytes used      =     822910

   all1 =
       + [1/Hess]*[1/y]^2 * (  9857 terms )

       + [1/Hess]*[1/z]^2 * (  7724 terms );

    
    skip;
    nskip all1;
    repeat;
    id la(j)*[1/z]*[1/y]=la(k)*[1/z]*[1/y]+[1/z];
    id la(i)*[1/z]*[1/y]=la(k)*[1/z]*[1/y]-[1/y];
    
    id la(k)*[1/x]*[1/y]=la(j)*[1/x]*[1/y]-[1/x];
    id la(i)*[1/x]*[1/y]=la(j)*[1/x]*[1/y]+[1/y];
    
    id la(j)*[1/z]*[1/x]=la(i)*[1/z]*[1/x]-[1/z];
    id la(k)*[1/z]*[1/x]=la(i)*[1/z]*[1/x]+[1/x];
    id f(2*b)*[1/f(2*b)]=1;
    endrepeat;
    Brackets [1/x],[1/y],[1/z],[1/Hess],[Hess];
    print[] all1;
    .sort

Time =     751.35 sec    Generated terms =       9946
             all1   9947 Terms left      =       9946
                         Bytes used      =     459930

Time =     751.59 sec    Generated terms =      17581
             all1  17581 Terms left      =      17581
                         Bytes used      =     823176

Time =     751.64 sec    Generated terms =      17581
             all1        Terms in output =      17581
                         Bytes used      =     822910

   all1 =
       + [1/Hess]*[1/y]^2 * (  9857 terms )

       + [1/Hess]*[1/z]^2 * (  7724 terms );

    
    
    skip;
    nskip all1;
    repeat; 
    id [Hess]*[1/Hess]=1;
    id f(a + b)^2*f(2*c) = -( - f(2*a)*f(2*b)*f(2*c) + f(2*b)*f(a + c)^2
         - 2*f(a + b)*f(a + c)*f(b + c) + f(2*a)*f(b + c)^2) - [Hess];
    *id mu(i?)^2=-(f(a+a)+2*f(a+b)*mu(i)+2*f(a+c)*la(i)+f(c+c)*la(i)^2
    *   +2*f(c+b)*mu(i)*la(i))*[1/f(2*b)];
    id f(2*b)*[1/f(2*b)]=1;
    endrepeat;
    Brackets [1/x],[1/y],[1/z],[1/Hess],[Hess];
    print[] all1;
    .sort

Time =     752.57 sec    Generated terms =      10005
             all1   8592 Terms left      =       9191
                         Bytes used      =     405430

Time =     752.93 sec    Generated terms =      19926
             all1  17127 Terms left      =      17848
                         Bytes used      =     821028

Time =     752.95 sec    Generated terms =      20421
             all1  17581 Terms left      =      18343
                         Bytes used      =     851342

Time =     753.01 sec    Generated terms =      20421
             all1        Terms in output =      18282
                         Bytes used      =     845382

   all1 =
       + [1/Hess]*[1/y]^2 * (  10128 terms )

       + [1/Hess]*[1/z]^2 * (  7463 terms )

       + [1/y]^2 * (  360 terms )

       + [1/z]^2 * (  331 terms );

    
    *** here comes the complete sum, we drop all others as unnecessary
    drop;
    Global all= - dn + all1 - nbb + NUdD;
    Brackets [1/x],[1/y],[1/z],[1/Hess],[Hess];
    print[] all;
    .sort

Time =     753.42 sec    Generated terms =       9740
              all      1 Terms left      =       9740
                         Bytes used      =     431100

Time =     753.64 sec    Generated terms =      19547
              all      1 Terms left      =      19547
                         Bytes used      =     875924

Time =     753.90 sec    Generated terms =      29503
              all      1 Terms left      =      29503
                         Bytes used      =    1323890

Time =     754.14 sec    Generated terms =      39661
              all      1 Terms left      =      39661
                         Bytes used      =    1870862

Time =     754.31 sec    Generated terms =      49739
              all      1 Terms left      =      49739
                         Bytes used      =    2435548

Time =     754.50 sec    Generated terms =      59275
              all      1 Terms left      =      59275
                         Bytes used      =    3026300

Time =     754.71 sec    Generated terms =      69114
              all      1 Terms left      =      69114
                         Bytes used      =    3453490

Time =     754.89 sec    Generated terms =      79352
              all      1 Terms left      =      79352
                         Bytes used      =    4121362

Time =     755.10 sec    Generated terms =      89108
              all      1 Terms left      =      89108
                         Bytes used      =    4549310

Time =     755.30 sec    Generated terms =      98883
              all      1 Terms left      =      98883
                         Bytes used      =    4911714

Time =     755.48 sec    Generated terms =     108673
              all      1 Terms left      =     108673
                         Bytes used      =    5383076

Time =     755.72 sec    Generated terms =     118032
              all      1 Terms left      =     118032
                         Bytes used      =    5889616

Time =     755.94 sec    Generated terms =     127524
              all      1 Terms left      =     127524
                         Bytes used      =    6273936

Time =     756.01 sec    Generated terms =     130421
              all      1 Terms left      =     130421
                         Bytes used      =    6413902

Time =     756.78 sec    Generated terms =     130421
              all        Terms in output =      88343
                         Bytes used      =    4069934

   all =
       + [1/Hess]*[1/x]*[1/y] * (  2198 terms )

       + [1/Hess]*[1/x]*[1/z] * (  2198 terms )

       + [1/Hess]*[1/x] * (  7690 terms )

       + [1/Hess]*[1/x]^2 * (  17767 terms )

       + [1/Hess]*[1/y]*[1/z] * (  2198 terms )

       + [1/Hess]*[1/y] * (  10994 terms )

       + [1/Hess]*[1/y]^2 * (  19239 terms )

       + [1/Hess]*[1/z] * (  5084 terms )

       + [1/Hess]*[1/z]^2 * (  16893 terms )

       + [1/x]*[1/y] * (  94 terms )

       + [1/x]*[1/z] * (  94 terms )

       + [1/x] * (  402 terms )

       + [1/x]^2 * (  839 terms )

       + [1/y]*[1/z] * (  94 terms )

       + [1/y] * (  457 terms )

       + [1/y]^2 * (  799 terms )

       + [1/z] * (  285 terms )

       + [1/z]^2 * (  838 terms )

       + 1 * (  180 terms );

    
    **** again cancellations in numerator/denominator
    repeat;
    id la(j)*[1/z]*[1/y]=la(k)*[1/z]*[1/y]+[1/z];
    id la(i)*[1/z]*[1/y]=la(k)*[1/z]*[1/y]-[1/y];
    
    id la(k)*[1/x]*[1/y]=la(j)*[1/x]*[1/y]-[1/x];
    id la(i)*[1/x]*[1/y]=la(j)*[1/x]*[1/y]+[1/y];
    
    id la(j)*[1/z]*[1/x]=la(i)*[1/z]*[1/x]-[1/z];
    id la(k)*[1/z]*[1/x]=la(i)*[1/z]*[1/x]+[1/x];
    id f(2*b)*[1/f(2*b)]=1;
    endrepeat;
    Brackets [1/x],[1/y],[1/z],[1/Hess],[Hess];
    print[] all;
    .sort

Time =     757.23 sec    Generated terms =      10009
              all  10010 Terms left      =      10009
                         Bytes used      =     612648

Time =     757.57 sec    Generated terms =      19707
              all  19708 Terms left      =      19707
                         Bytes used      =     994054

Time =     757.90 sec    Generated terms =      29185
              all  29186 Terms left      =      29185
                         Bytes used      =    1363248

Time =     758.21 sec    Generated terms =      39451
              all  39452 Terms left      =      39451
                         Bytes used      =    1878424

Time =     758.52 sec    Generated terms =      49103
              all  49104 Terms left      =      49103
                         Bytes used      =    2306214

Time =     758.86 sec    Generated terms =      58588
              all  58589 Terms left      =      58588
                         Bytes used      =    2719292

Time =     759.20 sec    Generated terms =      68168
              all  68169 Terms left      =      68168
                         Bytes used      =    3184338

Time =     759.51 sec    Generated terms =      77899
              all  77900 Terms left      =      77899
                         Bytes used      =    3585918

Time =     759.85 sec    Generated terms =      88343
              all  88343 Terms left      =      88343
                         Bytes used      =    4071994

Time =     760.16 sec    Generated terms =      88343
              all        Terms in output =      88343
                         Bytes used      =    4069934

   all =
       + [1/Hess]*[1/x]*[1/y] * (  2198 terms )

       + [1/Hess]*[1/x]*[1/z] * (  2198 terms )

       + [1/Hess]*[1/x] * (  7690 terms )

       + [1/Hess]*[1/x]^2 * (  17767 terms )

       + [1/Hess]*[1/y]*[1/z] * (  2198 terms )

       + [1/Hess]*[1/y] * (  10994 terms )

       + [1/Hess]*[1/y]^2 * (  19239 terms )

       + [1/Hess]*[1/z] * (  5084 terms )

       + [1/Hess]*[1/z]^2 * (  16893 terms )

       + [1/x]*[1/y] * (  94 terms )

       + [1/x]*[1/z] * (  94 terms )

       + [1/x] * (  402 terms )

       + [1/x]^2 * (  839 terms )

       + [1/y]*[1/z] * (  94 terms )

       + [1/y] * (  457 terms )

       + [1/y]^2 * (  799 terms )

       + [1/z] * (  285 terms )

       + [1/z]^2 * (  838 terms )

       + 1 * (  180 terms );

    
    repeat; 
    id [Hess]*[1/Hess]=1;
    id f(a + b)^2*f(2*c) = -( - f(2*a)*f(2*b)*f(2*c) + f(2*b)*f(a + c)^2
         - 2*f(a + b)*f(a + c)*f(b + c) + f(2*a)*f(b + c)^2) - [Hess];
    *id mu(i?)^2=-(f(a+a)+2*f(a+b)*mu(i)+2*f(a+c)*la(i)+f(c+c)*la(i)^2
    *   +2*f(c+b)*mu(i)*la(i))*[1/f(2*b)];
    id f(2*b)*[1/f(2*b)]=1;
    endrepeat;
    Brackets [1/x],[1/y],[1/z],[1/Hess],[Hess];
    print[] all;
    .sort

Time =     760.58 sec    Generated terms =      10009
              all  10010 Terms left      =      10009
                         Bytes used      =     612648

Time =     760.85 sec    Generated terms =      19707
              all  19708 Terms left      =      19707
                         Bytes used      =     994054

Time =     761.14 sec    Generated terms =      29185
              all  29186 Terms left      =      29185
                         Bytes used      =    1363248

Time =     761.40 sec    Generated terms =      39451
              all  39452 Terms left      =      39451
                         Bytes used      =    1878424

Time =     761.64 sec    Generated terms =      49103
              all  49104 Terms left      =      49103
                         Bytes used      =    2306214

Time =     761.98 sec    Generated terms =      58640
              all  57729 Terms left      =      58018
                         Bytes used      =    2688362

Time =     762.29 sec    Generated terms =      68307
              all  67128 Terms left      =      67675
                         Bytes used      =    3161154

Time =     762.56 sec    Generated terms =      78200
              all  76769 Terms left      =      77304
                         Bytes used      =    3559556

Time =     762.92 sec    Generated terms =      87529
              all  84630 Terms left      =      86211
                         Bytes used      =    3978946

Time =     763.01 sec    Generated terms =      91243
              all  88343 Terms left      =      89925
                         Bytes used      =    4151656

Time =     763.34 sec    Generated terms =      91243
              all        Terms in output =      87488
                         Bytes used      =    4029362

   all =
       + [1/Hess]*[1/x]*[1/y] * (  2198 terms )

       + [1/Hess]*[1/x]*[1/z] * (  2198 terms )

       + [1/Hess]*[1/x] * (  7690 terms )

       + [1/Hess]*[1/x]^2 * (  17767 terms )

       + [1/Hess]*[1/y]*[1/z] * (  2198 terms )

       + [1/Hess]*[1/y] * (  10994 terms )

       + [1/Hess]*[1/y]^2 * (  18928 terms )

       + [1/Hess]*[1/z] * (  5084 terms )

       + [1/Hess]*[1/z]^2 * (  16372 terms )

       + [1/x]*[1/y] * (  94 terms )

       + [1/x]*[1/z] * (  94 terms )

       + [1/x] * (  402 terms )

       + [1/x]^2 * (  839 terms )

       + [1/y]*[1/z] * (  94 terms )

       + [1/y] * (  457 terms )

       + [1/y]^2 * (  799 terms )

       + [1/z] * (  285 terms )

       + [1/z]^2 * (  815 terms )

       + 1 * (  180 terms );

    
    *** we shall use this identity to get rid of the products
    *** of different (\lambda_{?}-\lambda_{?}) in the denominators,
    *** the two following modules result in the sum "all"
    *** which has NOT MORE THAN ONE of [1/x],[1/y],[1/z] for each term
    repeat;
    id [1/x]*[1/y]=-[1/x]*[1/z]-[1/z]*[1/y];
    endrepeat;
    Brackets [1/x],[1/y],[1/z],[1/Hess], [Hess];
    print[] all;
    .sort

Time =     763.77 sec    Generated terms =      10033
              all   7836 Terms left      =       9835
                         Bytes used      =     585780

Time =     763.95 sec    Generated terms =      19783
              all  17586 Terms left      =      19585
                         Bytes used      =     998190

Time =     764.15 sec    Generated terms =      29292
              all  27095 Terms left      =      29094
                         Bytes used      =    1366760

Time =     764.34 sec    Generated terms =      39426
              all  37229 Terms left      =      39228
                         Bytes used      =    1862108

Time =     764.53 sec    Generated terms =      49144
              all  46947 Terms left      =      48946
                         Bytes used      =    2307014

Time =     764.71 sec    Generated terms =      58771
              all  56574 Terms left      =      58573
                         Bytes used      =    2702490

Time =     764.89 sec    Generated terms =      68339
              all  66142 Terms left      =      68141
                         Bytes used      =    3168270

Time =     765.08 sec    Generated terms =      78284
              all  76087 Terms left      =      78086
                         Bytes used      =    3583472

Time =     765.30 sec    Generated terms =      88196
              all  85905 Terms left      =      87998
                         Bytes used      =    4038034

Time =     765.32 sec    Generated terms =      89780
              all  87488 Terms left      =      89582
                         Bytes used      =    4113652

Time =     765.64 sec    Generated terms =      89780
              all        Terms in output =      89384
                         Bytes used      =    4015188

   all =
       + [1/Hess]*[1/x]*[1/z] * (  4198 terms )

       + [1/Hess]*[1/x] * (  7690 terms )

       + [1/Hess]*[1/x]^2 * (  17767 terms )

       + [1/Hess]*[1/y]*[1/z] * (  4198 terms )

       + [1/Hess]*[1/y] * (  10994 terms )

       + [1/Hess]*[1/y]^2 * (  18928 terms )

       + [1/Hess]*[1/z] * (  5084 terms )

       + [1/Hess]*[1/z]^2 * (  16372 terms )

       + [1/x]*[1/z] * (  188 terms )

       + [1/x] * (  402 terms )

       + [1/x]^2 * (  839 terms )

       + [1/y]*[1/z] * (  188 terms )

       + [1/y] * (  457 terms )

       + [1/y]^2 * (  799 terms )

       + [1/z] * (  285 terms )

       + [1/z]^2 * (  815 terms )

       + 1 * (  180 terms );

    repeat;
    id la(j)*[1/z]*[1/y]=la(k)*[1/z]*[1/y]+[1/z];
    id la(i)*[1/z]*[1/y]=la(k)*[1/z]*[1/y]-[1/y];
    id la(k)*[1/x]*[1/y]=la(j)*[1/x]*[1/y]-[1/x];
    id la(i)*[1/x]*[1/y]=la(j)*[1/x]*[1/y]+[1/y];
    id la(j)*[1/z]*[1/x]=la(i)*[1/z]*[1/x]-[1/z];
    id la(k)*[1/z]*[1/x]=la(i)*[1/z]*[1/x]+[1/x];
    id f(2*b)*[1/f(2*b)]=1;
    endrepeat;
    Brackets [1/x],[1/y],[1/z],[1/Hess],[Hess];
    print[] all;
    .sort

Time =     766.29 sec    Generated terms =      10162
              all   3844 Terms left      =       6318
                         Bytes used      =     257654

Time =     766.65 sec    Generated terms =      20026
              all  12783 Terms left      =      15828
                         Bytes used      =     696888

Time =     766.99 sec    Generated terms =      30046
              all  22803 Terms left      =      25848
                         Bytes used      =    1054608

Time =     767.37 sec    Generated terms =      39563
              all  30862 Terms left      =      34159
                         Bytes used      =    1391150

Time =     767.92 sec    Generated terms =      49527
              all  35040 Terms left      =      41131
                         Bytes used      =    1686016

Time =     768.23 sec    Generated terms =      59645
              all  45158 Terms left      =      51249
                         Bytes used      =    2148630

Time =     768.53 sec    Generated terms =      69668
              all  55181 Terms left      =      61272
                         Bytes used      =    2540754

Time =     768.88 sec    Generated terms =      78823
              all  64336 Terms left      =      70427
                         Bytes used      =    2963938

Time =     769.22 sec    Generated terms =      88381
              all  73894 Terms left      =      79985
                         Bytes used      =    3407502

Time =     769.56 sec    Generated terms =      97909
              all  83422 Terms left      =      89513
                         Bytes used      =    3817356

Time =     769.77 sec    Generated terms =     104480
              all  89384 Terms left      =      95431
                         Bytes used      =    4084788

Time =     770.15 sec    Generated terms =     104480
              all        Terms in output =      89716
                         Bytes used      =    3775292

   all =
       + [1/Hess]*[1/x] * (  7690 terms )

       + [1/Hess]*[1/x]^2 * (  17767 terms )

       + [1/Hess]*[1/y] * (  10994 terms )

       + [1/Hess]*[1/y]^2 * (  18928 terms )

       + [1/Hess]*[1/z] * (  13857 terms )

       + [1/Hess]*[1/z]^2 * (  16372 terms )

       + [1/x] * (  402 terms )

       + [1/x]^2 * (  839 terms )

       + [1/y] * (  457 terms )

       + [1/y]^2 * (  799 terms )

       + [1/z] * (  616 terms )

       + [1/z]^2 * (  815 terms )

       + 1 * (  180 terms );

    
    **** finally these two modules COMPLETELY REMOVE [1/x], [1/y], [1/z]
    **** from the denominators and only [1/Hess] (not [1/Hess]^2 as in the beginning
    )
    **** is left in the denominators
    repeat;
    id f(a + b)^2*f(2*c)= - ( - f(2*a)*f(2*b)*f(2*c) + f(2*b)*f(a + c)^2
         - 2*f(a + b)*f(a + c)*f(b + c) + f(2*a)*f(b + c)^2) - [Hess];
    id [Hess]*[1/Hess]=1;
    id f(2*b)*[1/f(2*b)]=1;
    endrepeat;
    Brackets [1/x],[1/y],[1/z],[1/Hess], [Hess];
    print[] all;
    .sort

Time =     770.55 sec    Generated terms =       9736
              all   9737 Terms left      =       9736
                         Bytes used      =     440852

Time =     770.82 sec    Generated terms =      19637
              all  19638 Terms left      =      19637
                         Bytes used      =     799968

Time =     771.08 sec    Generated terms =      29235
              all  29236 Terms left      =      29235
                         Bytes used      =    1190890

Time =     771.32 sec    Generated terms =      39062
              all  39063 Terms left      =      39062
                         Bytes used      =    1645898

Time =     771.56 sec    Generated terms =      48918
              all  48919 Terms left      =      48918
                         Bytes used      =    2038734

Time =     771.85 sec    Generated terms =      58505
              all  58506 Terms left      =      58505
                         Bytes used      =    2460178

Time =     772.15 sec    Generated terms =      68400
              all  68401 Terms left      =      68400
                         Bytes used      =    2852688

Time =     772.43 sec    Generated terms =      78374
              all  78375 Terms left      =      78374
                         Bytes used      =    3263146

Time =     772.70 sec    Generated terms =      88364
              all  88365 Terms left      =      88364
                         Bytes used      =    3716504

Time =     772.74 sec    Generated terms =      89716
              all  89716 Terms left      =      89716
                         Bytes used      =    3777274

Time =     773.04 sec    Generated terms =      89716
              all        Terms in output =      89716
                         Bytes used      =    3775292

   all =
       + [1/Hess]*[1/x] * (  7690 terms )

       + [1/Hess]*[1/x]^2 * (  17767 terms )

       + [1/Hess]*[1/y] * (  10994 terms )

       + [1/Hess]*[1/y]^2 * (  18928 terms )

       + [1/Hess]*[1/z] * (  13857 terms )

       + [1/Hess]*[1/z]^2 * (  16372 terms )

       + [1/x] * (  402 terms )

       + [1/x]^2 * (  839 terms )

       + [1/y] * (  457 terms )

       + [1/y]^2 * (  799 terms )

       + [1/z] * (  616 terms )

       + [1/z]^2 * (  815 terms )

       + 1 * (  180 terms );

    repeat;
    id la(j)*[1/y]=la(k)*[1/y]+1;
    id la(i)*[1/x]=la(j)*[1/x]+1;
    id la(i)*[1/z]=la(k)*[1/z]-1;
    id f(2*b)*[1/f(2*b)]=1;
    endrepeat;
    Brackets [1/x],[1/y],[1/z],[1/Hess],[Hess];
    print[] all;
    .sort

Time =     773.64 sec    Generated terms =      10568
              all   4426 Terms left      =       7704
                         Bytes used      =     319376

Time =     774.12 sec    Generated terms =      20158
              all   7353 Terms left      =      14525
                         Bytes used      =     601714

Time =     774.53 sec    Generated terms =      29675
              all  10179 Terms left      =      17469
                         Bytes used      =     728562

Time =     774.94 sec    Generated terms =      39770
              all  14070 Terms left      =      20277
                         Bytes used      =     846718

Time =     775.33 sec    Generated terms =      50977
              all  17501 Terms left      =      22999
                         Bytes used      =     956462

Time =     775.74 sec    Generated terms =      60094
              all  19892 Terms left      =      25229
                         Bytes used      =    1056324

Time =     776.18 sec    Generated terms =      69230
              all  21789 Terms left      =      27096
                         Bytes used      =    1136444

Time =     776.63 sec    Generated terms =      79064
              all  23884 Terms left      =      29126
                         Bytes used      =    1217662

Time =     777.09 sec    Generated terms =      89258
              all  26365 Terms left      =      32045
                         Bytes used      =    1342828

Time =     777.51 sec    Generated terms =     100238
              all  32058 Terms left      =      40165
                         Bytes used      =    1668462

Time =     777.99 sec    Generated terms =     109792
              all  35921 Terms left      =      47600
                         Bytes used      =    1983778

Time =     778.38 sec    Generated terms =     119483
              all  39370 Terms left      =      51073
                         Bytes used      =    2142942

Time =     778.79 sec    Generated terms =     129551
              all  43420 Terms left      =      53869
                         Bytes used      =    2262312

Time =     779.18 sec    Generated terms =     140794
              all  47091 Terms left      =      56708
                         Bytes used      =    2388256

Time =     779.56 sec    Generated terms =     149386
              all  49814 Terms left      =      58890
                         Bytes used      =    2496110

Time =     780.03 sec    Generated terms =     158988
              all  52116 Terms left      =      61037
                         Bytes used      =    2596112

Time =     780.47 sec    Generated terms =     168939
              all  54540 Terms left      =      63221
                         Bytes used      =    2689196

Time =     780.89 sec    Generated terms =     179340
              all  58481 Terms left      =      66875
                         Bytes used      =    2864908

Time =     781.31 sec    Generated terms =     189970
              all  63392 Terms left      =      71747
                         Bytes used      =    3048674

Time =     781.77 sec    Generated terms =     199447
              all  67131 Terms left      =      76133
                         Bytes used      =    3217770

Time =     782.20 sec    Generated terms =     209343
              all  70534 Terms left      =      79400
                         Bytes used      =    3357318

Time =     782.57 sec    Generated terms =     219321
              all  73826 Terms left      =      81345
                         Bytes used      =    3455028

Time =     782.95 sec    Generated terms =     230040
              all  77046 Terms left      =      83281
                         Bytes used      =    3540240

Time =     783.33 sec    Generated terms =     239864
              all  79527 Terms left      =      84849
                         Bytes used      =    3616426

Time =     783.75 sec    Generated terms =     248664
              all  81383 Terms left      =      86116
                         Bytes used      =    3677004

Time =     784.17 sec    Generated terms =     258447
              all  83349 Terms left      =      87489
                         Bytes used      =    3741432

Time =     784.62 sec    Generated terms =     268517
              all  85173 Terms left      =      88801
                         Bytes used      =    3803150

Time =     785.08 sec    Generated terms =     282039
              all  89716 Terms left      =      89209
                         Bytes used      =    3824818

Time =     785.58 sec    Generated terms =     282039
              all        Terms in output =       2596
                         Bytes used      =     125362

   all =
       + [1/Hess] * (  2477 terms )

       + 1 * (  119 terms );

    
    **** We print the resulting sum to feed it afterwards
    **** to Maple and save the sum (in some internal FORM format)
    **** in the file all.sav
    Brackets [1/x],[1/y],[1/z],[1/Hess],[Hess];
    print all;
    .sort

Time =     785.60 sec    Generated terms =       2596
              all        Terms in output =       2596
                         Bytes used      =     125362

   all =
       + [1/Hess] * (  - 2*f(a + b)^3*f(a + 2*c)*f(2*b + c)*mu(i)*la(j)*
         [1/f(2*b)] - 2*f(a + b)^3*f(a + 2*c)*f(2*b + c)*mu(i)*la(k)*
         [1/f(2*b)] - 2*f(a + b)^3*f(2*a + c)*f(2*b + c)*mu(i)*[1/f(2*b)] + 6*
         f(a + b)^3*f(2*b + c)^2*mu(i)*mu(j)*mu(k)*[1/f(2*b)] + 2*f(a + b)^2*
         f(a + 2*b)*f(a + 2*c)*f(b + c)*mu(i)*la(j)*[1/f(2*b)] + 2*f(a + b)^2*
         f(a + 2*b)*f(a + 2*c)*f(b + c)*mu(i)*la(k)*[1/f(2*b)] + 3*f(a + b)^2*
         f(a + 2*b)*f(a + 2*c)*mu(i)*mu(j) + 3*f(a + b)^2*f(a + 2*b)*f(a + 2*c
         )*mu(i)*mu(k) + 2*f(a + b)^2*f(a + 2*b)*f(2*a + c)*f(b + c)*mu(i)*
         [1/f(2*b)] - 12*f(a + b)^2*f(a + 2*b)*f(b + c)*f(2*b + c)*mu(i)*mu(j)
         *mu(k)*[1/f(2*b)] + 12*f(a + b)^2*f(a + 2*b)*f(b + 2*c)*mu(i)*mu(j)*
         mu(k) - 2*f(a + b)^2*f(a + c)*f(a + 2*c)*f(2*b + c)*la(i)*la(j)*
         [1/f(2*b)] - 2*f(a + b)^2*f(a + c)*f(a + 2*c)*f(2*b + c)*la(i)*la(k)*
         [1/f(2*b)] + 2*f(a + b)^2*f(a + c)*f(2*a + b)*f(2*b + c)*mu(i)*
         [1/f(2*b)] - 2*f(a + b)^2*f(a + c)*f(2*a + c)*f(2*b + c)*la(i)*
         [1/f(2*b)] + 6*f(a + b)^2*f(a + c)*f(b + 2*c)*f(2*b + c)*mu(i)*la(j)*
         la(k)*[1/f(2*b)] + 4*f(a + b)^2*f(a + c)*f(2*b + c)*f(a + b + c)*mu(i
         )*la(j)*[1/f(2*b)] + 4*f(a + b)^2*f(a + c)*f(2*b + c)*f(a + b + c)*
         mu(i)*la(k)*[1/f(2*b)] + 6*f(a + b)^2*f(a + c)*f(2*b + c)^2*mu(i)*mu(
         j)*la(k)*[1/f(2*b)] + 6*f(a + b)^2*f(a + c)*f(2*b + c)^2*mu(i)*mu(k)*
         la(j)*[1/f(2*b)] + 6*f(a + b)^2*f(a + c)*f(2*b + c)^2*mu(j)*mu(k)*la(
         i)*[1/f(2*b)] + 2*f(a + b)^2*f(a + 2*c)*f(a + b + c)*mu(i)*la(j) + 2*
         f(a + b)^2*f(a + 2*c)*f(a + b + c)*mu(i)*la(k) - 2*f(a + b)^2*f(a + 2
         *c)*f(b + c)*f(2*b + c)*mu(i)*la(i)*la(j)*[1/f(2*b)] - 2*f(a + b)^2*
         f(a + 2*c)*f(b + c)*f(2*b + c)*mu(i)*la(i)*la(k)*[1/f(2*b)] + 2*f(a
          + b)^2*f(a + 2*c)*f(b + c)*f(2*b + c)*mu(i)*la(j)*la(k)*[1/f(2*b)]
          + 2*f(a + b)^2*f(a + 2*c)*f(b + 2*c)*mu(i)*la(i)*la(j) + 2*f(a + b)^
         2*f(a + 2*c)*f(b + 2*c)*mu(i)*la(i)*la(k) + f(a + b)^2*f(a + 2*c)*f(b
          + 2*c)*mu(j)*la(i)^2 + 2*f(a + b)^2*f(a + 2*c)*f(b + 2*c)*mu(j)*la(i
         )*la(k) + f(a + b)^2*f(a + 2*c)*f(b + 2*c)*mu(k)*la(i)^2 + 2*f(a + b)
         ^2*f(a + 2*c)*f(b + 2*c)*mu(k)*la(i)*la(j) + 2*f(a + b)^2*f(a + 2*c)*
         f(2*b + c)*mu(i)*mu(j)*la(i) - f(a + b)^2*f(a + 2*c)*f(2*b + c)*mu(i)
         *mu(j)*la(k) + 2*f(a + b)^2*f(a + 2*c)*f(2*b + c)*mu(i)*mu(k)*la(i)
          - f(a + b)^2*f(a + 2*c)*f(2*b + c)*mu(i)*mu(k)*la(j) + 2*f(a + b)^2*
         f(a + 2*c)*f(2*b + c)*mu(j)*mu(k)*la(i) + 2*f(a + b)^2*f(2*a + c)*f(a
          + b + c)*mu(i) - 3*f(a + b)^2*f(2*a + c)^2 - 2*f(a + b)^2*f(2*a + c)
         *f(b + c)*f(2*b + c)*mu(i)*la(i)*[1/f(2*b)] + 2*f(a + b)^2*f(2*a + c)
         *f(b + c)*f(2*b + c)*mu(i)*la(j)*[1/f(2*b)] + 2*f(a + b)^2*f(2*a + c)
         *f(b + c)*f(2*b + c)*mu(i)*la(k)*[1/f(2*b)] + 2*f(a + b)^2*f(2*a + c)
         *f(b + 2*c)*mu(i)*la(i) + 2*f(a + b)^2*f(2*a + c)*f(b + 2*c)*mu(j)*
         la(i) + f(a + b)^2*f(2*a + c)*f(b + 2*c)*mu(j)*la(k) + 2*f(a + b)^2*
         f(2*a + c)*f(b + 2*c)*mu(k)*la(i) + f(a + b)^2*f(2*a + c)*f(b + 2*c)*
         mu(k)*la(j) - f(a + b)^2*f(2*a + c)*f(2*b + c)*mu(i)*mu(j) - f(a + b)
         ^2*f(2*a + c)*f(2*b + c)*mu(i)*mu(k) + f(a + b)^2*f(2*a + c)*f(2*b + 
         c)*mu(j)*mu(k) + 6*f(a + b)^2*f(b + c)*f(2*b + c)^2*mu(i)*mu(j)*mu(k)
         *la(i)*[1/f(2*b)] - 12*f(a + b)^2*f(2*b + c)*f(a + b + c)*mu(i)*mu(j)
         *mu(k) + 6*f(a + b)*f(a + 2*b)^2*f(b + c)^2*mu(i)*mu(j)*mu(k)*
         [1/f(2*b)] - 6*f(a + b)*f(a + 2*b)*f(a + c)*f(a + b + c)*mu(i)*mu(j)
          - 6*f(a + b)*f(a + 2*b)*f(a + c)*f(a + b + c)*mu(i)*mu(k) - 2*f(a + 
         b)*f(a + 2*b)*f(a + c)^2*f(2*b + c)*mu(i)*la(j)*[1/f(2*b)] - 2*f(a + 
         b)*f(a + 2*b)*f(a + c)^2*f(2*b + c)*mu(i)*la(k)*[1/f(2*b)] + 2*f(a + 
         b)*f(a + 2*b)*f(a + c)*f(a + 2*c)*f(b + c)*la(i)*la(j)*[1/f(2*b)] + 2
         *f(a + b)*f(a + 2*b)*f(a + c)*f(a + 2*c)*f(b + c)*la(i)*la(k)*
         [1/f(2*b)] - f(a + b)*f(a + 2*b)*f(a + c)*f(a + 2*c)*mu(i)*la(j) - f(
         a + b)*f(a + 2*b)*f(a + c)*f(a + 2*c)*mu(i)*la(k) + 3*f(a + b)*f(a + 
         2*b)*f(a + c)*f(a + 2*c)*mu(j)*la(i) + 3*f(a + b)*f(a + 2*b)*f(a + c)
         *f(a + 2*c)*mu(k)*la(i) - 2*f(a + b)*f(a + 2*b)*f(a + c)*f(2*a + b)*
         f(b + c)*mu(i)*[1/f(2*b)] + 2*f(a + b)*f(a + 2*b)*f(a + c)*f(2*a + c)
         *f(b + c)*la(i)*[1/f(2*b)] - 4*f(a + b)*f(a + 2*b)*f(a + c)*f(2*a + c
         )*mu(i) - 4*f(a + b)*f(a + 2*b)*f(a + c)*f(b + c)*f(a + b + c)*mu(i)*
         la(j)*[1/f(2*b)] - 4*f(a + b)*f(a + 2*b)*f(a + c)*f(b + c)*f(a + b + 
         c)*mu(i)*la(k)*[1/f(2*b)] - 6*f(a + b)*f(a + 2*b)*f(a + c)*f(b + c)*
         f(b + 2*c)*mu(i)*la(j)*la(k)*[1/f(2*b)] - 12*f(a + b)*f(a + 2*b)*f(a
          + c)*f(b + c)*f(2*b + c)*mu(i)*mu(j)*la(k)*[1/f(2*b)] - 12*f(a + b)*
         f(a + 2*b)*f(a + c)*f(b + c)*f(2*b + c)*mu(i)*mu(k)*la(j)*[1/f(2*b)]
          - 12*f(a + b)*f(a + 2*b)*f(a + c)*f(b + c)*f(2*b + c)*mu(j)*mu(k)*
         la(i)*[1/f(2*b)] + 3*f(a + b)*f(a + 2*b)*f(a + c)*f(b + 2*c)*mu(i)*
         mu(j)*la(k) + 3*f(a + b)*f(a + 2*b)*f(a + c)*f(b + 2*c)*mu(i)*mu(k)*
         la(j) + 12*f(a + b)*f(a + 2*b)*f(a + c)*f(b + 2*c)*mu(j)*mu(k)*la(i)
          + 2*f(a + b)*f(a + 2*b)*f(a + 2*c)*f(b + c)^2*mu(i)*la(i)*la(j)*
         [1/f(2*b)] + 2*f(a + b)*f(a + 2*b)*f(a + 2*c)*f(b + c)^2*mu(i)*la(i)*
         la(k)*[1/f(2*b)] - 2*f(a + b)*f(a + 2*b)*f(a + 2*c)*f(b + c)^2*mu(i)*
         la(j)*la(k)*[1/f(2*b)] + f(a + b)*f(a + 2*b)*f(a + 2*c)*f(b + c)*mu(i
         )*mu(j)*la(i) - 5*f(a + b)*f(a + 2*b)*f(a + 2*c)*f(b + c)*mu(i)*mu(j)
         *la(k) + f(a + b)*f(a + 2*b)*f(a + 2*c)*f(b + c)*mu(i)*mu(k)*la(i) - 
         5*f(a + b)*f(a + 2*b)*f(a + 2*c)*f(b + c)*mu(i)*mu(k)*la(j) - 2*f(a
          + b)*f(a + 2*b)*f(a + 2*c)*f(b + c)*mu(j)*mu(k)*la(i) + 2*f(a + b)*
         f(a + 2*b)*f(2*a + c)*f(b + c)^2*mu(i)*la(i)*[1/f(2*b)] - 2*f(a + b)*
         f(a + 2*b)*f(2*a + c)*f(b + c)^2*mu(i)*la(j)*[1/f(2*b)] - 2*f(a + b)*
         f(a + 2*b)*f(2*a + c)*f(b + c)^2*mu(i)*la(k)*[1/f(2*b)] - 5*f(a + b)*
         f(a + 2*b)*f(2*a + c)*f(b + c)*mu(i)*mu(j) - 5*f(a + b)*f(a + 2*b)*f(
         2*a + c)*f(b + c)*mu(i)*mu(k) - f(a + b)*f(a + 2*b)*f(2*a + c)*f(b + 
         c)*mu(j)*mu(k) - 12*f(a + b)*f(a + 2*b)*f(b + c)*f(a + b + c)*mu(i)*
         mu(j)*mu(k) - 12*f(a + b)*f(a + 2*b)*f(b + c)^2*f(2*b + c)*mu(i)*mu(j
         )*mu(k)*la(i)*[1/f(2*b)] + 12*f(a + b)*f(a + 2*b)*f(b + c)*f(b + 2*c)
         *mu(i)*mu(j)*mu(k)*la(i) - 4*f(a + b)*f(a + c)*f(a + b + c)^2*mu(i)*
         la(j) - 4*f(a + b)*f(a + c)*f(a + b + c)^2*mu(i)*la(k) + 2*f(a + b)*
         f(a + c)^2*f(2*a + b)*f(2*b + c)*la(i)*[1/f(2*b)] + 6*f(a + b)*f(a + 
         c)^2*f(b + 2*c)*f(2*b + c)*la(i)*la(j)*la(k)*[1/f(2*b)] + 4*f(a + b)*
         f(a + c)^2*f(2*b + c)*f(a + b + c)*la(i)*la(j)*[1/f(2*b)] + 4*f(a + b
         )*f(a + c)^2*f(2*b + c)*f(a + b + c)*la(i)*la(k)*[1/f(2*b)] + 6*f(a
          + b)*f(a + c)^2*f(2*b + c)^2*mu(j)*la(i)*la(k)*[1/f(2*b)] + 6*f(a + 
         b)*f(a + c)^2*f(2*b + c)^2*mu(k)*la(i)*la(j)*[1/f(2*b)] + 2*f(a + b)*
         f(a + c)*f(a + 2*c)*f(a + b + c)*la(i)*la(j) + 2*f(a + b)*f(a + c)*f(
         a + 2*c)*f(a + b + c)*la(i)*la(k) - 2*f(a + b)*f(a + c)*f(a + 2*c)*f(
         b + c)*f(2*b + c)*la(i)^2*la(j)*[1/f(2*b)] - 2*f(a + b)*f(a + c)*f(a
          + 2*c)*f(b + c)*f(2*b + c)*la(i)^2*la(k)*[1/f(2*b)] + 2*f(a + b)*f(a
          + c)*f(a + 2*c)*f(b + c)*f(2*b + c)*la(i)*la(j)*la(k)*[1/f(2*b)] - 2
         *f(a + b)*f(a + c)*f(a + 2*c)*f(b + 2*c)*la(i)*la(j)*la(k) - 4*f(a + 
         b)*f(a + c)*f(a + 2*c)*f(2*b + c)*mu(i)*la(j)*la(k) - 3*f(a + b)*f(a
          + c)*f(a + 2*c)*f(2*b + c)*mu(j)*la(i)*la(k) - 3*f(a + b)*f(a + c)*
         f(a + 2*c)*f(2*b + c)*mu(k)*la(i)*la(j) - 2*f(a + b)*f(a + c)*f(2*a
          + b)*f(a + b + c)*mu(i) + 6*f(a + b)*f(a + c)*f(2*a + b)*f(2*a + c)
          + 2*f(a + b)*f(a + c)*f(2*a + b)*f(b + c)*f(2*b + c)*mu(i)*la(i)*
         [1/f(2*b)] - 2*f(a + b)*f(a + c)*f(2*a + b)*f(b + c)*f(2*b + c)*mu(i)
         *la(j)*[1/f(2*b)] - 2*f(a + b)*f(a + c)*f(2*a + b)*f(b + c)*f(2*b + c
         )*mu(i)*la(k)*[1/f(2*b)] - 2*f(a + b)*f(a + c)*f(2*a + b)*f(b + 2*c)*
         mu(i)*la(i) - 2*f(a + b)*f(a + c)*f(2*a + b)*f(b + 2*c)*mu(j)*la(i)
          - f(a + b)*f(a + c)*f(2*a + b)*f(b + 2*c)*mu(j)*la(k) - 2*f(a + b)*
         f(a + c)*f(2*a + b)*f(b + 2*c)*mu(k)*la(i) - f(a + b)*f(a + c)*f(2*a
          + b)*f(b + 2*c)*mu(k)*la(j) + f(a + b)*f(a + c)*f(2*a + b)*f(2*b + c
         )*mu(i)*mu(j) + f(a + b)*f(a + c)*f(2*a + b)*f(2*b + c)*mu(i)*mu(k)
          - f(a + b)*f(a + c)*f(2*a + b)*f(2*b + c)*mu(j)*mu(k) + 2*f(a + b)*
         f(a + c)*f(2*a + c)*f(a + b + c)*la(i) - 2*f(a + b)*f(a + c)*f(2*a + 
         c)*f(b + c)*f(2*b + c)*la(i)^2*[1/f(2*b)] + 2*f(a + b)*f(a + c)*f(2*a
          + c)*f(b + c)*f(2*b + c)*la(i)*la(j)*[1/f(2*b)] + 2*f(a + b)*f(a + c
         )*f(2*a + c)*f(b + c)*f(2*b + c)*la(i)*la(k)*[1/f(2*b)] - f(a + b)*f(
         a + c)*f(2*a + c)*f(b + 2*c)*la(i)^2 - 4*f(a + b)*f(a + c)*f(2*a + c)
         *f(b + 2*c)*la(i)*la(j) - 4*f(a + b)*f(a + c)*f(2*a + c)*f(b + 2*c)*
         la(i)*la(k) - f(a + b)*f(a + c)*f(2*a + c)*f(b + 2*c)*la(j)*la(k) - 2
         *f(a + b)*f(a + c)*f(2*a + c)*f(2*b + c)*mu(i)*la(i) - 3*f(a + b)*f(a
          + c)*f(2*a + c)*f(2*b + c)*mu(i)*la(j) - 3*f(a + b)*f(a + c)*f(2*a
          + c)*f(2*b + c)*mu(i)*la(k) - 5*f(a + b)*f(a + c)*f(2*a + c)*f(2*b
          + c)*mu(j)*la(i) - f(a + b)*f(a + c)*f(2*a + c)*f(2*b + c)*mu(j)*la(
         k) - 5*f(a + b)*f(a + c)*f(2*a + c)*f(2*b + c)*mu(k)*la(i) - f(a + b)
         *f(a + c)*f(2*a + c)*f(2*b + c)*mu(k)*la(j) + 6*f(a + b)*f(a + c)*f(b
          + c)*f(b + 2*c)*f(2*b + c)*mu(i)*la(i)*la(j)*la(k)*[1/f(2*b)] + 4*f(
         a + b)*f(a + c)*f(b + c)*f(2*b + c)*f(a + b + c)*mu(i)*la(i)*la(j)*
         [1/f(2*b)] + 4*f(a + b)*f(a + c)*f(b + c)*f(2*b + c)*f(a + b + c)*mu(
         i)*la(i)*la(k)*[1/f(2*b)] - 4*f(a + b)*f(a + c)*f(b + c)*f(2*b + c)*
         f(a + b + c)*mu(i)*la(j)*la(k)*[1/f(2*b)] + 6*f(a + b)*f(a + c)*f(b
          + c)*f(2*b + c)^2*mu(i)*mu(j)*la(i)*la(k)*[1/f(2*b)] + 6*f(a + b)*f(
         a + c)*f(b + c)*f(2*b + c)^2*mu(i)*mu(k)*la(i)*la(j)*[1/f(2*b)] + 6*
         f(a + b)*f(a + c)*f(b + c)*f(2*b + c)^2*mu(j)*mu(k)*la(i)^2*
         [1/f(2*b)] - 4*f(a + b)*f(a + c)*f(b + 2*c)*f(a + b + c)*mu(i)*la(i)*
         la(j) - 4*f(a + b)*f(a + c)*f(b + 2*c)*f(a + b + c)*mu(i)*la(i)*la(k)
          - 6*f(a + b)*f(a + c)*f(b + 2*c)*f(a + b + c)*mu(i)*la(j)*la(k) - 2*
         f(a + b)*f(a + c)*f(b + 2*c)*f(a + b + c)*mu(j)*la(i)^2 - 4*f(a + b)*
         f(a + c)*f(b + 2*c)*f(a + b + c)*mu(j)*la(i)*la(k) - 2*f(a + b)*f(a
          + c)*f(b + 2*c)*f(a + b + c)*mu(k)*la(i)^2 - 4*f(a + b)*f(a + c)*f(b
          + 2*c)*f(a + b + c)*mu(k)*la(i)*la(j) - 6*f(a + b)*f(a + c)*f(b + 2*
         c)^2*mu(i)*la(i)*la(j)*la(k) - 3*f(a + b)*f(a + c)*f(b + 2*c)^2*mu(j)
         *la(i)^2*la(k) - 3*f(a + b)*f(a + c)*f(b + 2*c)^2*mu(k)*la(i)^2*la(j)
          - 6*f(a + b)*f(a + c)*f(b + 2*c)*f(2*b + c)*mu(i)*mu(j)*la(i)*la(k)
          - 6*f(a + b)*f(a + c)*f(b + 2*c)*f(2*b + c)*mu(i)*mu(k)*la(i)*la(j)
          - 3*f(a + b)*f(a + c)*f(b + 2*c)*f(2*b + c)*mu(j)*mu(k)*la(i)^2 - 4*
         f(a + b)*f(a + c)*f(2*b + c)*f(a + b + c)*mu(i)*mu(j)*la(i) - 10*f(a
          + b)*f(a + c)*f(2*b + c)*f(a + b + c)*mu(i)*mu(j)*la(k) - 4*f(a + b)
         *f(a + c)*f(2*b + c)*f(a + b + c)*mu(i)*mu(k)*la(i) - 10*f(a + b)*f(a
          + c)*f(2*b + c)*f(a + b + c)*mu(i)*mu(k)*la(j) - 16*f(a + b)*f(a + c
         )*f(2*b + c)*f(a + b + c)*mu(j)*mu(k)*la(i) - 6*f(a + b)*f(a + c)*f(2
         *b + c)^2*mu(i)*mu(j)*mu(k)*la(i) - 3*f(a + b)*f(a + 2*c)^2*f(b + c)*
         la(i)^2*la(j) - 3*f(a + b)*f(a + 2*c)^2*f(b + c)*la(i)^2*la(k) - 6*f(
         a + b)*f(a + 2*c)^2*f(b + c)*la(i)*la(j)*la(k) - 2*f(a + b)*f(a + 2*c
         )*f(2*a + b)*f(b + c)*mu(i)*la(j) - 2*f(a + b)*f(a + 2*c)*f(2*a + b)*
         f(b + c)*mu(i)*la(k) - 3*f(a + b)*f(a + 2*c)*f(2*a + c)*f(b + c)*la(i
         )^2 - 6*f(a + b)*f(a + 2*c)*f(2*a + c)*f(b + c)*la(i)*la(j) - 6*f(a
          + b)*f(a + 2*c)*f(2*a + c)*f(b + c)*la(i)*la(k) - 3*f(a + b)*f(a + 2
         *c)*f(2*a + c)*f(b + c)*la(j)*la(k) - 2*f(a + b)*f(a + 2*c)*f(b + c)*
         f(a + b + c)*mu(i)*la(i)*la(j) - 2*f(a + b)*f(a + 2*c)*f(b + c)*f(a
          + b + c)*mu(i)*la(i)*la(k) - 2*f(a + b)*f(a + 2*c)*f(b + c)*f(a + b
          + c)*mu(i)*la(j)*la(k) - 2*f(a + b)*f(a + 2*c)*f(b + c)*f(a + b + c)
         *mu(j)*la(i)^2 - 4*f(a + b)*f(a + 2*c)*f(b + c)*f(a + b + c)*mu(j)*
         la(i)*la(k) - 2*f(a + b)*f(a + 2*c)*f(b + c)*f(a + b + c)*mu(k)*la(i)
         ^2 - 4*f(a + b)*f(a + 2*c)*f(b + c)*f(a + b + c)*mu(k)*la(i)*la(j) + 
         2*f(a + b)*f(a + 2*c)*f(b + c)^2*f(2*b + c)*mu(i)*la(i)*la(j)*la(k)*
         [1/f(2*b)] - 2*f(a + b)*f(a + 2*c)*f(b + c)*f(b + 2*c)*mu(i)*la(i)*
         la(j)*la(k) - 5*f(a + b)*f(a + 2*c)*f(b + c)*f(2*b + c)*mu(i)*mu(j)*
         la(i)*la(k) - 5*f(a + b)*f(a + 2*c)*f(b + c)*f(2*b + c)*mu(i)*mu(k)*
         la(i)*la(j) - f(a + b)*f(a + 2*c)*f(b + c)*f(2*b + c)*mu(j)*mu(k)*la(
         i)^2 - 2*f(a + b)*f(2*a + b)*f(2*a + c)*f(b + c)*mu(i) + 12*f(a + b)*
         f(2*a + b)*f(b + c)*f(2*b + c)*mu(i)*mu(j)*mu(k) - 6*f(a + b)*f(2*a
          + c)^2*f(b + c)*la(i) - 3*f(a + b)*f(2*a + c)^2*f(b + c)*la(j) - 3*
         f(a + b)*f(2*a + c)^2*f(b + c)*la(k) - 2*f(a + b)*f(2*a + c)*f(b + c)
         *f(a + b + c)*mu(i)*la(i) - 2*f(a + b)*f(2*a + c)*f(b + c)*f(a + b + 
         c)*mu(i)*la(j) - 2*f(a + b)*f(2*a + c)*f(b + c)*f(a + b + c)*mu(i)*
         la(k) - 4*f(a + b)*f(2*a + c)*f(b + c)*f(a + b + c)*mu(j)*la(i) - 2*
         f(a + b)*f(2*a + c)*f(b + c)*f(a + b + c)*mu(j)*la(k) - 4*f(a + b)*f(
         2*a + c)*f(b + c)*f(a + b + c)*mu(k)*la(i) - 2*f(a + b)*f(2*a + c)*f(
         b + c)*f(a + b + c)*mu(k)*la(j) + 2*f(a + b)*f(2*a + c)*f(b + c)^2*f(
         2*b + c)*mu(i)*la(i)*la(j)*[1/f(2*b)] + 2*f(a + b)*f(2*a + c)*f(b + c
         )^2*f(2*b + c)*mu(i)*la(i)*la(k)*[1/f(2*b)] - 2*f(a + b)*f(2*a + c)*
         f(b + c)*f(b + 2*c)*mu(i)*la(i)*la(j) - 2*f(a + b)*f(2*a + c)*f(b + c
         )*f(b + 2*c)*mu(i)*la(i)*la(k) - 5*f(a + b)*f(2*a + c)*f(b + c)*f(2*b
          + c)*mu(i)*mu(j)*la(i) + f(a + b)*f(2*a + c)*f(b + c)*f(2*b + c)*mu(
         i)*mu(j)*la(k) - 5*f(a + b)*f(2*a + c)*f(b + c)*f(2*b + c)*mu(i)*mu(k
         )*la(i) + f(a + b)*f(2*a + c)*f(b + c)*f(2*b + c)*mu(i)*mu(k)*la(j)
          - 2*f(a + b)*f(2*a + c)*f(b + c)*f(2*b + c)*mu(j)*mu(k)*la(i) - 12*
         f(a + b)*f(b + c)*f(2*b + c)*f(a + b + c)*mu(i)*mu(j)*mu(k)*la(i) + 6
         *f(a + 2*b)^2*f(a + c)^2*f(b + c)*mu(j)*la(i)*[1/f(2*b)] + 6*f(a + 2*
         b)^2*f(a + c)^2*f(b + c)*mu(k)*la(i)*[1/f(2*b)] + 3*f(a + 2*b)^2*f(a
          + c)^2*mu(i)*mu(j) + 3*f(a + 2*b)^2*f(a + c)^2*mu(i)*mu(k) + 6*f(a
          + 2*b)^2*f(a + c)*f(b + c)^2*mu(i)*mu(j)*la(i)*[1/f(2*b)] + 6*f(a + 
         2*b)^2*f(a + c)*f(b + c)^2*mu(i)*mu(k)*la(i)*[1/f(2*b)] + 6*f(a + 2*b
         )^2*f(a + c)*f(b + c)^2*mu(j)*mu(k)*la(i)*[1/f(2*b)] - 6*f(a + 2*b)^2
         *f(a + c)*f(b + c)*mu(i)*mu(j)*mu(k) + 6*f(a + 2*b)^2*f(b + c)^3*mu(i
         )*mu(j)*mu(k)*la(i)*[1/f(2*b)] + 4*f(a + 2*b)*f(a + c)^2*f(a + b + c)
         *mu(i)*la(j) + 4*f(a + 2*b)*f(a + c)^2*f(a + b + c)*mu(i)*la(k) - 6*
         f(a + 2*b)*f(a + c)^2*f(a + b + c)*mu(j)*la(i) - 6*f(a + 2*b)*f(a + c
         )^2*f(a + b + c)*mu(k)*la(i) - 2*f(a + 2*b)*f(a + c)^3*f(2*b + c)*la(
         i)*la(j)*[1/f(2*b)] - 2*f(a + 2*b)*f(a + c)^3*f(2*b + c)*la(i)*la(k)*
         [1/f(2*b)] - f(a + 2*b)*f(a + c)^2*f(a + 2*c)*la(i)*la(j) - f(a + 2*b
         )*f(a + c)^2*f(a + 2*c)*la(i)*la(k) + 6*f(a + 2*b)*f(a + c)^2*f(2*a
          + b)*f(b + c)*la(i)*[1/f(2*b)] + 4*f(a + 2*b)*f(a + c)^2*f(2*a + b)*
         mu(i) - 4*f(a + 2*b)*f(a + c)^2*f(2*a + c)*la(i) + 4*f(a + 2*b)*f(a
          + c)^2*f(b + c)*f(a + b + c)*la(i)*la(j)*[1/f(2*b)] + 4*f(a + 2*b)*
         f(a + c)^2*f(b + c)*f(a + b + c)*la(i)*la(k)*[1/f(2*b)] + 2*f(a + 2*b
         )*f(a + c)^2*f(b + c)*f(b + 2*c)*la(i)*la(j)*la(k)*[1/f(2*b)] - 2*f(a
          + 2*b)*f(a + c)^2*f(b + c)*f(2*b + c)*mu(i)*la(i)*la(j)*[1/f(2*b)]
          - 2*f(a + 2*b)*f(a + c)^2*f(b + c)*f(2*b + c)*mu(i)*la(i)*la(k)*
         [1/f(2*b)] + 2*f(a + 2*b)*f(a + c)^2*f(b + 2*c)*mu(i)*la(i)*la(j) + 2
         *f(a + 2*b)*f(a + c)^2*f(b + 2*c)*mu(i)*la(i)*la(k) + 6*f(a + 2*b)*f(
         a + c)^2*f(b + 2*c)*mu(i)*la(j)*la(k) + f(a + 2*b)*f(a + c)^2*f(b + 2
         *c)*mu(j)*la(i)^2 + 5*f(a + 2*b)*f(a + c)^2*f(b + 2*c)*mu(j)*la(i)*
         la(k) + f(a + 2*b)*f(a + c)^2*f(b + 2*c)*mu(k)*la(i)^2 + 5*f(a + 2*b)
         *f(a + c)^2*f(b + 2*c)*mu(k)*la(i)*la(j) + 2*f(a + 2*b)*f(a + c)^2*f(
         2*b + c)*mu(i)*mu(j)*la(i) + 8*f(a + 2*b)*f(a + c)^2*f(2*b + c)*mu(i)
         *mu(j)*la(k) + 2*f(a + 2*b)*f(a + c)^2*f(2*b + c)*mu(i)*mu(k)*la(i)
          + 8*f(a + 2*b)*f(a + c)^2*f(2*b + c)*mu(i)*mu(k)*la(j) + 2*f(a + 2*b
         )*f(a + c)^2*f(2*b + c)*mu(j)*mu(k)*la(i) - 2*f(a + 2*b)*f(a + c)*f(a
          + 2*c)*f(b + c)^2*la(i)*la(j)*la(k)*[1/f(2*b)] - 3*f(a + 2*b)*f(a + 
         c)*f(a + 2*c)*f(b + c)*mu(i)*la(i)*la(j) - 3*f(a + 2*b)*f(a + c)*f(a
          + 2*c)*f(b + c)*mu(i)*la(i)*la(k) - 2*f(a + 2*b)*f(a + c)*f(a + 2*c)
         *f(b + c)*mu(i)*la(j)*la(k) - f(a + 2*b)*f(a + c)*f(a + 2*c)*f(b + c)
         *mu(j)*la(i)^2 - 5*f(a + 2*b)*f(a + c)*f(a + 2*c)*f(b + c)*mu(j)*la(i
         )*la(k) - f(a + 2*b)*f(a + c)*f(a + 2*c)*f(b + c)*mu(k)*la(i)^2 - 5*
         f(a + 2*b)*f(a + c)*f(a + 2*c)*f(b + c)*mu(k)*la(i)*la(j) + 6*f(a + 2
         *b)*f(a + c)*f(2*a + b)*f(b + c)^2*mu(i)*la(i)*[1/f(2*b)] - 6*f(a + 2
         *b)*f(a + c)*f(2*a + b)*f(b + c)*mu(i)*mu(j) - 6*f(a + 2*b)*f(a + c)*
         f(2*a + b)*f(b + c)*mu(i)*mu(k) - 3*f(a + 2*b)*f(a + c)*f(2*a + b)*f(
         b + c)*mu(j)*mu(k) - 2*f(a + 2*b)*f(a + c)*f(2*a + c)*f(b + c)^2*la(i
         )*la(j)*[1/f(2*b)] - 2*f(a + 2*b)*f(a + c)*f(2*a + c)*f(b + c)^2*la(i
         )*la(k)*[1/f(2*b)] - 4*f(a + 2*b)*f(a + c)*f(2*a + c)*f(b + c)*mu(i)*
         la(i) - 3*f(a + 2*b)*f(a + c)*f(2*a + c)*f(b + c)*mu(j)*la(i) - 3*f(a
          + 2*b)*f(a + c)*f(2*a + c)*f(b + c)*mu(k)*la(i) - 10*f(a + 2*b)*f(a
          + c)*f(b + c)*f(a + b + c)*mu(i)*mu(j)*la(i) - 4*f(a + 2*b)*f(a + c)
         *f(b + c)*f(a + b + c)*mu(i)*mu(j)*la(k) - 10*f(a + 2*b)*f(a + c)*f(b
          + c)*f(a + b + c)*mu(i)*mu(k)*la(i) - 4*f(a + 2*b)*f(a + c)*f(b + c)
         *f(a + b + c)*mu(i)*mu(k)*la(j) - 16*f(a + 2*b)*f(a + c)*f(b + c)*f(a
          + b + c)*mu(j)*mu(k)*la(i) + 4*f(a + 2*b)*f(a + c)*f(b + c)^2*f(a + 
         b + c)*mu(i)*la(i)*la(j)*[1/f(2*b)] + 4*f(a + 2*b)*f(a + c)*f(b + c)^
         2*f(a + b + c)*mu(i)*la(i)*la(k)*[1/f(2*b)] + 2*f(a + 2*b)*f(a + c)*
         f(b + c)^2*f(b + 2*c)*mu(i)*la(i)*la(j)*la(k)*[1/f(2*b)] + f(a + 2*b)
         *f(a + c)*f(b + c)*f(b + 2*c)*mu(i)*mu(j)*la(i)*la(k) + f(a + 2*b)*f(
         a + c)*f(b + c)*f(b + 2*c)*mu(i)*mu(k)*la(i)*la(j) - f(a + 2*b)*f(a
          + c)*f(b + c)*f(b + 2*c)*mu(j)*mu(k)*la(i)^2 - 2*f(a + 2*b)*f(a + 2*
         c)*f(b + c)^3*mu(i)*la(i)*la(j)*la(k)*[1/f(2*b)] - f(a + 2*b)*f(a + 2
         *c)*f(b + c)^2*mu(i)*mu(j)*la(i)*la(k) - f(a + 2*b)*f(a + 2*c)*f(b + 
         c)^2*mu(i)*mu(k)*la(i)*la(j) + f(a + 2*b)*f(a + 2*c)*f(b + c)^2*mu(j)
         *mu(k)*la(i)^2 - 2*f(a + 2*b)*f(2*a + c)*f(b + c)^3*mu(i)*la(i)*la(j)
         *[1/f(2*b)] - 2*f(a + 2*b)*f(2*a + c)*f(b + c)^3*mu(i)*la(i)*la(k)*
         [1/f(2*b)] - f(a + 2*b)*f(2*a + c)*f(b + c)^2*mu(i)*mu(j)*la(i) + 2*
         f(a + 2*b)*f(2*a + c)*f(b + c)^2*mu(i)*mu(j)*la(k) - f(a + 2*b)*f(2*a
          + c)*f(b + c)^2*mu(i)*mu(k)*la(i) + 2*f(a + 2*b)*f(2*a + c)*f(b + c)
         ^2*mu(i)*mu(k)*la(j) + 2*f(a + 2*b)*f(2*a + c)*f(b + c)^2*mu(j)*mu(k)
         *la(i) - 12*f(a + 2*b)*f(b + c)^2*f(a + b + c)*mu(i)*mu(j)*mu(k)*la(i
         ) - 4*f(a + c)^2*f(a + b + c)^2*la(i)*la(j) - 4*f(a + c)^2*f(a + b + 
         c)^2*la(i)*la(k) + f(a + c)^2*f(a + 2*c)*f(2*b + c)*la(i)^2*la(j) + 
         f(a + c)^2*f(a + 2*c)*f(2*b + c)*la(i)^2*la(k) - 4*f(a + c)^2*f(a + 2
         *c)*f(2*b + c)*la(i)*la(j)*la(k) - 2*f(a + c)^2*f(2*a + b)*f(a + b + 
         c)*la(i) - 3*f(a + c)^2*f(2*a + b)^2 + f(a + c)^2*f(2*a + b)*f(b + 2*
         c)*la(i)^2 + 4*f(a + c)^2*f(2*a + b)*f(b + 2*c)*la(i)*la(j) + 4*f(a
          + c)^2*f(2*a + b)*f(b + 2*c)*la(i)*la(k) + f(a + c)^2*f(2*a + b)*f(b
          + 2*c)*la(j)*la(k) + 2*f(a + c)^2*f(2*a + b)*f(2*b + c)*mu(i)*la(i)
          + 3*f(a + c)^2*f(2*a + b)*f(2*b + c)*mu(i)*la(j) + 3*f(a + c)^2*f(2*
         a + b)*f(2*b + c)*mu(i)*la(k) + 5*f(a + c)^2*f(2*a + b)*f(2*b + c)*
         mu(j)*la(i) + f(a + c)^2*f(2*a + b)*f(2*b + c)*mu(j)*la(k) + 5*f(a + 
         c)^2*f(2*a + b)*f(2*b + c)*mu(k)*la(i) + f(a + c)^2*f(2*a + b)*f(2*b
          + c)*mu(k)*la(j) + f(a + c)^2*f(2*a + c)*f(2*b + c)*la(i)^2 - f(a + 
         c)^2*f(2*a + c)*f(2*b + c)*la(i)*la(j) - f(a + c)^2*f(2*a + c)*f(2*b
          + c)*la(i)*la(k) - 2*f(a + c)^2*f(b + 2*c)*f(a + b + c)*la(i)*la(j)*
         la(k) - 3*f(a + c)^2*f(b + 2*c)^2*la(i)^2*la(j)*la(k) + 2*f(a + c)^2*
         f(2*b + c)*f(a + b + c)*mu(i)*la(j)*la(k) - 6*f(a + c)^2*f(2*b + c)*
         f(a + b + c)*mu(j)*la(i)*la(k) - 6*f(a + c)^2*f(2*b + c)*f(a + b + c)
         *mu(k)*la(i)*la(j) - 3*f(a + c)^2*f(2*b + c)^2*mu(j)*mu(k)*la(i)^2 - 
         f(a + c)*f(a + 2*c)*f(2*a + b)*f(b + c)*la(i)^2 - 4*f(a + c)*f(a + 2*
         c)*f(2*a + b)*f(b + c)*la(i)*la(j) - 4*f(a + c)*f(a + 2*c)*f(2*a + b)
         *f(b + c)*la(i)*la(k) - f(a + c)*f(a + 2*c)*f(2*a + b)*f(b + c)*la(j)
         *la(k) + 2*f(a + c)*f(a + 2*c)*f(b + c)*f(a + b + c)*la(i)*la(j)*la(k
         ) + 6*f(a + c)*f(a + 2*c)*f(b + c)*f(b + 2*c)*la(i)^2*la(j)*la(k) - 4
         *f(a + c)*f(a + 2*c)*f(b + c)*f(2*b + c)*mu(i)*la(i)*la(j)*la(k) - 6*
         f(a + c)*f(2*a + b)^2*f(b + c)*mu(i) - 3*f(a + c)*f(2*a + b)^2*f(b + 
         c)*mu(j) - 3*f(a + c)*f(2*a + b)^2*f(b + c)*mu(k) - 2*f(a + c)*f(2*a
          + b)*f(2*a + c)*f(b + c)*la(i) - 6*f(a + c)*f(2*a + b)*f(b + c)*f(a
          + b + c)*mu(i)*la(i) - 4*f(a + c)*f(2*a + b)*f(b + c)*f(a + b + c)*
         mu(i)*la(j) - 4*f(a + c)*f(2*a + b)*f(b + c)*f(a + b + c)*mu(i)*la(k)
          - 4*f(a + c)*f(2*a + b)*f(b + c)*f(a + b + c)*mu(j)*la(i) - 2*f(a + 
         c)*f(2*a + b)*f(b + c)*f(a + b + c)*mu(j)*la(k) - 4*f(a + c)*f(2*a + 
         b)*f(b + c)*f(a + b + c)*mu(k)*la(i) - 2*f(a + c)*f(2*a + b)*f(b + c)
         *f(a + b + c)*mu(k)*la(j) - 2*f(a + c)*f(2*a + b)*f(b + c)*f(b + 2*c)
         *mu(i)*la(j)*la(k) - f(a + c)*f(2*a + b)*f(b + c)*f(b + 2*c)*mu(j)*
         la(i)^2 - 2*f(a + c)*f(2*a + b)*f(b + c)*f(b + 2*c)*mu(j)*la(i)*la(k)
          - f(a + c)*f(2*a + b)*f(b + c)*f(b + 2*c)*mu(k)*la(i)^2 - 2*f(a + c)
         *f(2*a + b)*f(b + c)*f(b + 2*c)*mu(k)*la(i)*la(j) + 3*f(a + c)*f(2*a
          + b)*f(b + c)*f(2*b + c)*mu(i)*mu(j)*la(i) + 3*f(a + c)*f(2*a + b)*
         f(b + c)*f(2*b + c)*mu(i)*mu(k)*la(i) + 12*f(a + c)*f(2*a + b)*f(b + 
         c)*f(2*b + c)*mu(j)*mu(k)*la(i) + 2*f(a + c)*f(2*a + c)*f(b + c)*f(a
          + b + c)*la(i)*la(j) + 2*f(a + c)*f(2*a + c)*f(b + c)*f(a + b + c)*
         la(i)*la(k) - f(a + c)*f(2*a + c)*f(b + c)*f(2*b + c)*mu(i)*la(i)*la(
         j) - f(a + c)*f(2*a + c)*f(b + c)*f(2*b + c)*mu(i)*la(i)*la(k) + 3*f(
         a + c)*f(2*a + c)*f(b + c)*f(2*b + c)*mu(j)*la(i)*la(k) + 3*f(a + c)*
         f(2*a + c)*f(b + c)*f(2*b + c)*mu(k)*la(i)*la(j) - 4*f(a + c)*f(b + c
         )*f(a + b + c)^2*mu(i)*la(i)*la(j) - 4*f(a + c)*f(b + c)*f(a + b + c)
         ^2*mu(i)*la(i)*la(k) - 2*f(a + c)*f(b + c)*f(b + 2*c)*f(a + b + c)*
         mu(i)*la(i)*la(j)*la(k) - 6*f(a + c)*f(b + c)*f(2*b + c)*f(a + b + c)
         *mu(i)*mu(j)*la(i)*la(k) - 6*f(a + c)*f(b + c)*f(2*b + c)*f(a + b + c
         )*mu(i)*mu(k)*la(i)*la(j) - 3*f(a + 2*c)^2*f(b + c)^2*la(i)^2*la(j)*
         la(k) + 2*f(a + 2*c)*f(2*a + b)*f(b + c)^2*mu(i)*la(j)*la(k) + f(a + 
         2*c)*f(2*a + b)*f(b + c)^2*mu(j)*la(i)^2 + 2*f(a + 2*c)*f(2*a + b)*f(
         b + c)^2*mu(j)*la(i)*la(k) + f(a + 2*c)*f(2*a + b)*f(b + c)^2*mu(k)*
         la(i)^2 + 2*f(a + 2*c)*f(2*a + b)*f(b + c)^2*mu(k)*la(i)*la(j) + 2*f(
         a + 2*c)*f(b + c)^2*f(a + b + c)*mu(i)*la(i)*la(j)*la(k) - f(2*a)*f(a
          + b)^2*f(a + 2*c)*f(2*b + c)*la(j)*[1/f(2*b)] - f(2*a)*f(a + b)^2*f(
         a + 2*c)*f(2*b + c)*la(k)*[1/f(2*b)] - f(2*a)*f(a + b)^2*f(2*a + c)*
         f(2*b + c)*[1/f(2*b)] + f(2*a)*f(a + b)^2*f(b + 2*c)*f(2*b + c)*mu(i)
         *la(j)*[1/f(2*b)] + f(2*a)*f(a + b)^2*f(b + 2*c)*f(2*b + c)*mu(i)*la(
         k)*[1/f(2*b)] + 2*f(2*a)*f(a + b)^2*f(2*b + c)*f(a + b + c)*mu(i)*
         [1/f(2*b)] + 3*f(2*a)*f(a + b)^2*f(2*b + c)^2*mu(i)*mu(j)*[1/f(2*b)]
          + 3*f(2*a)*f(a + b)^2*f(2*b + c)^2*mu(i)*mu(k)*[1/f(2*b)] + 3*f(2*a)
         *f(a + b)^2*f(2*b + c)^2*mu(j)*mu(k)*[1/f(2*b)] - 2*f(2*a)*f(a + b)*
         f(a + b + c)^2*mu(i) - 2*f(2*a)*f(a + b)*f(a + 2*b)*f(a + c)*f(2*b + 
         c)*mu(i)*[1/f(2*b)] + f(2*a)*f(a + b)*f(a + 2*b)*f(a + 2*c)*f(b + c)*
         la(j)*[1/f(2*b)] + f(2*a)*f(a + b)*f(a + 2*b)*f(a + 2*c)*f(b + c)*la(
         k)*[1/f(2*b)] + 3*f(2*a)*f(a + b)*f(a + 2*b)*f(a + 2*c)*mu(i) + 3/2*
         f(2*a)*f(a + b)*f(a + 2*b)*f(a + 2*c)*mu(j) + 3/2*f(2*a)*f(a + b)*f(a
          + 2*b)*f(a + 2*c)*mu(k) + f(2*a)*f(a + b)*f(a + 2*b)*f(2*a + c)*f(b
          + c)*[1/f(2*b)] - 2*f(2*a)*f(a + b)*f(a + 2*b)*f(b + c)*f(a + b + c)
         *mu(i)*[1/f(2*b)] - f(2*a)*f(a + b)*f(a + 2*b)*f(b + c)*f(b + 2*c)*
         mu(i)*la(j)*[1/f(2*b)] - f(2*a)*f(a + b)*f(a + 2*b)*f(b + c)*f(b + 2*
         c)*mu(i)*la(k)*[1/f(2*b)] - 6*f(2*a)*f(a + b)*f(a + 2*b)*f(b + c)*f(2
         *b + c)*mu(i)*mu(j)*[1/f(2*b)] - 6*f(2*a)*f(a + b)*f(a + 2*b)*f(b + c
         )*f(2*b + c)*mu(i)*mu(k)*[1/f(2*b)] - 6*f(2*a)*f(a + b)*f(a + 2*b)*f(
         b + c)*f(2*b + c)*mu(j)*mu(k)*[1/f(2*b)] + 9/2*f(2*a)*f(a + b)*f(a + 
         2*b)*f(b + 2*c)*mu(i)*mu(j) + 9/2*f(2*a)*f(a + b)*f(a + 2*b)*f(b + 2*
         c)*mu(i)*mu(k) + 6*f(2*a)*f(a + b)*f(a + 2*b)*f(b + 2*c)*mu(j)*mu(k)
          + f(2*a)*f(a + b)*f(a + c)*f(2*a + b)*f(2*b + c)*[1/f(2*b)] + f(2*a)
         *f(a + b)*f(a + c)*f(b + 2*c)*f(2*b + c)*la(i)*la(j)*[1/f(2*b)] + f(2
         *a)*f(a + b)*f(a + c)*f(b + 2*c)*f(2*b + c)*la(i)*la(k)*[1/f(2*b)] + 
         3*f(2*a)*f(a + b)*f(a + c)*f(b + 2*c)*f(2*b + c)*la(j)*la(k)*
         [1/f(2*b)] + 2*f(2*a)*f(a + b)*f(a + c)*f(2*b + c)*f(a + b + c)*la(i)
         *[1/f(2*b)] + 2*f(2*a)*f(a + b)*f(a + c)*f(2*b + c)*f(a + b + c)*la(j
         )*[1/f(2*b)] + 2*f(2*a)*f(a + b)*f(a + c)*f(2*b + c)*f(a + b + c)*la(
         k)*[1/f(2*b)] + f(2*a)*f(a + b)*f(a + c)*f(2*b + c)^2*mu(i)*la(j)*
         [1/f(2*b)] + f(2*a)*f(a + b)*f(a + c)*f(2*b + c)^2*mu(i)*la(k)*
         [1/f(2*b)] + 3*f(2*a)*f(a + b)*f(a + c)*f(2*b + c)^2*mu(j)*la(i)*
         [1/f(2*b)] + 3*f(2*a)*f(a + b)*f(a + c)*f(2*b + c)^2*mu(j)*la(k)*
         [1/f(2*b)] + 3*f(2*a)*f(a + b)*f(a + c)*f(2*b + c)^2*mu(k)*la(i)*
         [1/f(2*b)] + 3*f(2*a)*f(a + b)*f(a + c)*f(2*b + c)^2*mu(k)*la(j)*
         [1/f(2*b)] + f(2*a)*f(a + b)*f(a + 2*c)*f(a + b + c)*la(j) + f(2*a)*
         f(a + b)*f(a + 2*c)*f(a + b + c)*la(k) - 6*f(2*a)*f(a + b)*f(a + 2*c)
         *f(2*a + b) + f(2*a)*f(a + b)*f(a + 2*c)*f(b + c)*f(2*b + c)*la(j)*
         la(k)*[1/f(2*b)] + f(2*a)*f(a + b)*f(a + 2*c)*f(b + 2*c)*la(i)^2 + 2*
         f(2*a)*f(a + b)*f(a + 2*c)*f(b + 2*c)*la(i)*la(j) + 2*f(2*a)*f(a + b)
         *f(a + 2*c)*f(b + 2*c)*la(i)*la(k) + 2*f(2*a)*f(a + b)*f(a + 2*c)*f(2
         *b + c)*mu(i)*la(i) + 3/2*f(2*a)*f(a + b)*f(a + 2*c)*f(2*b + c)*mu(i)
         *la(j) + 3/2*f(2*a)*f(a + b)*f(a + 2*c)*f(2*b + c)*mu(i)*la(k) + 2*f(
         2*a)*f(a + b)*f(a + 2*c)*f(2*b + c)*mu(j)*la(i) - 1/2*f(2*a)*f(a + b)
         *f(a + 2*c)*f(2*b + c)*mu(j)*la(k) + 2*f(2*a)*f(a + b)*f(a + 2*c)*f(2
         *b + c)*mu(k)*la(i) - 1/2*f(2*a)*f(a + b)*f(a + 2*c)*f(2*b + c)*mu(k)
         *la(j) - 4*f(2*a)*f(a + b)*f(2*a + b)*f(b + c)*f(2*b + c)*mu(i)*
         [1/f(2*b)] - 3/2*f(2*a)*f(a + b)*f(2*a + b)*f(b + 2*c)*mu(j) - 3/2*f(
         2*a)*f(a + b)*f(2*a + b)*f(b + 2*c)*mu(k) + 7*f(2*a)*f(a + b)*f(2*a
          + c)*f(a + b + c) + f(2*a)*f(a + b)*f(2*a + c)*f(b + c)*f(2*b + c)*
         la(j)*[1/f(2*b)] + f(2*a)*f(a + b)*f(2*a + c)*f(b + c)*f(2*b + c)*la(
         k)*[1/f(2*b)] + 3*f(2*a)*f(a + b)*f(2*a + c)*f(b + 2*c)*la(i) + 1/2*
         f(2*a)*f(a + b)*f(2*a + c)*f(b + 2*c)*la(j) + 1/2*f(2*a)*f(a + b)*f(2
         *a + c)*f(b + 2*c)*la(k) + f(2*a)*f(a + b)*f(2*a + c)*f(2*b + c)*mu(i
         ) + f(2*a)*f(a + b)*f(b + c)*f(b + 2*c)*f(2*b + c)*mu(i)*la(i)*la(j)*
         [1/f(2*b)] + f(2*a)*f(a + b)*f(b + c)*f(b + 2*c)*f(2*b + c)*mu(i)*la(
         i)*la(k)*[1/f(2*b)] - 4*f(2*a)*f(a + b)*f(b + c)*f(b + 2*c)*f(2*b + c
         )*mu(i)*la(j)*la(k)*[1/f(2*b)] + 2*f(2*a)*f(a + b)*f(b + c)*f(2*b + c
         )*f(a + b + c)*mu(i)*la(i)*[1/f(2*b)] - 4*f(2*a)*f(a + b)*f(b + c)*f(
         2*b + c)*f(a + b + c)*mu(i)*la(j)*[1/f(2*b)] - 4*f(2*a)*f(a + b)*f(b
          + c)*f(2*b + c)*f(a + b + c)*mu(i)*la(k)*[1/f(2*b)] + 3*f(2*a)*f(a
          + b)*f(b + c)*f(2*b + c)^2*mu(i)*mu(j)*la(i)*[1/f(2*b)] - 3*f(2*a)*
         f(a + b)*f(b + c)*f(2*b + c)^2*mu(i)*mu(j)*la(k)*[1/f(2*b)] + 3*f(2*a
         )*f(a + b)*f(b + c)*f(2*b + c)^2*mu(i)*mu(k)*la(i)*[1/f(2*b)] - 3*f(2
         *a)*f(a + b)*f(b + c)*f(2*b + c)^2*mu(i)*mu(k)*la(j)*[1/f(2*b)] - 2*
         f(2*a)*f(a + b)*f(b + 2*c)*f(a + b + c)*mu(i)*la(i) - f(2*a)*f(a + b)
         *f(b + 2*c)*f(a + b + c)*mu(i)*la(j) - f(2*a)*f(a + b)*f(b + 2*c)*f(a
          + b + c)*mu(i)*la(k) - 2*f(2*a)*f(a + b)*f(b + 2*c)*f(a + b + c)*mu(
         j)*la(i) - f(2*a)*f(a + b)*f(b + 2*c)*f(a + b + c)*mu(j)*la(k) - 2*f(
         2*a)*f(a + b)*f(b + 2*c)*f(a + b + c)*mu(k)*la(i) - f(2*a)*f(a + b)*
         f(b + 2*c)*f(a + b + c)*mu(k)*la(j) - f(2*a)*f(a + b)*f(b + 2*c)^2*
         mu(i)*la(i)*la(j) - f(2*a)*f(a + b)*f(b + 2*c)^2*mu(i)*la(i)*la(k) - 
         1/2*f(2*a)*f(a + b)*f(b + 2*c)^2*mu(j)*la(i)^2 - f(2*a)*f(a + b)*f(b
          + 2*c)^2*mu(j)*la(i)*la(k) - 1/2*f(2*a)*f(a + b)*f(b + 2*c)^2*mu(k)*
         la(i)^2 - f(2*a)*f(a + b)*f(b + 2*c)^2*mu(k)*la(i)*la(j) - f(2*a)*f(a
          + b)*f(b + 2*c)*f(2*b + c)*mu(i)*mu(j)*la(i) + 1/2*f(2*a)*f(a + b)*
         f(b + 2*c)*f(2*b + c)*mu(i)*mu(j)*la(k) - f(2*a)*f(a + b)*f(b + 2*c)*
         f(2*b + c)*mu(i)*mu(k)*la(i) + 1/2*f(2*a)*f(a + b)*f(b + 2*c)*f(2*b
          + c)*mu(i)*mu(k)*la(j) - f(2*a)*f(a + b)*f(b + 2*c)*f(2*b + c)*mu(j)
         *mu(k)*la(i) - 5*f(2*a)*f(a + b)*f(2*b + c)*f(a + b + c)*mu(i)*mu(j)
          - 5*f(2*a)*f(a + b)*f(2*b + c)*f(a + b + c)*mu(i)*mu(k) - 7*f(2*a)*
         f(a + b)*f(2*b + c)*f(a + b + c)*mu(j)*mu(k) - 3*f(2*a)*f(a + b)*f(2*
         b + c)^2*mu(i)*mu(j)*mu(k) + 3*f(2*a)*f(a + 2*b)^2*f(a + c)*f(b + c)*
         mu(j)*[1/f(2*b)] + 3*f(2*a)*f(a + 2*b)^2*f(a + c)*f(b + c)*mu(k)*
         [1/f(2*b)] + 3*f(2*a)*f(a + 2*b)^2*f(b + c)^2*mu(i)*mu(j)*[1/f(2*b)]
          + 3*f(2*a)*f(a + 2*b)^2*f(b + c)^2*mu(i)*mu(k)*[1/f(2*b)] + 3*f(2*a)
         *f(a + 2*b)^2*f(b + c)^2*mu(j)*mu(k)*[1/f(2*b)] - 3*f(2*a)*f(a + 2*b)
         *f(a + c)*f(a + b + c)*mu(j) - 3*f(2*a)*f(a + 2*b)*f(a + c)*f(a + b
          + c)*mu(k) - 2*f(2*a)*f(a + 2*b)*f(a + c)^2*f(2*b + c)*la(i)*
         [1/f(2*b)] - f(2*a)*f(a + 2*b)*f(a + c)^2*f(2*b + c)*la(j)*[1/f(2*b)]
          - f(2*a)*f(a + 2*b)*f(a + c)^2*f(2*b + c)*la(k)*[1/f(2*b)] + 3*f(2*a
         )*f(a + 2*b)*f(a + c)*f(a + 2*c)*la(i) - 1/2*f(2*a)*f(a + 2*b)*f(a + 
         c)*f(a + 2*c)*la(j) - 1/2*f(2*a)*f(a + 2*b)*f(a + c)*f(a + 2*c)*la(k)
          + 3*f(2*a)*f(a + 2*b)*f(a + c)*f(2*a + b)*f(b + c)*[1/f(2*b)] - 8*f(
         2*a)*f(a + 2*b)*f(a + c)*f(2*a + c) - 2*f(2*a)*f(a + 2*b)*f(a + c)*f(
         b + c)*f(a + b + c)*la(i)*[1/f(2*b)] + 2*f(2*a)*f(a + 2*b)*f(a + c)*
         f(b + c)*f(a + b + c)*la(j)*[1/f(2*b)] + 2*f(2*a)*f(a + 2*b)*f(a + c)
         *f(b + c)*f(a + b + c)*la(k)*[1/f(2*b)] - f(2*a)*f(a + 2*b)*f(a + c)*
         f(b + c)*f(b + 2*c)*la(i)*la(j)*[1/f(2*b)] - f(2*a)*f(a + 2*b)*f(a + 
         c)*f(b + c)*f(b + 2*c)*la(i)*la(k)*[1/f(2*b)] + f(2*a)*f(a + 2*b)*f(a
          + c)*f(b + c)*f(b + 2*c)*la(j)*la(k)*[1/f(2*b)] - 2*f(2*a)*f(a + 2*b
         )*f(a + c)*f(b + c)*f(2*b + c)*mu(i)*la(i)*[1/f(2*b)] - 6*f(2*a)*f(a
          + 2*b)*f(a + c)*f(b + c)*f(2*b + c)*mu(j)*la(i)*[1/f(2*b)] - 6*f(2*a
         )*f(a + 2*b)*f(a + c)*f(b + c)*f(2*b + c)*mu(k)*la(i)*[1/f(2*b)] + 2*
         f(2*a)*f(a + 2*b)*f(a + c)*f(b + 2*c)*mu(i)*la(i) + 2*f(2*a)*f(a + 2*
         b)*f(a + c)*f(b + 2*c)*mu(i)*la(j) + 2*f(2*a)*f(a + 2*b)*f(a + c)*f(b
          + 2*c)*mu(i)*la(k) + 13/2*f(2*a)*f(a + 2*b)*f(a + c)*f(b + 2*c)*mu(j
         )*la(i) + 5/2*f(2*a)*f(a + 2*b)*f(a + c)*f(b + 2*c)*mu(j)*la(k) + 13/
         2*f(2*a)*f(a + 2*b)*f(a + c)*f(b + 2*c)*mu(k)*la(i) + 5/2*f(2*a)*f(a
          + 2*b)*f(a + c)*f(b + 2*c)*mu(k)*la(j) + 2*f(2*a)*f(a + 2*b)*f(a + c
         )*f(2*b + c)*mu(i)*mu(j) + 2*f(2*a)*f(a + 2*b)*f(a + c)*f(2*b + c)*
         mu(i)*mu(k) + f(2*a)*f(a + 2*b)*f(a + c)*f(2*b + c)*mu(j)*mu(k) - f(2
         *a)*f(a + 2*b)*f(a + 2*c)*f(b + c)^2*la(j)*la(k)*[1/f(2*b)] + f(2*a)*
         f(a + 2*b)*f(a + 2*c)*f(b + c)*mu(i)*la(i) - 2*f(2*a)*f(a + 2*b)*f(a
          + 2*c)*f(b + c)*mu(i)*la(j) - 2*f(2*a)*f(a + 2*b)*f(a + 2*c)*f(b + c
         )*mu(i)*la(k) - 2*f(2*a)*f(a + 2*b)*f(a + 2*c)*f(b + c)*mu(j)*la(i)
          - 5/2*f(2*a)*f(a + 2*b)*f(a + 2*c)*f(b + c)*mu(j)*la(k) - 2*f(2*a)*
         f(a + 2*b)*f(a + 2*c)*f(b + c)*mu(k)*la(i) - 5/2*f(2*a)*f(a + 2*b)*f(
         a + 2*c)*f(b + c)*mu(k)*la(j) + 4*f(2*a)*f(a + 2*b)*f(2*a + b)*f(b + 
         c)^2*mu(i)*[1/f(2*b)] - f(2*a)*f(a + 2*b)*f(2*a + c)*f(b + c)^2*la(j)
         *[1/f(2*b)] - f(2*a)*f(a + 2*b)*f(2*a + c)*f(b + c)^2*la(k)*
         [1/f(2*b)] - 3*f(2*a)*f(a + 2*b)*f(2*a + c)*f(b + c)*mu(i) - 3*f(2*a)
         *f(a + 2*b)*f(2*a + c)*f(b + c)*mu(j) - 3*f(2*a)*f(a + 2*b)*f(2*a + c
         )*f(b + c)*mu(k) + 2*f(2*a)*f(a + 2*b)*f(b + c)*f(a + b + c)*mu(i)*
         mu(j) + 2*f(2*a)*f(a + 2*b)*f(b + c)*f(a + b + c)*mu(i)*mu(k) - 5*f(2
         *a)*f(a + 2*b)*f(b + c)*f(a + b + c)*mu(j)*mu(k) - 2*f(2*a)*f(a + 2*b
         )*f(b + c)^2*f(a + b + c)*mu(i)*la(i)*[1/f(2*b)] + 4*f(2*a)*f(a + 2*b
         )*f(b + c)^2*f(a + b + c)*mu(i)*la(j)*[1/f(2*b)] + 4*f(2*a)*f(a + 2*b
         )*f(b + c)^2*f(a + b + c)*mu(i)*la(k)*[1/f(2*b)] - f(2*a)*f(a + 2*b)*
         f(b + c)^2*f(b + 2*c)*mu(i)*la(i)*la(j)*[1/f(2*b)] - f(2*a)*f(a + 2*b
         )*f(b + c)^2*f(b + 2*c)*mu(i)*la(i)*la(k)*[1/f(2*b)] + 4*f(2*a)*f(a
          + 2*b)*f(b + c)^2*f(b + 2*c)*mu(i)*la(j)*la(k)*[1/f(2*b)] - 6*f(2*a)
         *f(a + 2*b)*f(b + c)^2*f(2*b + c)*mu(i)*mu(j)*la(i)*[1/f(2*b)] + 6*f(
         2*a)*f(a + 2*b)*f(b + c)^2*f(2*b + c)*mu(i)*mu(j)*la(k)*[1/f(2*b)] - 
         6*f(2*a)*f(a + 2*b)*f(b + c)^2*f(2*b + c)*mu(i)*mu(k)*la(i)*
         [1/f(2*b)] + 6*f(2*a)*f(a + 2*b)*f(b + c)^2*f(2*b + c)*mu(i)*mu(k)*
         la(j)*[1/f(2*b)] + 11/2*f(2*a)*f(a + 2*b)*f(b + c)*f(b + 2*c)*mu(i)*
         mu(j)*la(i) + f(2*a)*f(a + 2*b)*f(b + c)*f(b + 2*c)*mu(i)*mu(j)*la(k)
          + 11/2*f(2*a)*f(a + 2*b)*f(b + c)*f(b + 2*c)*mu(i)*mu(k)*la(i) + f(2
         *a)*f(a + 2*b)*f(b + c)*f(b + 2*c)*mu(i)*mu(k)*la(j) + f(2*a)*f(a + 2
         *b)*f(b + c)*f(b + 2*c)*mu(j)*mu(k)*la(i) + 6*f(2*a)*f(a + 2*b)*f(b
          + c)*f(2*b + c)*mu(i)*mu(j)*mu(k) - 2*f(2*a)*f(a + c)*f(a + b + c)^2
         *la(i) - 2*f(2*a)*f(a + c)*f(a + b + c)^2*la(j) - 2*f(2*a)*f(a + c)*
         f(a + b + c)^2*la(k) + f(2*a)*f(a + c)^2*f(2*b + c)^2*la(i)*la(j)*
         [1/f(2*b)] + f(2*a)*f(a + c)^2*f(2*b + c)^2*la(i)*la(k)*[1/f(2*b)] - 
         1/2*f(2*a)*f(a + c)*f(a + 2*c)*f(2*b + c)*la(i)*la(j) - 1/2*f(2*a)*f(
         a + c)*f(a + 2*c)*f(2*b + c)*la(i)*la(k) - 2*f(2*a)*f(a + c)*f(a + 2*
         c)*f(2*b + c)*la(j)*la(k) + 5*f(2*a)*f(a + c)*f(2*a + b)*f(a + b + c)
          - 4*f(2*a)*f(a + c)*f(2*a + b)*f(b + c)*f(2*b + c)*la(i)*[1/f(2*b)]
          + 6*f(2*a)*f(a + c)*f(2*a + b)*f(b + 2*c)*la(i) + 5/2*f(2*a)*f(a + c
         )*f(2*a + b)*f(b + 2*c)*la(j) + 5/2*f(2*a)*f(a + c)*f(2*a + b)*f(b + 
         2*c)*la(k) + 3*f(2*a)*f(a + c)*f(2*a + b)*f(2*b + c)*mu(i) + 3*f(2*a)
         *f(a + c)*f(2*a + b)*f(2*b + c)*mu(j) + 3*f(2*a)*f(a + c)*f(2*a + b)*
         f(2*b + c)*mu(k) - 5*f(2*a)*f(a + c)*f(2*a + c)*f(2*b + c)*la(i) - 2*
         f(2*a)*f(a + c)*f(2*a + c)*f(2*b + c)*la(j) - 2*f(2*a)*f(a + c)*f(2*a
          + c)*f(2*b + c)*la(k) - 4*f(2*a)*f(a + c)*f(b + c)*f(b + 2*c)*f(2*b
          + c)*la(i)*la(j)*la(k)*[1/f(2*b)] - 4*f(2*a)*f(a + c)*f(b + c)*f(2*b
          + c)*f(a + b + c)*la(i)*la(j)*[1/f(2*b)] - 4*f(2*a)*f(a + c)*f(b + c
         )*f(2*b + c)*f(a + b + c)*la(i)*la(k)*[1/f(2*b)] + f(2*a)*f(a + c)*f(
         b + c)*f(2*b + c)^2*mu(i)*la(i)*la(j)*[1/f(2*b)] + f(2*a)*f(a + c)*f(
         b + c)*f(2*b + c)^2*mu(i)*la(i)*la(k)*[1/f(2*b)] - 3*f(2*a)*f(a + c)*
         f(b + c)*f(2*b + c)^2*mu(j)*la(i)*la(k)*[1/f(2*b)] - 3*f(2*a)*f(a + c
         )*f(b + c)*f(2*b + c)^2*mu(k)*la(i)*la(j)*[1/f(2*b)] - f(2*a)*f(a + c
         )*f(b + 2*c)*f(a + b + c)*la(i)^2 - f(2*a)*f(a + c)*f(b + 2*c)*f(a + 
         b + c)*la(i)*la(j) - f(2*a)*f(a + c)*f(b + 2*c)*f(a + b + c)*la(i)*
         la(k) - 2*f(2*a)*f(a + c)*f(b + 2*c)*f(a + b + c)*la(j)*la(k) - 3/2*
         f(2*a)*f(a + c)*f(b + 2*c)^2*la(i)^2*la(j) - 3/2*f(2*a)*f(a + c)*f(b
          + 2*c)^2*la(i)^2*la(k) - 2*f(2*a)*f(a + c)*f(b + 2*c)^2*la(i)*la(j)*
         la(k) - f(2*a)*f(a + c)*f(b + 2*c)*f(2*b + c)*mu(i)*la(i)*la(j) - f(2
         *a)*f(a + c)*f(b + 2*c)*f(2*b + c)*mu(i)*la(i)*la(k) - f(2*a)*f(a + c
         )*f(b + 2*c)*f(2*b + c)*mu(i)*la(j)*la(k) - 1/2*f(2*a)*f(a + c)*f(b
          + 2*c)*f(2*b + c)*mu(j)*la(i)^2 + 1/2*f(2*a)*f(a + c)*f(b + 2*c)*f(2
         *b + c)*mu(j)*la(i)*la(k) - 1/2*f(2*a)*f(a + c)*f(b + 2*c)*f(2*b + c)
         *mu(k)*la(i)^2 + 1/2*f(2*a)*f(a + c)*f(b + 2*c)*f(2*b + c)*mu(k)*la(i
         )*la(j) - 2*f(2*a)*f(a + c)*f(2*b + c)*f(a + b + c)*mu(i)*la(i) - 2*
         f(2*a)*f(a + c)*f(2*b + c)*f(a + b + c)*mu(i)*la(j) - 2*f(2*a)*f(a + 
         c)*f(2*b + c)*f(a + b + c)*mu(i)*la(k) - 5*f(2*a)*f(a + c)*f(2*b + c)
         *f(a + b + c)*mu(j)*la(i) - 4*f(2*a)*f(a + c)*f(2*b + c)*f(a + b + c)
         *mu(j)*la(k) - 5*f(2*a)*f(a + c)*f(2*b + c)*f(a + b + c)*mu(k)*la(i)
          - 4*f(2*a)*f(a + c)*f(2*b + c)*f(a + b + c)*mu(k)*la(j) - f(2*a)*f(a
          + c)*f(2*b + c)^2*mu(i)*mu(j)*la(i) - f(2*a)*f(a + c)*f(2*b + c)^2*
         mu(i)*mu(j)*la(k) - f(2*a)*f(a + c)*f(2*b + c)^2*mu(i)*mu(k)*la(i) - 
         f(2*a)*f(a + c)*f(2*b + c)^2*mu(i)*mu(k)*la(j) - f(2*a)*f(a + c)*f(2*
         b + c)^2*mu(j)*mu(k)*la(i) - 3*f(2*a)*f(a + 2*c)*f(2*a + b)*f(b + c)*
         la(i) - 5/2*f(2*a)*f(a + 2*c)*f(2*a + b)*f(b + c)*la(j) - 5/2*f(2*a)*
         f(a + 2*c)*f(2*a + b)*f(b + c)*la(k) + f(2*a)*f(a + 2*c)*f(b + c)*f(a
          + b + c)*la(i)^2 + 2*f(2*a)*f(a + 2*c)*f(b + c)*f(a + b + c)*la(i)*
         la(j) + 2*f(2*a)*f(a + 2*c)*f(b + c)*f(a + b + c)*la(i)*la(k) + 2*f(2
         *a)*f(a + 2*c)*f(b + c)*f(a + b + c)*la(j)*la(k) + f(2*a)*f(a + 2*c)*
         f(b + c)^2*f(2*b + c)*la(i)^2*la(j)*[1/f(2*b)] + f(2*a)*f(a + 2*c)*f(
         b + c)^2*f(2*b + c)*la(i)^2*la(k)*[1/f(2*b)] + 3*f(2*a)*f(a + 2*c)*f(
         b + c)*f(b + 2*c)*la(i)^2*la(j) + 3*f(2*a)*f(a + 2*c)*f(b + c)*f(b + 
         2*c)*la(i)^2*la(k) + 6*f(2*a)*f(a + 2*c)*f(b + c)*f(b + 2*c)*la(i)*
         la(j)*la(k) + 1/2*f(2*a)*f(a + 2*c)*f(b + c)*f(2*b + c)*mu(i)*la(i)*
         la(j) + 1/2*f(2*a)*f(a + 2*c)*f(b + c)*f(2*b + c)*mu(i)*la(i)*la(k)
          + f(2*a)*f(a + 2*c)*f(b + c)*f(2*b + c)*mu(i)*la(j)*la(k) + 1/2*f(2*
         a)*f(a + 2*c)*f(b + c)*f(2*b + c)*mu(j)*la(i)^2 + f(2*a)*f(a + 2*c)*
         f(b + c)*f(2*b + c)*mu(j)*la(i)*la(k) + 1/2*f(2*a)*f(a + 2*c)*f(b + c
         )*f(2*b + c)*mu(k)*la(i)^2 + f(2*a)*f(a + 2*c)*f(b + c)*f(2*b + c)*
         mu(k)*la(i)*la(j) + 1/2*f(2*a)^2*f(a + b)*f(b + 2*c)*f(2*b + c)*la(j)
         *[1/f(2*b)] + 1/2*f(2*a)^2*f(a + b)*f(b + 2*c)*f(2*b + c)*la(k)*
         [1/f(2*b)] + f(2*a)^2*f(a + b)*f(2*b + c)*f(a + b + c)*[1/f(2*b)] + 
         f(2*a)^2*f(a + b)*f(2*b + c)^2*mu(i)*[1/f(2*b)] + 3/2*f(2*a)^2*f(a + 
         b)*f(2*b + c)^2*mu(j)*[1/f(2*b)] + 3/2*f(2*a)^2*f(a + b)*f(2*b + c)^2
         *mu(k)*[1/f(2*b)] - 4*f(2*a)^2*f(a + b + c)^2 - f(2*a)^2*f(a + 2*b)*
         f(a + c)*f(2*b + c)*[1/f(2*b)] + 9/2*f(2*a)^2*f(a + 2*b)*f(a + 2*c)
          - f(2*a)^2*f(a + 2*b)*f(b + c)*f(a + b + c)*[1/f(2*b)] - 1/2*f(2*a)^
         2*f(a + 2*b)*f(b + c)*f(b + 2*c)*la(j)*[1/f(2*b)] - 1/2*f(2*a)^2*f(a
          + 2*b)*f(b + c)*f(b + 2*c)*la(k)*[1/f(2*b)] - 3*f(2*a)^2*f(a + 2*b)*
         f(b + c)*f(2*b + c)*mu(j)*[1/f(2*b)] - 3*f(2*a)^2*f(a + 2*b)*f(b + c)
         *f(2*b + c)*mu(k)*[1/f(2*b)] + 3/2*f(2*a)^2*f(a + 2*b)*f(b + 2*c)*mu(
         i) + 3*f(2*a)^2*f(a + 2*b)*f(b + 2*c)*mu(j) + 3*f(2*a)^2*f(a + 2*b)*
         f(b + 2*c)*mu(k) + f(2*a)^2*f(a + c)*f(2*b + c)^2*la(i)*[1/f(2*b)] + 
         1/2*f(2*a)^2*f(a + c)*f(2*b + c)^2*la(j)*[1/f(2*b)] + 1/2*f(2*a)^2*f(
         a + c)*f(2*b + c)^2*la(k)*[1/f(2*b)] + 3/2*f(2*a)^2*f(a + 2*c)*f(2*b
          + c)*la(i) + 1/2*f(2*a)^2*f(a + 2*c)*f(2*b + c)*la(j) + 1/2*f(2*a)^2
         *f(a + 2*c)*f(2*b + c)*la(k) + 1/2*f(2*a)^3*f(2*b + c)^2*[1/f(2*b)]
          - 1/2*f(2*a)^3*f(3*b)*f(b + 2*c)*[1/f(2*b)] - 2*f(2*a)^2*f(2*a + b)*
         f(b + c)*f(2*b + c)*[1/f(2*b)] + 3/2*f(2*a)^2*f(2*a + b)*f(b + 2*c)
          - f(2*a)^2*f(2*a + c)*f(2*b + c) - 2*f(2*a)^2*f(b + c)*f(b + 2*c)*f(
         2*b + c)*la(j)*la(k)*[1/f(2*b)] - 2*f(2*a)^2*f(b + c)*f(2*b + c)*f(a
          + b + c)*la(j)*[1/f(2*b)] - 2*f(2*a)^2*f(b + c)*f(2*b + c)*f(a + b
          + c)*la(k)*[1/f(2*b)] + f(2*a)^2*f(b + c)*f(2*b + c)^2*mu(i)*la(i)*
         [1/f(2*b)] - 3/2*f(2*a)^2*f(b + c)*f(2*b + c)^2*mu(j)*la(k)*
         [1/f(2*b)] - 3/2*f(2*a)^2*f(b + c)*f(2*b + c)^2*mu(k)*la(j)*
         [1/f(2*b)] - 3*f(2*a)^2*f(b + 2*c)*f(a + b + c)*la(i) - f(2*a)^2*f(b
          + 2*c)*f(a + b + c)*la(j) - f(2*a)^2*f(b + 2*c)*f(a + b + c)*la(k)
          - 1/2*f(2*a)^2*f(b + 2*c)^2*la(i)^2 - f(2*a)^2*f(b + 2*c)^2*la(i)*
         la(j) - f(2*a)^2*f(b + 2*c)^2*la(i)*la(k) - 1/2*f(2*a)^2*f(b + 2*c)*
         f(2*b + c)*mu(i)*la(i) - 1/2*f(2*a)^2*f(b + 2*c)*f(2*b + c)*mu(i)*la(
         j) - 1/2*f(2*a)^2*f(b + 2*c)*f(2*b + c)*mu(i)*la(k) - 1/2*f(2*a)^2*f(
         b + 2*c)*f(2*b + c)*mu(j)*la(i) + 1/2*f(2*a)^2*f(b + 2*c)*f(2*b + c)*
         mu(j)*la(k) - 1/2*f(2*a)^2*f(b + 2*c)*f(2*b + c)*mu(k)*la(i) + 1/2*f(
         2*a)^2*f(b + 2*c)*f(2*b + c)*mu(k)*la(j) - 3*f(2*a)^2*f(2*b + c)*f(a
          + b + c)*mu(i) - 3*f(2*a)^2*f(2*b + c)*f(a + b + c)*mu(j) - 3*f(2*a)
         ^2*f(2*b + c)*f(a + b + c)*mu(k) - f(2*a)^2*f(2*b + c)^2*mu(i)*mu(j)
          - f(2*a)^2*f(2*b + c)^2*mu(i)*mu(k) - 1/2*f(2*a)^2*f(2*b + c)^2*mu(j
         )*mu(k) - f(2*a)^2*f(3*b)*f(a + b)*f(a + 2*c)*[1/f(2*b)] - f(2*a)^2*
         f(3*b)*f(a + b)*f(b + 2*c)*mu(i)*[1/f(2*b)] - 3/2*f(2*a)^2*f(3*b)*f(a
          + b)*f(b + 2*c)*mu(j)*[1/f(2*b)] - 3/2*f(2*a)^2*f(3*b)*f(a + b)*f(b
          + 2*c)*mu(k)*[1/f(2*b)] + f(2*a)^2*f(3*b)*f(a + c)*f(a + b + c)*
         [1/f(2*b)] - f(2*a)^2*f(3*b)*f(a + c)*f(b + 2*c)*la(i)*[1/f(2*b)] - 1/
         2*f(2*a)^2*f(3*b)*f(a + c)*f(b + 2*c)*la(j)*[1/f(2*b)] - 1/2*f(2*a)^2
         *f(3*b)*f(a + c)*f(b + 2*c)*la(k)*[1/f(2*b)] + 1/2*f(2*a)^2*f(3*b)*f(
         a + 2*c)*f(b + c)*la(j)*[1/f(2*b)] + 1/2*f(2*a)^2*f(3*b)*f(a + 2*c)*
         f(b + c)*la(k)*[1/f(2*b)] + 3/2*f(2*a)^2*f(3*b)*f(a + 2*c)*mu(i) + f(
         2*a)^2*f(3*b)*f(a + 2*c)*mu(j) + f(2*a)^2*f(3*b)*f(a + 2*c)*mu(k) + 
         f(2*a)^2*f(3*b)*f(2*a + c)*f(b + c)*[1/f(2*b)] + f(2*a)^2*f(3*b)*f(b
          + c)*f(a + b + c)*mu(j)*[1/f(2*b)] + f(2*a)^2*f(3*b)*f(b + c)*f(a + 
         b + c)*mu(k)*[1/f(2*b)] - f(2*a)^2*f(3*b)*f(b + c)*f(b + 2*c)*mu(i)*
         la(i)*[1/f(2*b)] - 1/2*f(2*a)^2*f(3*b)*f(b + c)*f(b + 2*c)*mu(j)*la(k
         )*[1/f(2*b)] - 1/2*f(2*a)^2*f(3*b)*f(b + c)*f(b + 2*c)*mu(k)*la(j)*
         [1/f(2*b)] - 2*f(2*a)^2*f(3*b)*f(b + c)*f(2*b + c)*mu(j)*mu(k)*
         [1/f(2*b)] + f(2*a)^2*f(3*b)*f(b + 2*c)*mu(i)*mu(j) + f(2*a)^2*f(3*b)
         *f(b + 2*c)*mu(i)*mu(k) + 3/2*f(2*a)^2*f(3*b)*f(b + 2*c)*mu(j)*mu(k)
          + f(2*a)^2*f(3*b)^2*f(2*c)*mu(j)*mu(k)*[1/f(2*b)] + f(2*a)^2*f(3*b)*
         f(2*c)*f(a + b + c)*la(j)*[1/f(2*b)] + f(2*a)^2*f(3*b)*f(2*c)*f(a + b
          + c)*la(k)*[1/f(2*b)] + f(2*a)^2*f(3*b)*f(2*c)*f(a + 2*b)*mu(j)*
         [1/f(2*b)] + f(2*a)^2*f(3*b)*f(2*c)*f(a + 2*b)*mu(k)*[1/f(2*b)] + 1/2
         *f(2*a)^2*f(3*b)*f(2*c)*f(2*a + b)*[1/f(2*b)] - 1/2*f(2*a)^2*f(3*b)*
         f(2*c)*f(b + 2*c)*la(i)^2*[1/f(2*b)] + 1/2*f(2*a)^2*f(3*b)*f(2*c)*f(b
          + 2*c)*la(j)*la(k)*[1/f(2*b)] + f(2*a)^2*f(3*b)*f(2*c)*f(2*b + c)*
         mu(j)*la(k)*[1/f(2*b)] + f(2*a)^2*f(3*b)*f(2*c)*f(2*b + c)*mu(k)*la(j
         )*[1/f(2*b)] - 1/2*f(2*a)^2*f(3*b)*f(3*c)*f(a + b)*la(j)*[1/f(2*b)]
          - 1/2*f(2*a)^2*f(3*b)*f(3*c)*f(a + b)*la(k)*[1/f(2*b)] + 1/2*f(2*a)^
         2*f(3*b)*f(3*c)*mu(i)*la(i) + 1/2*f(2*a)^2*f(3*b)*f(3*c)*mu(i)*la(j)
          + 1/2*f(2*a)^2*f(3*b)*f(3*c)*mu(i)*la(k) + 1/2*f(2*a)^2*f(3*b)*f(3*c
         )*mu(j)*la(i) + 1/2*f(2*a)^2*f(3*b)*f(3*c)*mu(j)*la(k) + 1/2*f(2*a)^2
         *f(3*b)*f(3*c)*mu(k)*la(i) + 1/2*f(2*a)^2*f(3*b)*f(3*c)*mu(k)*la(j)
          + 1/2*f(2*a)^2*f(2*c)*f(a + 2*b)^2*[1/f(2*b)] + 1/2*f(2*a)^2*f(2*c)*
         f(2*b + c)^2*la(i)^2*[1/f(2*b)] + 1/2*f(2*a)^2*f(2*c)*f(2*b + c)^2*
         la(j)*la(k)*[1/f(2*b)] + 3/2*f(2*a)^2*f(3*c)*f(a + 2*b)*la(i) + 3/2*
         f(2*a)^2*f(3*c)*f(a + 2*b)*la(j) + 3/2*f(2*a)^2*f(3*c)*f(a + 2*b)*la(
         k) + 1/2*f(2*a)^2*f(3*c)*f(2*b + c)*la(i)^2 + f(2*a)^2*f(3*c)*f(2*b
          + c)*la(i)*la(j) + f(2*a)^2*f(3*c)*f(2*b + c)*la(i)*la(k) + f(2*a)^2
         *f(3*c)*f(2*b + c)*la(j)*la(k) - f(2*a)*f(2*a + b)*f(2*a + c)*f(b + c
         ) + 6*f(2*a)*f(2*a + b)*f(b + c)*f(a + b + c)*mu(i) + 3*f(2*a)*f(2*a
          + b)*f(b + c)*f(a + b + c)*mu(j) + 3*f(2*a)*f(2*a + b)*f(b + c)*f(a
          + b + c)*mu(k) - 4*f(2*a)*f(2*a + b)*f(b + c)^2*f(2*b + c)*mu(i)*la(
         i)*[1/f(2*b)] + f(2*a)*f(2*a + b)*f(b + c)^2*f(2*b + c)*mu(i)*la(j)*
         [1/f(2*b)] + f(2*a)*f(2*a + b)*f(b + c)^2*f(2*b + c)*mu(i)*la(k)*
         [1/f(2*b)] + 4*f(2*a)*f(2*a + b)*f(b + c)*f(b + 2*c)*mu(i)*la(i) + f(
         2*a)*f(2*a + b)*f(b + c)*f(b + 2*c)*mu(i)*la(j) + f(2*a)*f(2*a + b)*
         f(b + c)*f(b + 2*c)*mu(i)*la(k) + f(2*a)*f(2*a + b)*f(b + c)*f(b + 2*
         c)*mu(j)*la(i) + 1/2*f(2*a)*f(2*a + b)*f(b + c)*f(b + 2*c)*mu(j)*la(k
         ) + f(2*a)*f(2*a + b)*f(b + c)*f(b + 2*c)*mu(k)*la(i) + 1/2*f(2*a)*f(
         2*a + b)*f(b + c)*f(b + 2*c)*mu(k)*la(j) + 4*f(2*a)*f(2*a + b)*f(b + 
         c)*f(2*b + c)*mu(i)*mu(j) + 4*f(2*a)*f(2*a + b)*f(b + c)*f(2*b + c)*
         mu(i)*mu(k) + 8*f(2*a)*f(2*a + b)*f(b + c)*f(2*b + c)*mu(j)*mu(k) + 6
         *f(2*a)*f(2*a + c)*f(b + c)*f(a + b + c)*la(i) + 4*f(2*a)*f(2*a + c)*
         f(b + c)*f(a + b + c)*la(j) + 4*f(2*a)*f(2*a + c)*f(b + c)*f(a + b + 
         c)*la(k) + f(2*a)*f(2*a + c)*f(b + c)^2*f(2*b + c)*la(i)^2*[1/f(2*b)]
          + 2*f(2*a)*f(2*a + c)*f(b + c)*f(b + 2*c)*la(i)^2 + 4*f(2*a)*f(2*a
          + c)*f(b + c)*f(b + 2*c)*la(i)*la(j) + 4*f(2*a)*f(2*a + c)*f(b + c)*
         f(b + 2*c)*la(i)*la(k) + 2*f(2*a)*f(2*a + c)*f(b + c)*f(b + 2*c)*la(j
         )*la(k) - f(2*a)*f(2*a + c)*f(b + c)*f(2*b + c)*mu(i)*la(i) + f(2*a)*
         f(2*a + c)*f(b + c)*f(2*b + c)*mu(i)*la(j) + f(2*a)*f(2*a + c)*f(b + 
         c)*f(2*b + c)*mu(i)*la(k) + f(2*a)*f(2*a + c)*f(b + c)*f(2*b + c)*mu(
         j)*la(i) + 2*f(2*a)*f(2*a + c)*f(b + c)*f(2*b + c)*mu(j)*la(k) + f(2*
         a)*f(2*a + c)*f(b + c)*f(2*b + c)*mu(k)*la(i) + 2*f(2*a)*f(2*a + c)*
         f(b + c)*f(2*b + c)*mu(k)*la(j) + f(2*a)*f(3*a)*f(a + b)*f(b + c)*f(2
         *b + c)*[1/f(2*b)] - f(2*a)*f(3*a)*f(a + b)*f(b + 2*c) - f(2*a)*f(3*a
         )*f(a + 2*b)*f(b + c)^2*[1/f(2*b)] + f(2*a)*f(3*a)*f(a + c)*f(2*b + c
         ) + 3*f(2*a)*f(3*a)*f(b + c)*f(a + b + c) + f(2*a)*f(3*a)*f(b + c)*f(
         b + 2*c)*la(i) + 1/2*f(2*a)*f(3*a)*f(b + c)*f(b + 2*c)*la(j) + 1/2*f(
         2*a)*f(3*a)*f(b + c)*f(b + 2*c)*la(k) + f(2*a)*f(3*a)*f(b + c)*f(2*b
          + c)*mu(i) + 2*f(2*a)*f(3*a)*f(b + c)*f(2*b + c)*mu(j) + 2*f(2*a)*f(
         3*a)*f(b + c)*f(2*b + c)*mu(k) - 3/2*f(2*a)*f(3*a)*f(2*b)*f(a + 2*c)
          - 1/2*f(2*a)*f(3*a)*f(2*b)*f(b + 2*c)*mu(i) - f(2*a)*f(3*a)*f(2*b)*
         f(b + 2*c)*mu(j) - f(2*a)*f(3*a)*f(2*b)*f(b + 2*c)*mu(k) - 1/2*f(2*a)
         *f(3*a)*f(2*b)*f(3*c)*la(i) - 1/2*f(2*a)*f(3*a)*f(2*b)*f(3*c)*la(j)
          - 1/2*f(2*a)*f(3*a)*f(2*b)*f(3*c)*la(k) - f(2*a)*f(3*a)*f(3*b)*f(a
          + c)*f(b + c)*[1/f(2*b)] - f(2*a)*f(3*a)*f(3*b)*f(b + c)^2*mu(j)*
         [1/f(2*b)] - f(2*a)*f(3*a)*f(3*b)*f(b + c)^2*mu(k)*[1/f(2*b)] - 1/2*
         f(2*a)*f(3*a)*f(3*b)*f(2*c)*f(b + c)*la(j)*[1/f(2*b)] - 1/2*f(2*a)*f(
         3*a)*f(3*b)*f(2*c)*f(b + c)*la(k)*[1/f(2*b)] - 1/2*f(2*a)*f(3*a)*f(3*
         b)*f(2*c)*mu(i) - 1/2*f(2*a)*f(3*a)*f(2*c)*f(a + 2*b) - 1/2*f(2*a)*f(
         3*a)*f(2*c)*f(2*b + c)*la(i) + 1/2*f(2*a)*f(3*a)*f(2*c)*f(2*b + c)*
         la(j) + 1/2*f(2*a)*f(3*a)*f(2*c)*f(2*b + c)*la(k) + 2*f(2*a)*f(b + c)
         *f(a + b + c)^2*mu(i)*la(i) + 4*f(2*a)*f(b + c)*f(a + b + c)^2*mu(i)*
         la(j) + 4*f(2*a)*f(b + c)*f(a + b + c)^2*mu(i)*la(k) + 4*f(2*a)*f(b
          + c)*f(a + b + c)^2*mu(j)*la(i) + 2*f(2*a)*f(b + c)*f(a + b + c)^2*
         mu(j)*la(k) + 4*f(2*a)*f(b + c)*f(a + b + c)^2*mu(k)*la(i) + 2*f(2*a)
         *f(b + c)*f(a + b + c)^2*mu(k)*la(j) - 4*f(2*a)*f(b + c)^2*f(b + 2*c)
         *f(2*b + c)*mu(i)*la(i)*la(j)*la(k)*[1/f(2*b)] - 4*f(2*a)*f(b + c)^2*
         f(2*b + c)*f(a + b + c)*mu(i)*la(i)*la(j)*[1/f(2*b)] - 4*f(2*a)*f(b
          + c)^2*f(2*b + c)*f(a + b + c)*mu(i)*la(i)*la(k)*[1/f(2*b)] + 2*f(2*
         a)*f(b + c)^2*f(2*b + c)*f(a + b + c)*mu(i)*la(j)*la(k)*[1/f(2*b)] - 
         3*f(2*a)*f(b + c)^2*f(2*b + c)^2*mu(i)*mu(j)*la(i)*la(k)*[1/f(2*b)]
          - 3*f(2*a)*f(b + c)^2*f(2*b + c)^2*mu(i)*mu(k)*la(i)*la(j)*
         [1/f(2*b)] - 3*f(2*a)*f(b + c)^2*f(2*b + c)^2*mu(j)*mu(k)*la(i)^2*
         [1/f(2*b)] + 5*f(2*a)*f(b + c)*f(b + 2*c)*f(a + b + c)*mu(i)*la(i)*
         la(j) + 5*f(2*a)*f(b + c)*f(b + 2*c)*f(a + b + c)*mu(i)*la(i)*la(k)
          + 4*f(2*a)*f(b + c)*f(b + 2*c)*f(a + b + c)*mu(i)*la(j)*la(k) + 2*f(
         2*a)*f(b + c)*f(b + 2*c)*f(a + b + c)*mu(j)*la(i)^2 + 4*f(2*a)*f(b + 
         c)*f(b + 2*c)*f(a + b + c)*mu(j)*la(i)*la(k) + 2*f(2*a)*f(b + c)*f(b
          + 2*c)*f(a + b + c)*mu(k)*la(i)^2 + 4*f(2*a)*f(b + c)*f(b + 2*c)*f(a
          + b + c)*mu(k)*la(i)*la(j) + 4*f(2*a)*f(b + c)*f(b + 2*c)^2*mu(i)*
         la(i)*la(j)*la(k) + 3/2*f(2*a)*f(b + c)*f(b + 2*c)^2*mu(j)*la(i)^2*
         la(k) + 3/2*f(2*a)*f(b + c)*f(b + 2*c)^2*mu(k)*la(i)^2*la(j) + 11/2*
         f(2*a)*f(b + c)*f(b + 2*c)*f(2*b + c)*mu(i)*mu(j)*la(i)*la(k) + 11/2*
         f(2*a)*f(b + c)*f(b + 2*c)*f(2*b + c)*mu(i)*mu(k)*la(i)*la(j) + 2*f(2
         *a)*f(b + c)*f(b + 2*c)*f(2*b + c)*mu(j)*mu(k)*la(i)^2 + f(2*a)*f(b
          + c)*f(2*b + c)*f(a + b + c)*mu(i)*mu(j)*la(i) + 4*f(2*a)*f(b + c)*
         f(2*b + c)*f(a + b + c)*mu(i)*mu(j)*la(k) + f(2*a)*f(b + c)*f(2*b + c
         )*f(a + b + c)*mu(i)*mu(k)*la(i) + 4*f(2*a)*f(b + c)*f(2*b + c)*f(a
          + b + c)*mu(i)*mu(k)*la(j) + 4*f(2*a)*f(b + c)*f(2*b + c)*f(a + b + 
         c)*mu(j)*mu(k)*la(i) + 3*f(2*a)*f(b + c)*f(2*b + c)^2*mu(i)*mu(j)*mu(
         k)*la(i) + 2*f(2*a)*f(2*b)*f(a + b + c)^2*mu(i)*mu(j) + 2*f(2*a)*f(2*
         b)*f(a + b + c)^2*mu(i)*mu(k) + 4*f(2*a)*f(2*b)*f(a + b + c)^2*mu(j)*
         mu(k) - 3*f(2*a)*f(2*b)*f(a + 2*b)*f(a + 2*c)*mu(i)*mu(j) - 3*f(2*a)*
         f(2*b)*f(a + 2*b)*f(a + 2*c)*mu(i)*mu(k) - 3/2*f(2*a)*f(2*b)*f(a + 2*
         b)*f(a + 2*c)*mu(j)*mu(k) - 9/2*f(2*a)*f(2*b)*f(a + 2*b)*f(b + 2*c)*
         mu(i)*mu(j)*mu(k) - f(2*a)*f(2*b)*f(a + 2*c)*f(a + b + c)*mu(i)*la(i)
          - f(2*a)*f(2*b)*f(a + 2*c)*f(a + b + c)*mu(i)*la(j) - f(2*a)*f(2*b)*
         f(a + 2*c)*f(a + b + c)*mu(i)*la(k) - f(2*a)*f(2*b)*f(a + 2*c)*f(a + 
         b + c)*mu(j)*la(i) + f(2*a)*f(2*b)*f(a + 2*c)*f(a + b + c)*mu(j)*la(k
         ) - f(2*a)*f(2*b)*f(a + 2*c)*f(a + b + c)*mu(k)*la(i) + f(2*a)*f(2*b)
         *f(a + 2*c)*f(a + b + c)*mu(k)*la(j) - 1/2*f(2*a)*f(2*b)*f(a + 2*c)^2
         *la(i)^2 - f(2*a)*f(2*b)*f(a + 2*c)^2*la(i)*la(j) - f(2*a)*f(2*b)*f(a
          + 2*c)^2*la(i)*la(k) - 9/2*f(2*a)*f(2*b)*f(a + 2*c)*f(2*a + b)*mu(i)
          - 3*f(2*a)*f(2*b)*f(a + 2*c)*f(2*a + b)*mu(j) - 3*f(2*a)*f(2*b)*f(a
          + 2*c)*f(2*a + b)*mu(k) - 3/2*f(2*a)*f(2*b)*f(a + 2*c)*f(2*a + c)*
         la(i) - 1/2*f(2*a)*f(2*b)*f(a + 2*c)*f(2*a + c)*la(j) - 1/2*f(2*a)*f(
         2*b)*f(a + 2*c)*f(2*a + c)*la(k) + 1/2*f(2*a)*f(2*b)*f(a + 2*c)*f(2*b
          + c)*mu(i)*mu(j)*la(i) + 1/2*f(2*a)*f(2*b)*f(a + 2*c)*f(2*b + c)*mu(
         i)*mu(j)*la(k) + 1/2*f(2*a)*f(2*b)*f(a + 2*c)*f(2*b + c)*mu(i)*mu(k)*
         la(i) + 1/2*f(2*a)*f(2*b)*f(a + 2*c)*f(2*b + c)*mu(i)*mu(k)*la(j) + 1/
         2*f(2*a)*f(2*b)*f(a + 2*c)*f(2*b + c)*mu(j)*mu(k)*la(i) - 3*f(2*a)*f(
         2*b)*f(2*a + b)*f(b + 2*c)*mu(i)*mu(j) - 3*f(2*a)*f(2*b)*f(2*a + b)*
         f(b + 2*c)*mu(i)*mu(k) - 9/2*f(2*a)*f(2*b)*f(2*a + b)*f(b + 2*c)*mu(j
         )*mu(k) + 3*f(2*a)*f(2*b)*f(2*a + c)*f(a + b + c)*mu(i) + 3*f(2*a)*f(
         2*b)*f(2*a + c)*f(a + b + c)*mu(j) + 3*f(2*a)*f(2*b)*f(2*a + c)*f(a
          + b + c)*mu(k) + 1/2*f(2*a)*f(2*b)*f(2*a + c)^2 + 1/2*f(2*a)*f(2*b)*
         f(2*a + c)*f(b + 2*c)*mu(i)*la(i) + 1/2*f(2*a)*f(2*b)*f(2*a + c)*f(b
          + 2*c)*mu(i)*la(j) + 1/2*f(2*a)*f(2*b)*f(2*a + c)*f(b + 2*c)*mu(i)*
         la(k) + 1/2*f(2*a)*f(2*b)*f(2*a + c)*f(b + 2*c)*mu(j)*la(i) - 1/2*f(2
         *a)*f(2*b)*f(2*a + c)*f(b + 2*c)*mu(j)*la(k) + 1/2*f(2*a)*f(2*b)*f(2*
         a + c)*f(b + 2*c)*mu(k)*la(i) - 1/2*f(2*a)*f(2*b)*f(2*a + c)*f(b + 2*
         c)*mu(k)*la(j) + 2*f(2*a)*f(2*b)*f(2*a + c)*f(2*b + c)*mu(i)*mu(j) + 
         2*f(2*a)*f(2*b)*f(2*a + c)*f(2*b + c)*mu(i)*mu(k) + f(2*a)*f(2*b)*f(2
         *a + c)*f(2*b + c)*mu(j)*mu(k) - f(2*a)*f(2*b)*f(b + 2*c)*f(a + b + c
         )*mu(i)*mu(j)*la(i) - f(2*a)*f(2*b)*f(b + 2*c)*f(a + b + c)*mu(i)*mu(
         j)*la(k) - f(2*a)*f(2*b)*f(b + 2*c)*f(a + b + c)*mu(i)*mu(k)*la(i) - 
         f(2*a)*f(2*b)*f(b + 2*c)*f(a + b + c)*mu(i)*mu(k)*la(j) - f(2*a)*f(2*
         b)*f(b + 2*c)*f(a + b + c)*mu(j)*mu(k)*la(i) - f(2*a)*f(2*b)*f(b + 2*
         c)^2*mu(i)*mu(j)*la(i)*la(k) - f(2*a)*f(2*b)*f(b + 2*c)^2*mu(i)*mu(k)
         *la(i)*la(j) - 1/2*f(2*a)*f(2*b)*f(b + 2*c)^2*mu(j)*mu(k)*la(i)^2 - 3/
         2*f(2*a)*f(2*b)*f(b + 2*c)*f(2*b + c)*mu(i)*mu(j)*mu(k)*la(i) + 3*f(2
         *a)*f(2*b)*f(2*b + c)*f(a + b + c)*mu(i)*mu(j)*mu(k) - 1/2*f(2*a)*f(2
         *b)*f(3*b)*f(a + 2*c)*mu(i)*mu(j)*mu(k) - 1/2*f(2*a)*f(2*b)*f(3*b)*f(
         3*c)*mu(i)*mu(j)*mu(k)*la(i) - 2*f(2*a)*f(2*b)*f(3*c)*f(a + b + c)*
         mu(i)*la(i)*la(j) - 2*f(2*a)*f(2*b)*f(3*c)*f(a + b + c)*mu(i)*la(i)*
         la(k) - 2*f(2*a)*f(2*b)*f(3*c)*f(a + b + c)*mu(i)*la(j)*la(k) - f(2*a
         )*f(2*b)*f(3*c)*f(a + b + c)*mu(j)*la(i)^2 - 2*f(2*a)*f(2*b)*f(3*c)*
         f(a + b + c)*mu(j)*la(i)*la(k) - f(2*a)*f(2*b)*f(3*c)*f(a + b + c)*
         mu(k)*la(i)^2 - 2*f(2*a)*f(2*b)*f(3*c)*f(a + b + c)*mu(k)*la(i)*la(j)
          - 3/2*f(2*a)*f(2*b)*f(3*c)*f(a + 2*b)*mu(i)*mu(j)*la(i) - 3/2*f(2*a)
         *f(2*b)*f(3*c)*f(a + 2*b)*mu(i)*mu(j)*la(k) - 3/2*f(2*a)*f(2*b)*f(3*c
         )*f(a + 2*b)*mu(i)*mu(k)*la(i) - 3/2*f(2*a)*f(2*b)*f(3*c)*f(a + 2*b)*
         mu(i)*mu(k)*la(j) - 3/2*f(2*a)*f(2*b)*f(3*c)*f(a + 2*b)*mu(j)*mu(k)*
         la(i) - f(2*a)*f(2*b)*f(3*c)*f(a + 2*c)*la(i)^2*la(j) - f(2*a)*f(2*b)
         *f(3*c)*f(a + 2*c)*la(i)^2*la(k) - 2*f(2*a)*f(2*b)*f(3*c)*f(a + 2*c)*
         la(i)*la(j)*la(k) - 3/2*f(2*a)*f(2*b)*f(3*c)*f(2*a + b)*mu(i)*la(i)
          - 3/2*f(2*a)*f(2*b)*f(3*c)*f(2*a + b)*mu(i)*la(j) - 3/2*f(2*a)*f(2*b
         )*f(3*c)*f(2*a + b)*mu(i)*la(k) - 3/2*f(2*a)*f(2*b)*f(3*c)*f(2*a + b)
         *mu(j)*la(i) - 3/2*f(2*a)*f(2*b)*f(3*c)*f(2*a + b)*mu(j)*la(k) - 3/2*
         f(2*a)*f(2*b)*f(3*c)*f(2*a + b)*mu(k)*la(i) - 3/2*f(2*a)*f(2*b)*f(3*c
         )*f(2*a + b)*mu(k)*la(j) - 1/2*f(2*a)*f(2*b)*f(3*c)*f(2*a + c)*la(i)^
         2 - f(2*a)*f(2*b)*f(3*c)*f(2*a + c)*la(i)*la(j) - f(2*a)*f(2*b)*f(3*c
         )*f(2*a + c)*la(i)*la(k) - f(2*a)*f(2*b)*f(3*c)*f(2*a + c)*la(j)*la(k
         ) - 2*f(2*a)*f(2*b)*f(3*c)*f(b + 2*c)*mu(i)*la(i)*la(j)*la(k) - f(2*a
         )*f(2*b)*f(3*c)*f(b + 2*c)*mu(j)*la(i)^2*la(k) - f(2*a)*f(2*b)*f(3*c)
         *f(b + 2*c)*mu(k)*la(i)^2*la(j) - f(2*a)*f(2*b)*f(3*c)*f(2*b + c)*mu(
         i)*mu(j)*la(i)*la(k) - f(2*a)*f(2*b)*f(3*c)*f(2*b + c)*mu(i)*mu(k)*
         la(i)*la(j) - 1/2*f(2*a)*f(2*b)*f(3*c)*f(2*b + c)*mu(j)*mu(k)*la(i)^2
          - f(2*a)*f(2*b)*f(3*c)^2*la(i)^2*la(j)*la(k) - 2*f(2*a)*f(3*b)*f(a
          + b)^2*f(a + 2*c)*mu(i)*[1/f(2*b)] - f(2*a)*f(3*b)*f(a + b)^2*f(a + 
         2*c)*mu(j)*[1/f(2*b)] - f(2*a)*f(3*b)*f(a + b)^2*f(a + 2*c)*mu(k)*
         [1/f(2*b)] - 3*f(2*a)*f(3*b)*f(a + b)^2*f(b + 2*c)*mu(i)*mu(j)*
         [1/f(2*b)] - 3*f(2*a)*f(3*b)*f(a + b)^2*f(b + 2*c)*mu(i)*mu(k)*
         [1/f(2*b)] - 4*f(2*a)*f(3*b)*f(a + b)^2*f(b + 2*c)*mu(j)*mu(k)*
         [1/f(2*b)] + 2*f(2*a)*f(3*b)*f(a + b)*f(a + c)*f(a + b + c)*mu(i)*
         [1/f(2*b)] + 2*f(2*a)*f(3*b)*f(a + b)*f(a + c)*f(a + b + c)*mu(j)*
         [1/f(2*b)] + 2*f(2*a)*f(3*b)*f(a + b)*f(a + c)*f(a + b + c)*mu(k)*
         [1/f(2*b)] - 2*f(2*a)*f(3*b)*f(a + b)*f(a + c)*f(a + 2*c)*la(i)*
         [1/f(2*b)] + f(2*a)*f(3*b)*f(a + b)*f(a + c)*f(2*a + c)*[1/f(2*b)] - 
         f(2*a)*f(3*b)*f(a + b)*f(a + c)*f(b + 2*c)*mu(i)*la(j)*[1/f(2*b)] - 
         f(2*a)*f(3*b)*f(a + b)*f(a + c)*f(b + 2*c)*mu(i)*la(k)*[1/f(2*b)] - 3
         *f(2*a)*f(3*b)*f(a + b)*f(a + c)*f(b + 2*c)*mu(j)*la(i)*[1/f(2*b)] - 
         f(2*a)*f(3*b)*f(a + b)*f(a + c)*f(b + 2*c)*mu(j)*la(k)*[1/f(2*b)] - 3
         *f(2*a)*f(3*b)*f(a + b)*f(a + c)*f(b + 2*c)*mu(k)*la(i)*[1/f(2*b)] - 
         f(2*a)*f(3*b)*f(a + b)*f(a + c)*f(b + 2*c)*mu(k)*la(j)*[1/f(2*b)] + 2
         *f(2*a)*f(3*b)*f(a + b)*f(a + c)*f(2*b + c)*mu(j)*mu(k)*[1/f(2*b)] - 
         2*f(2*a)*f(3*b)*f(a + b)*f(a + 2*c)*f(b + c)*mu(i)*la(i)*[1/f(2*b)]
          + f(2*a)*f(3*b)*f(a + b)*f(a + 2*c)*f(b + c)*mu(i)*la(j)*[1/f(2*b)]
          + f(2*a)*f(3*b)*f(a + b)*f(a + 2*c)*f(b + c)*mu(i)*la(k)*[1/f(2*b)]
          + 2*f(2*a)*f(3*b)*f(a + b)*f(a + 2*c)*f(b + c)*mu(j)*la(k)*
         [1/f(2*b)] + 2*f(2*a)*f(3*b)*f(a + b)*f(a + 2*c)*f(b + c)*mu(k)*la(j)
         *[1/f(2*b)] + 5/2*f(2*a)*f(3*b)*f(a + b)*f(a + 2*c)*mu(i)*mu(j) + 5/2
         *f(2*a)*f(3*b)*f(a + b)*f(a + 2*c)*mu(i)*mu(k) + f(2*a)*f(3*b)*f(a + 
         b)*f(a + 2*c)*mu(j)*mu(k) + 2*f(2*a)*f(3*b)*f(a + b)*f(2*a + c)*f(b
          + c)*mu(i)*[1/f(2*b)] + 2*f(2*a)*f(3*b)*f(a + b)*f(2*a + c)*f(b + c)
         *mu(j)*[1/f(2*b)] + 2*f(2*a)*f(3*b)*f(a + b)*f(2*a + c)*f(b + c)*mu(k
         )*[1/f(2*b)] + 2*f(2*a)*f(3*b)*f(a + b)*f(b + c)*f(a + b + c)*mu(i)*
         mu(j)*[1/f(2*b)] + 2*f(2*a)*f(3*b)*f(a + b)*f(b + c)*f(a + b + c)*mu(
         i)*mu(k)*[1/f(2*b)] + 8*f(2*a)*f(3*b)*f(a + b)*f(b + c)*f(a + b + c)*
         mu(j)*mu(k)*[1/f(2*b)] - 3*f(2*a)*f(3*b)*f(a + b)*f(b + c)*f(b + 2*c)
         *mu(i)*mu(j)*la(i)*[1/f(2*b)] - f(2*a)*f(3*b)*f(a + b)*f(b + c)*f(b
          + 2*c)*mu(i)*mu(j)*la(k)*[1/f(2*b)] - 3*f(2*a)*f(3*b)*f(a + b)*f(b
          + c)*f(b + 2*c)*mu(i)*mu(k)*la(i)*[1/f(2*b)] - f(2*a)*f(3*b)*f(a + b
         )*f(b + c)*f(b + 2*c)*mu(i)*mu(k)*la(j)*[1/f(2*b)] - 4*f(2*a)*f(3*b)*
         f(a + b)*f(b + c)*f(2*b + c)*mu(i)*mu(j)*mu(k)*[1/f(2*b)] + 5*f(2*a)*
         f(3*b)*f(a + b)*f(b + 2*c)*mu(i)*mu(j)*mu(k) - f(2*a)*f(3*b)*f(a + 2*
         b)*f(a + c)^2*mu(j)*[1/f(2*b)] - f(2*a)*f(3*b)*f(a + 2*b)*f(a + c)^2*
         mu(k)*[1/f(2*b)] + 2*f(2*a)*f(3*b)*f(a + 2*b)*f(a + c)*f(b + c)*mu(j)
         *mu(k)*[1/f(2*b)] + 4*f(2*a)*f(3*b)*f(a + 2*b)*f(b + c)^2*mu(i)*mu(j)
         *mu(k)*[1/f(2*b)] - 2*f(2*a)*f(3*b)*f(a + c)*f(a + b + c)*mu(i)*mu(j)
          - 2*f(2*a)*f(3*b)*f(a + c)*f(a + b + c)*mu(i)*mu(k) - 3*f(2*a)*f(3*b
         )*f(a + c)*f(a + b + c)*mu(j)*mu(k) + 2*f(2*a)*f(3*b)*f(a + c)^2*f(a
          + b + c)*la(i)*[1/f(2*b)] - f(2*a)*f(3*b)*f(a + c)^2*f(2*a + b)*
         [1/f(2*b)] - f(2*a)*f(3*b)*f(a + c)^2*f(b + 2*c)*la(i)*la(j)*
         [1/f(2*b)] - f(2*a)*f(3*b)*f(a + c)^2*f(b + 2*c)*la(i)*la(k)*
         [1/f(2*b)] - f(2*a)*f(3*b)*f(a + c)^2*f(b + 2*c)*la(j)*la(k)*
         [1/f(2*b)] - f(2*a)*f(3*b)*f(a + c)^2*f(2*b + c)*mu(j)*la(k)*
         [1/f(2*b)] - f(2*a)*f(3*b)*f(a + c)^2*f(2*b + c)*mu(k)*la(j)*
         [1/f(2*b)] + f(2*a)*f(3*b)*f(a + c)*f(a + 2*c)*f(b + c)*la(i)*la(j)*
         [1/f(2*b)] + f(2*a)*f(3*b)*f(a + c)*f(a + 2*c)*f(b + c)*la(i)*la(k)*
         [1/f(2*b)] + f(2*a)*f(3*b)*f(a + c)*f(a + 2*c)*f(b + c)*la(j)*la(k)*
         [1/f(2*b)] + 1/2*f(2*a)*f(3*b)*f(a + c)*f(a + 2*c)*mu(j)*la(i) - 1/2*
         f(2*a)*f(3*b)*f(a + c)*f(a + 2*c)*mu(j)*la(k) + 1/2*f(2*a)*f(3*b)*f(a
          + c)*f(a + 2*c)*mu(k)*la(i) - 1/2*f(2*a)*f(3*b)*f(a + c)*f(a + 2*c)*
         mu(k)*la(j) - f(2*a)*f(3*b)*f(a + c)*f(2*a + b)*f(b + c)*mu(j)*
         [1/f(2*b)] - f(2*a)*f(3*b)*f(a + c)*f(2*a + b)*f(b + c)*mu(k)*
         [1/f(2*b)] + 2*f(2*a)*f(3*b)*f(a + c)*f(2*a + c)*f(b + c)*la(i)*
         [1/f(2*b)] - 3*f(2*a)*f(3*b)*f(a + c)*f(2*a + c)*mu(i) - 2*f(2*a)*f(3
         *b)*f(a + c)*f(2*a + c)*mu(j) - 2*f(2*a)*f(3*b)*f(a + c)*f(2*a + c)*
         mu(k) + 2*f(2*a)*f(3*b)*f(a + c)*f(b + c)*f(a + b + c)*mu(i)*la(i)*
         [1/f(2*b)] + 2*f(2*a)*f(3*b)*f(a + c)*f(b + c)*f(a + b + c)*mu(j)*la(
         i)*[1/f(2*b)] + 2*f(2*a)*f(3*b)*f(a + c)*f(b + c)*f(a + b + c)*mu(j)*
         la(k)*[1/f(2*b)] + 2*f(2*a)*f(3*b)*f(a + c)*f(b + c)*f(a + b + c)*mu(
         k)*la(i)*[1/f(2*b)] + 2*f(2*a)*f(3*b)*f(a + c)*f(b + c)*f(a + b + c)*
         mu(k)*la(j)*[1/f(2*b)] - f(2*a)*f(3*b)*f(a + c)*f(b + c)*f(b + 2*c)*
         mu(i)*la(i)*la(j)*[1/f(2*b)] - f(2*a)*f(3*b)*f(a + c)*f(b + c)*f(b + 
         2*c)*mu(i)*la(i)*la(k)*[1/f(2*b)] - f(2*a)*f(3*b)*f(a + c)*f(b + c)*
         f(b + 2*c)*mu(j)*la(i)*la(k)*[1/f(2*b)] - f(2*a)*f(3*b)*f(a + c)*f(b
          + c)*f(b + 2*c)*mu(k)*la(i)*la(j)*[1/f(2*b)] - 4*f(2*a)*f(3*b)*f(a
          + c)*f(b + c)*f(2*b + c)*mu(j)*mu(k)*la(i)*[1/f(2*b)] + f(2*a)*f(3*b
         )*f(a + c)*f(b + 2*c)*mu(i)*mu(j)*la(i) + f(2*a)*f(3*b)*f(a + c)*f(b
          + 2*c)*mu(i)*mu(j)*la(k) + f(2*a)*f(3*b)*f(a + c)*f(b + 2*c)*mu(i)*
         mu(k)*la(i) + f(2*a)*f(3*b)*f(a + c)*f(b + 2*c)*mu(i)*mu(k)*la(j) + 3
         *f(2*a)*f(3*b)*f(a + c)*f(b + 2*c)*mu(j)*mu(k)*la(i) + f(2*a)*f(3*b)*
         f(a + 2*c)*f(b + c)^2*mu(i)*la(i)*la(j)*[1/f(2*b)] + f(2*a)*f(3*b)*f(
         a + 2*c)*f(b + c)^2*mu(i)*la(i)*la(k)*[1/f(2*b)] - 2*f(2*a)*f(3*b)*f(
         a + 2*c)*f(b + c)^2*mu(i)*la(j)*la(k)*[1/f(2*b)] + f(2*a)*f(3*b)*f(a
          + 2*c)*f(b + c)^2*mu(j)*la(i)^2*[1/f(2*b)] + f(2*a)*f(3*b)*f(a + 2*c
         )*f(b + c)^2*mu(k)*la(i)^2*[1/f(2*b)] - 1/2*f(2*a)*f(3*b)*f(a + 2*c)*
         f(b + c)*mu(i)*mu(j)*la(i) - f(2*a)*f(3*b)*f(a + 2*c)*f(b + c)*mu(i)*
         mu(j)*la(k) - 1/2*f(2*a)*f(3*b)*f(a + 2*c)*f(b + c)*mu(i)*mu(k)*la(i)
          - f(2*a)*f(3*b)*f(a + 2*c)*f(b + c)*mu(i)*mu(k)*la(j) - f(2*a)*f(3*b
         )*f(a + 2*c)*f(b + c)*mu(j)*mu(k)*la(i) + f(2*a)*f(3*b)*f(2*a + b)*f(
         b + c)^2*mu(i)*mu(j)*[1/f(2*b)] + f(2*a)*f(3*b)*f(2*a + b)*f(b + c)^2
         *mu(i)*mu(k)*[1/f(2*b)] - 4*f(2*a)*f(3*b)*f(2*a + b)*f(b + c)^2*mu(j)
         *mu(k)*[1/f(2*b)] + 2*f(2*a)*f(3*b)*f(2*a + c)*f(b + c)^2*mu(i)*la(i)
         *[1/f(2*b)] - f(2*a)*f(3*b)*f(2*a + c)*f(b + c)^2*mu(i)*la(j)*
         [1/f(2*b)] - f(2*a)*f(3*b)*f(2*a + c)*f(b + c)^2*mu(i)*la(k)*
         [1/f(2*b)] - f(2*a)*f(3*b)*f(2*a + c)*f(b + c)^2*mu(j)*la(k)*
         [1/f(2*b)] - f(2*a)*f(3*b)*f(2*a + c)*f(b + c)^2*mu(k)*la(j)*
         [1/f(2*b)] - 2*f(2*a)*f(3*b)*f(2*a + c)*f(b + c)*mu(i)*mu(j) - 2*f(2*
         a)*f(3*b)*f(2*a + c)*f(b + c)*mu(i)*mu(k) - f(2*a)*f(3*b)*f(2*a + c)*
         f(b + c)*mu(j)*mu(k) - 2*f(2*a)*f(3*b)*f(b + c)*f(a + b + c)*mu(i)*
         mu(j)*mu(k) + 2*f(2*a)*f(3*b)*f(b + c)^2*f(a + b + c)*mu(i)*mu(j)*la(
         i)*[1/f(2*b)] - 2*f(2*a)*f(3*b)*f(b + c)^2*f(a + b + c)*mu(i)*mu(j)*
         la(k)*[1/f(2*b)] + 2*f(2*a)*f(3*b)*f(b + c)^2*f(a + b + c)*mu(i)*mu(k
         )*la(i)*[1/f(2*b)] - 2*f(2*a)*f(3*b)*f(b + c)^2*f(a + b + c)*mu(i)*
         mu(k)*la(j)*[1/f(2*b)] - f(2*a)*f(3*b)*f(b + c)^2*f(b + 2*c)*mu(i)*
         mu(j)*la(i)*la(k)*[1/f(2*b)] - f(2*a)*f(3*b)*f(b + c)^2*f(b + 2*c)*
         mu(i)*mu(k)*la(i)*la(j)*[1/f(2*b)] + 4*f(2*a)*f(3*b)*f(b + c)^2*f(b
          + 2*c)*mu(j)*mu(k)*la(i)^2*[1/f(2*b)] - 4*f(2*a)*f(3*b)*f(b + c)^2*
         f(2*b + c)*mu(i)*mu(j)*mu(k)*la(i)*[1/f(2*b)] + 3*f(2*a)*f(3*b)*f(b
          + c)*f(b + 2*c)*mu(i)*mu(j)*mu(k)*la(i) - f(2*a)*f(3*b)^2*f(a + c)^2
         *mu(j)*mu(k)*[1/f(2*b)] + 2*f(2*a)*f(3*b)^2*f(2*c)*f(a + b)*mu(i)*mu(
         j)*mu(k)*[1/f(2*b)] + 2*f(2*a)*f(3*b)^2*f(2*c)*f(a + c)*mu(j)*mu(k)*
         la(i)*[1/f(2*b)] + 2*f(2*a)*f(3*b)^2*f(2*c)*f(b + c)*mu(i)*mu(j)*mu(k
         )*la(i)*[1/f(2*b)] + f(2*a)*f(3*b)^2*f(2*c)^2*mu(j)*mu(k)*la(i)^2*
         [1/f(2*b)] + 2*f(2*a)*f(3*b)*f(2*c)*f(a + b)*f(a + b + c)*mu(i)*la(j)
         *[1/f(2*b)] + 2*f(2*a)*f(3*b)*f(2*c)*f(a + b)*f(a + b + c)*mu(i)*la(k
         )*[1/f(2*b)] + f(2*a)*f(3*b)*f(2*c)*f(a + b)*f(a + b + c)*mu(j)*la(k)
         *[1/f(2*b)] + f(2*a)*f(3*b)*f(2*c)*f(a + b)*f(a + b + c)*mu(k)*la(j)*
         [1/f(2*b)] + 2*f(2*a)*f(3*b)*f(2*c)*f(a + b)*f(a + 2*b)*mu(i)*mu(j)*
         [1/f(2*b)] + 2*f(2*a)*f(3*b)*f(2*c)*f(a + b)*f(a + 2*b)*mu(i)*mu(k)*
         [1/f(2*b)] - 2*f(2*a)*f(3*b)*f(2*c)*f(a + b)*f(a + 2*b)*mu(j)*mu(k)*
         [1/f(2*b)] - f(2*a)*f(3*b)*f(2*c)*f(a + b)*f(a + 2*c)*la(i)^2*
         [1/f(2*b)] + f(2*a)*f(3*b)*f(2*c)*f(a + b)*f(a + 2*c)*la(j)*la(k)*
         [1/f(2*b)] + f(2*a)*f(3*b)*f(2*c)*f(a + b)*f(2*a + b)*mu(i)*
         [1/f(2*b)] - 1/2*f(2*a)*f(3*b)*f(2*c)*f(a + b)*f(2*a + b)*mu(j)*
         [1/f(2*b)] - 1/2*f(2*a)*f(3*b)*f(2*c)*f(a + b)*f(2*a + b)*mu(k)*
         [1/f(2*b)] + 1/2*f(2*a)*f(3*b)*f(2*c)*f(a + b)*f(2*a + c)*la(j)*
         [1/f(2*b)] + 1/2*f(2*a)*f(3*b)*f(2*c)*f(a + b)*f(2*a + c)*la(k)*
         [1/f(2*b)] + f(2*a)*f(3*b)*f(2*c)*f(a + b)*f(b + 2*c)*mu(i)*la(j)*la(
         k)*[1/f(2*b)] - 3/2*f(2*a)*f(3*b)*f(2*c)*f(a + b)*f(b + 2*c)*mu(j)*
         la(i)^2*[1/f(2*b)] - 3/2*f(2*a)*f(3*b)*f(2*c)*f(a + b)*f(b + 2*c)*mu(
         k)*la(i)^2*[1/f(2*b)] + 2*f(2*a)*f(3*b)*f(2*c)*f(a + b)*f(2*b + c)*
         mu(i)*mu(j)*la(k)*[1/f(2*b)] + 2*f(2*a)*f(3*b)*f(2*c)*f(a + b)*f(2*b
          + c)*mu(i)*mu(k)*la(j)*[1/f(2*b)] - 2*f(2*a)*f(3*b)*f(2*c)*f(a + b
          + c)*mu(i)*mu(j)*la(i) - 2*f(2*a)*f(3*b)*f(2*c)*f(a + b + c)*mu(i)*
         mu(k)*la(i) - 2*f(2*a)*f(3*b)*f(2*c)*f(a + b + c)*mu(j)*mu(k)*la(i)
          + 2*f(2*a)*f(3*b)*f(2*c)*f(a + 2*b)*f(a + c)*mu(j)*la(i)*[1/f(2*b)]
          + 2*f(2*a)*f(3*b)*f(2*c)*f(a + 2*b)*f(a + c)*mu(k)*la(i)*[1/f(2*b)]
          + 2*f(2*a)*f(3*b)*f(2*c)*f(a + 2*b)*f(b + c)*mu(i)*mu(j)*la(i)*
         [1/f(2*b)] + 2*f(2*a)*f(3*b)*f(2*c)*f(a + 2*b)*f(b + c)*mu(i)*mu(k)*
         la(i)*[1/f(2*b)] - 6*f(2*a)*f(3*b)*f(2*c)*f(a + 2*b)*mu(i)*mu(j)*mu(k
         ) + f(2*a)*f(3*b)*f(2*c)*f(a + c)*f(a + b + c)*la(i)^2*[1/f(2*b)] + 2
         *f(2*a)*f(3*b)*f(2*c)*f(a + c)*f(a + b + c)*la(i)*la(j)*[1/f(2*b)] + 
         2*f(2*a)*f(3*b)*f(2*c)*f(a + c)*f(a + b + c)*la(i)*la(k)*[1/f(2*b)]
          + f(2*a)*f(3*b)*f(2*c)*f(a + c)*f(a + b + c)*la(j)*la(k)*[1/f(2*b)]
          + f(2*a)*f(3*b)*f(2*c)*f(a + c)*f(2*a + b)*la(i)*[1/f(2*b)] - 1/2*f(
         2*a)*f(3*b)*f(2*c)*f(a + c)*f(2*a + b)*la(j)*[1/f(2*b)] - 1/2*f(2*a)*
         f(3*b)*f(2*c)*f(a + c)*f(2*a + b)*la(k)*[1/f(2*b)] - 1/2*f(2*a)*f(3*b
         )*f(2*c)*f(a + c)*f(b + 2*c)*la(i)^2*la(j)*[1/f(2*b)] - 1/2*f(2*a)*f(
         3*b)*f(2*c)*f(a + c)*f(b + 2*c)*la(i)^2*la(k)*[1/f(2*b)] + f(2*a)*f(3
         *b)*f(2*c)*f(a + c)*f(b + 2*c)*la(i)*la(j)*la(k)*[1/f(2*b)] + 2*f(2*a
         )*f(3*b)*f(2*c)*f(a + c)*f(2*b + c)*mu(j)*la(i)*la(k)*[1/f(2*b)] + 2*
         f(2*a)*f(3*b)*f(2*c)*f(a + c)*f(2*b + c)*mu(k)*la(i)*la(j)*[1/f(2*b)]
          + 1/2*f(2*a)*f(3*b)*f(2*c)*f(a + 2*c)*f(b + c)*la(i)^2*la(j)*
         [1/f(2*b)] + 1/2*f(2*a)*f(3*b)*f(2*c)*f(a + 2*c)*f(b + c)*la(i)^2*la(
         k)*[1/f(2*b)] - 3/2*f(2*a)*f(3*b)*f(2*c)*f(a + 2*c)*mu(i)*la(i)*la(j)
          - 3/2*f(2*a)*f(3*b)*f(2*c)*f(a + 2*c)*mu(i)*la(i)*la(k) + 1/2*f(2*a)
         *f(3*b)*f(2*c)*f(a + 2*c)*mu(i)*la(j)*la(k) - 3/2*f(2*a)*f(3*b)*f(2*c
         )*f(a + 2*c)*mu(j)*la(i)^2 - 3/2*f(2*a)*f(3*b)*f(2*c)*f(a + 2*c)*mu(j
         )*la(i)*la(k) - 3/2*f(2*a)*f(3*b)*f(2*c)*f(a + 2*c)*mu(k)*la(i)^2 - 3/
         2*f(2*a)*f(3*b)*f(2*c)*f(a + 2*c)*mu(k)*la(i)*la(j) + f(2*a)*f(3*b)*
         f(2*c)*f(2*a + b)*f(b + c)*mu(i)*la(i)*[1/f(2*b)] - 3/2*f(2*a)*f(3*b)
         *f(2*c)*f(2*a + b)*f(b + c)*mu(j)*la(k)*[1/f(2*b)] - 3/2*f(2*a)*f(3*b
         )*f(2*c)*f(2*a + b)*f(b + c)*mu(k)*la(j)*[1/f(2*b)] - 2*f(2*a)*f(3*b)
         *f(2*c)*f(2*a + b)*mu(i)*mu(j) - 2*f(2*a)*f(3*b)*f(2*c)*f(2*a + b)*
         mu(i)*mu(k) + 1/2*f(2*a)*f(3*b)*f(2*c)*f(2*a + b)*mu(j)*mu(k) + f(2*a
         )*f(3*b)*f(2*c)*f(2*a + c)*f(b + c)*la(i)^2*[1/f(2*b)] - f(2*a)*f(3*b
         )*f(2*c)*f(2*a + c)*f(b + c)*la(j)*la(k)*[1/f(2*b)] - 3/2*f(2*a)*f(3*
         b)*f(2*c)*f(2*a + c)*mu(i)*la(i) - 1/2*f(2*a)*f(3*b)*f(2*c)*f(2*a + c
         )*mu(i)*la(j) - 1/2*f(2*a)*f(3*b)*f(2*c)*f(2*a + c)*mu(i)*la(k) - 3/2
         *f(2*a)*f(3*b)*f(2*c)*f(2*a + c)*mu(j)*la(i) - 1/2*f(2*a)*f(3*b)*f(2*
         c)*f(2*a + c)*mu(j)*la(k) - 3/2*f(2*a)*f(3*b)*f(2*c)*f(2*a + c)*mu(k)
         *la(i) - 1/2*f(2*a)*f(3*b)*f(2*c)*f(2*a + c)*mu(k)*la(j) + 2*f(2*a)*
         f(3*b)*f(2*c)*f(b + c)*f(a + b + c)*mu(i)*la(i)*la(j)*[1/f(2*b)] + 2*
         f(2*a)*f(3*b)*f(2*c)*f(b + c)*f(a + b + c)*mu(i)*la(i)*la(k)*
         [1/f(2*b)] + f(2*a)*f(3*b)*f(2*c)*f(b + c)*f(a + b + c)*mu(j)*la(i)^2
         *[1/f(2*b)] + f(2*a)*f(3*b)*f(2*c)*f(b + c)*f(a + b + c)*mu(k)*la(i)^
         2*[1/f(2*b)] + f(2*a)*f(3*b)*f(2*c)*f(b + c)*f(b + 2*c)*mu(i)*la(i)*
         la(j)*la(k)*[1/f(2*b)] - 1/2*f(2*a)*f(3*b)*f(2*c)*f(b + c)*f(b + 2*c)
         *mu(j)*la(i)^2*la(k)*[1/f(2*b)] - 1/2*f(2*a)*f(3*b)*f(2*c)*f(b + c)*
         f(b + 2*c)*mu(k)*la(i)^2*la(j)*[1/f(2*b)] + 2*f(2*a)*f(3*b)*f(2*c)*f(
         b + c)*f(2*b + c)*mu(i)*mu(j)*la(i)*la(k)*[1/f(2*b)] + 2*f(2*a)*f(3*b
         )*f(2*c)*f(b + c)*f(2*b + c)*mu(i)*mu(k)*la(i)*la(j)*[1/f(2*b)] - 2*
         f(2*a)*f(3*b)*f(2*c)*f(b + c)*f(2*b + c)*mu(j)*mu(k)*la(i)^2*
         [1/f(2*b)] - f(2*a)*f(3*b)*f(2*c)*f(b + 2*c)*mu(i)*mu(j)*la(i)*la(k)
          - f(2*a)*f(3*b)*f(2*c)*f(b + 2*c)*mu(i)*mu(k)*la(i)*la(j) - 7/2*f(2*
         a)*f(3*b)*f(2*c)*f(b + 2*c)*mu(j)*mu(k)*la(i)^2 - 2*f(2*a)*f(3*b)*f(2
         *c)*f(2*b + c)*mu(i)*mu(j)*mu(k)*la(i) + f(2*a)*f(3*b)*f(2*c)^2*f(a
          + b + c)*la(i)^2*la(j)*[1/f(2*b)] + f(2*a)*f(3*b)*f(2*c)^2*f(a + b
          + c)*la(i)^2*la(k)*[1/f(2*b)] + f(2*a)*f(3*b)*f(2*c)^2*f(a + 2*b)*
         mu(j)*la(i)^2*[1/f(2*b)] + f(2*a)*f(3*b)*f(2*c)^2*f(a + 2*b)*mu(k)*
         la(i)^2*[1/f(2*b)] + 1/2*f(2*a)*f(3*b)*f(2*c)^2*f(2*a + b)*la(i)^2*
         [1/f(2*b)] - 1/2*f(2*a)*f(3*b)*f(2*c)^2*f(2*a + b)*la(j)*la(k)*
         [1/f(2*b)] + 1/2*f(2*a)*f(3*b)*f(2*c)^2*f(b + 2*c)*la(i)^2*la(j)*la(k
         )*[1/f(2*b)] + f(2*a)*f(3*b)*f(2*c)^2*f(2*b + c)*mu(j)*la(i)^2*la(k)*
         [1/f(2*b)] + f(2*a)*f(3*b)*f(2*c)^2*f(2*b + c)*mu(k)*la(i)^2*la(j)*
         [1/f(2*b)] - 1/2*f(2*a)*f(3*b)*f(2*c)*f(3*c)*f(a + b)*la(i)^2*la(j)*
         [1/f(2*b)] - 1/2*f(2*a)*f(3*b)*f(2*c)*f(3*c)*f(a + b)*la(i)^2*la(k)*
         [1/f(2*b)] - 1/2*f(2*a)*f(3*b)*f(2*c)*f(3*c)*mu(i)*la(i)*la(j)*la(k)
          - f(2*a)*f(3*b)*f(2*c)*f(3*c)*mu(j)*la(i)^2*la(k) - f(2*a)*f(3*b)*f(
         2*c)*f(3*c)*mu(k)*la(i)^2*la(j) - f(2*a)*f(3*b)*f(3*c)*f(a + b)^2*mu(
         i)*la(j)*[1/f(2*b)] - f(2*a)*f(3*b)*f(3*c)*f(a + b)^2*mu(i)*la(k)*
         [1/f(2*b)] - f(2*a)*f(3*b)*f(3*c)*f(a + b)^2*mu(j)*la(k)*[1/f(2*b)]
          - f(2*a)*f(3*b)*f(3*c)*f(a + b)^2*mu(k)*la(j)*[1/f(2*b)] - f(2*a)*f(
         3*b)*f(3*c)*f(a + b)*f(a + c)*la(i)*la(j)*[1/f(2*b)] - f(2*a)*f(3*b)*
         f(3*c)*f(a + b)*f(a + c)*la(i)*la(k)*[1/f(2*b)] - f(2*a)*f(3*b)*f(3*c
         )*f(a + b)*f(a + c)*la(j)*la(k)*[1/f(2*b)] - f(2*a)*f(3*b)*f(3*c)*f(a
          + b)*f(b + c)*mu(i)*la(i)*la(j)*[1/f(2*b)] - f(2*a)*f(3*b)*f(3*c)*f(
         a + b)*f(b + c)*mu(i)*la(i)*la(k)*[1/f(2*b)] + f(2*a)*f(3*b)*f(3*c)*
         f(a + b)*mu(i)*mu(j)*la(i) + 3/2*f(2*a)*f(3*b)*f(3*c)*f(a + b)*mu(i)*
         mu(j)*la(k) + f(2*a)*f(3*b)*f(3*c)*f(a + b)*mu(i)*mu(k)*la(i) + 3/2*
         f(2*a)*f(3*b)*f(3*c)*f(a + b)*mu(i)*mu(k)*la(j) + f(2*a)*f(3*b)*f(3*c
         )*f(a + b)*mu(j)*mu(k)*la(i) + f(2*a)*f(3*b)*f(3*c)*f(a + c)*mu(i)*
         la(i)*la(j) + f(2*a)*f(3*b)*f(3*c)*f(a + c)*mu(i)*la(i)*la(k) + f(2*a
         )*f(3*b)*f(3*c)*f(a + c)*mu(i)*la(j)*la(k) + 1/2*f(2*a)*f(3*b)*f(3*c)
         *f(a + c)*mu(j)*la(i)^2 + 3/2*f(2*a)*f(3*b)*f(3*c)*f(a + c)*mu(j)*la(
         i)*la(k) + 1/2*f(2*a)*f(3*b)*f(3*c)*f(a + c)*mu(k)*la(i)^2 + 3/2*f(2*
         a)*f(3*b)*f(3*c)*f(a + c)*mu(k)*la(i)*la(j) + f(2*a)*f(3*b)*f(3*c)*f(
         b + c)^2*mu(j)*la(i)^2*la(k)*[1/f(2*b)] + f(2*a)*f(3*b)*f(3*c)*f(b + 
         c)^2*mu(k)*la(i)^2*la(j)*[1/f(2*b)] + 1/2*f(2*a)*f(3*b)*f(3*c)*f(b + 
         c)*mu(i)*mu(j)*la(i)*la(k) + 1/2*f(2*a)*f(3*b)*f(3*c)*f(b + c)*mu(i)*
         mu(k)*la(i)*la(j) - 2*f(2*a)*f(2*c)*f(a + b)*f(a + 2*b)*f(a + b + c)*
         la(j)*[1/f(2*b)] - 2*f(2*a)*f(2*c)*f(a + b)*f(a + 2*b)*f(a + b + c)*
         la(k)*[1/f(2*b)] + f(2*a)*f(2*c)*f(a + b)*f(a + 2*b)^2*mu(i)*
         [1/f(2*b)] - 3/2*f(2*a)*f(2*c)*f(a + b)*f(a + 2*b)^2*mu(j)*[1/f(2*b)]
          - 3/2*f(2*a)*f(2*c)*f(a + b)*f(a + 2*b)^2*mu(k)*[1/f(2*b)] - 2*f(2*a
         )*f(2*c)*f(a + b)*f(a + 2*b)*f(2*a + b)*[1/f(2*b)] - 2*f(2*a)*f(2*c)*
         f(a + b)*f(a + 2*b)*f(b + 2*c)*la(j)*la(k)*[1/f(2*b)] - 3*f(2*a)*f(2*
         c)*f(a + b)*f(a + 2*b)*f(2*b + c)*mu(j)*la(k)*[1/f(2*b)] - 3*f(2*a)*
         f(2*c)*f(a + b)*f(a + 2*b)*f(2*b + c)*mu(k)*la(j)*[1/f(2*b)] - 1/2*f(
         2*a)*f(2*c)*f(a + b)*f(2*a + b)*f(2*b + c)*la(j)*[1/f(2*b)] - 1/2*f(2
         *a)*f(2*c)*f(a + b)*f(2*a + b)*f(2*b + c)*la(k)*[1/f(2*b)] + 1/2*f(2*
         a)*f(2*c)*f(a + b)*f(b + 2*c)*f(2*b + c)*la(i)^2*la(j)*[1/f(2*b)] + 1/
         2*f(2*a)*f(2*c)*f(a + b)*f(b + 2*c)*f(2*b + c)*la(i)^2*la(k)*
         [1/f(2*b)] + f(2*a)*f(2*c)*f(a + b)*f(2*b + c)*f(a + b + c)*la(i)^2*
         [1/f(2*b)] - f(2*a)*f(2*c)*f(a + b)*f(2*b + c)*f(a + b + c)*la(j)*la(
         k)*[1/f(2*b)] + f(2*a)*f(2*c)*f(a + b)*f(2*b + c)^2*mu(i)*la(j)*la(k)
         *[1/f(2*b)] + 3/2*f(2*a)*f(2*c)*f(a + b)*f(2*b + c)^2*mu(j)*la(i)^2*
         [1/f(2*b)] + 3/2*f(2*a)*f(2*c)*f(a + b)*f(2*b + c)^2*mu(k)*la(i)^2*
         [1/f(2*b)] + 2*f(2*a)*f(2*c)*f(a + b + c)^2*la(i)*la(j) + 2*f(2*a)*f(
         2*c)*f(a + b + c)^2*la(i)*la(k) - f(2*a)*f(2*c)*f(a + 2*b)*f(a + b + 
         c)*mu(i)*la(i) - 5*f(2*a)*f(2*c)*f(a + 2*b)*f(a + b + c)*mu(i)*la(j)
          - 5*f(2*a)*f(2*c)*f(a + 2*b)*f(a + b + c)*mu(i)*la(k) - f(2*a)*f(2*c
         )*f(a + 2*b)*f(a + b + c)*mu(j)*la(i) - 2*f(2*a)*f(2*c)*f(a + 2*b)*f(
         a + b + c)*mu(j)*la(k) - f(2*a)*f(2*c)*f(a + 2*b)*f(a + b + c)*mu(k)*
         la(i) - 2*f(2*a)*f(2*c)*f(a + 2*b)*f(a + b + c)*mu(k)*la(j) + f(2*a)*
         f(2*c)*f(a + 2*b)^2*f(a + c)*la(i)*[1/f(2*b)] + 1/2*f(2*a)*f(2*c)*f(a
          + 2*b)^2*f(a + c)*la(j)*[1/f(2*b)] + 1/2*f(2*a)*f(2*c)*f(a + 2*b)^2*
         f(a + c)*la(k)*[1/f(2*b)] + f(2*a)*f(2*c)*f(a + 2*b)^2*f(b + c)*mu(i)
         *la(i)*[1/f(2*b)] + 3/2*f(2*a)*f(2*c)*f(a + 2*b)^2*f(b + c)*mu(j)*la(
         k)*[1/f(2*b)] + 3/2*f(2*a)*f(2*c)*f(a + 2*b)^2*f(b + c)*mu(k)*la(j)*
         [1/f(2*b)] - 4*f(2*a)*f(2*c)*f(a + 2*b)^2*mu(i)*mu(j) - 4*f(2*a)*f(2*
         c)*f(a + 2*b)^2*mu(i)*mu(k) - 1/2*f(2*a)*f(2*c)*f(a + 2*b)^2*mu(j)*
         mu(k) - f(2*a)*f(2*c)*f(a + 2*b)*f(a + c)*f(2*b + c)*la(i)^2*
         [1/f(2*b)] - f(2*a)*f(2*c)*f(a + 2*b)*f(a + c)*f(2*b + c)*la(j)*la(k)
         *[1/f(2*b)] - 3*f(2*a)*f(2*c)*f(a + 2*b)*f(a + 2*c)*la(i)*la(j) - 3*
         f(2*a)*f(2*c)*f(a + 2*b)*f(a + 2*c)*la(i)*la(k) - 5/2*f(2*a)*f(2*c)*
         f(a + 2*b)*f(a + 2*c)*la(j)*la(k) + 1/2*f(2*a)*f(2*c)*f(a + 2*b)*f(2*
         a + b)*f(b + c)*la(j)*[1/f(2*b)] + 1/2*f(2*a)*f(2*c)*f(a + 2*b)*f(2*a
          + b)*f(b + c)*la(k)*[1/f(2*b)] - 11/2*f(2*a)*f(2*c)*f(a + 2*b)*f(2*a
          + b)*mu(i) - 9/2*f(2*a)*f(2*c)*f(a + 2*b)*f(2*a + c)*la(i) - 5/2*f(2
         *a)*f(2*c)*f(a + 2*b)*f(2*a + c)*la(j) - 5/2*f(2*a)*f(2*c)*f(a + 2*b)
         *f(2*a + c)*la(k) - f(2*a)*f(2*c)*f(a + 2*b)*f(b + c)*f(a + b + c)*
         la(i)^2*[1/f(2*b)] + f(2*a)*f(2*c)*f(a + 2*b)*f(b + c)*f(a + b + c)*
         la(j)*la(k)*[1/f(2*b)] - 1/2*f(2*a)*f(2*c)*f(a + 2*b)*f(b + c)*f(b + 
         2*c)*la(i)^2*la(j)*[1/f(2*b)] - 1/2*f(2*a)*f(2*c)*f(a + 2*b)*f(b + c)
         *f(b + 2*c)*la(i)^2*la(k)*[1/f(2*b)] - 3*f(2*a)*f(2*c)*f(a + 2*b)*f(b
          + c)*f(2*b + c)*mu(j)*la(i)^2*[1/f(2*b)] - 3*f(2*a)*f(2*c)*f(a + 2*b
         )*f(b + c)*f(2*b + c)*mu(k)*la(i)^2*[1/f(2*b)] + 1/2*f(2*a)*f(2*c)*f(
         a + 2*b)*f(b + 2*c)*mu(i)*la(i)*la(j) + 1/2*f(2*a)*f(2*c)*f(a + 2*b)*
         f(b + 2*c)*mu(i)*la(i)*la(k) - 7/2*f(2*a)*f(2*c)*f(a + 2*b)*f(b + 2*c
         )*mu(i)*la(j)*la(k) + 5/2*f(2*a)*f(2*c)*f(a + 2*b)*f(b + 2*c)*mu(j)*
         la(i)^2 + 1/2*f(2*a)*f(2*c)*f(a + 2*b)*f(b + 2*c)*mu(j)*la(i)*la(k)
          + 5/2*f(2*a)*f(2*c)*f(a + 2*b)*f(b + 2*c)*mu(k)*la(i)^2 + 1/2*f(2*a)
         *f(2*c)*f(a + 2*b)*f(b + 2*c)*mu(k)*la(i)*la(j) - 6*f(2*a)*f(2*c)*f(a
          + 2*b)*f(2*b + c)*mu(i)*mu(j)*la(k) - 6*f(2*a)*f(2*c)*f(a + 2*b)*f(2
         *b + c)*mu(i)*mu(k)*la(j) + 1/2*f(2*a)*f(2*c)*f(a + c)*f(2*b + c)^2*
         la(i)^2*la(j)*[1/f(2*b)] + 1/2*f(2*a)*f(2*c)*f(a + c)*f(2*b + c)^2*
         la(i)^2*la(k)*[1/f(2*b)] + f(2*a)*f(2*c)*f(a + c)*f(2*b + c)^2*la(i)*
         la(j)*la(k)*[1/f(2*b)] - 7/2*f(2*a)*f(2*c)*f(a + 2*c)*f(2*b + c)*la(i
         )^2*la(j) - 7/2*f(2*a)*f(2*c)*f(a + 2*c)*f(2*b + c)*la(i)^2*la(k) - 9/
         2*f(2*a)*f(2*c)*f(a + 2*c)*f(2*b + c)*la(i)*la(j)*la(k) + 3*f(2*a)*f(
         2*c)*f(2*a + b)*f(a + b + c)*la(i) + 2*f(2*a)*f(2*c)*f(2*a + b)*f(a
          + b + c)*la(j) + 2*f(2*a)*f(2*c)*f(2*a + b)*f(a + b + c)*la(k) + 1/2
         *f(2*a)*f(2*c)*f(2*a + b)^2 - 2*f(2*a)*f(2*c)*f(2*a + b)*f(b + c)*f(2
         *b + c)*la(i)^2*[1/f(2*b)] + 5/2*f(2*a)*f(2*c)*f(2*a + b)*f(b + 2*c)*
         la(i)^2 + 2*f(2*a)*f(2*c)*f(2*a + b)*f(b + 2*c)*la(i)*la(j) + 2*f(2*a
         )*f(2*c)*f(2*a + b)*f(b + 2*c)*la(i)*la(k) + 5/2*f(2*a)*f(2*c)*f(2*a
          + b)*f(b + 2*c)*la(j)*la(k) + 1/2*f(2*a)*f(2*c)*f(2*a + b)*f(2*b + c
         )*mu(i)*la(i) - 1/2*f(2*a)*f(2*c)*f(2*a + b)*f(2*b + c)*mu(i)*la(j)
          - 1/2*f(2*a)*f(2*c)*f(2*a + b)*f(2*b + c)*mu(i)*la(k) + 1/2*f(2*a)*
         f(2*c)*f(2*a + b)*f(2*b + c)*mu(j)*la(i) + 5/2*f(2*a)*f(2*c)*f(2*a + 
         b)*f(2*b + c)*mu(j)*la(k) + 1/2*f(2*a)*f(2*c)*f(2*a + b)*f(2*b + c)*
         mu(k)*la(i) + 5/2*f(2*a)*f(2*c)*f(2*a + b)*f(2*b + c)*mu(k)*la(j) - 7/
         2*f(2*a)*f(2*c)*f(2*a + c)*f(2*b + c)*la(i)^2 - 3*f(2*a)*f(2*c)*f(2*a
          + c)*f(2*b + c)*la(i)*la(j) - 3*f(2*a)*f(2*c)*f(2*a + c)*f(2*b + c)*
         la(i)*la(k) - 2*f(2*a)*f(2*c)*f(b + c)*f(b + 2*c)*f(2*b + c)*la(i)^2*
         la(j)*la(k)*[1/f(2*b)] - 2*f(2*a)*f(2*c)*f(b + c)*f(2*b + c)*f(a + b
          + c)*la(i)^2*la(j)*[1/f(2*b)] - 2*f(2*a)*f(2*c)*f(b + c)*f(2*b + c)*
         f(a + b + c)*la(i)^2*la(k)*[1/f(2*b)] + f(2*a)*f(2*c)*f(b + c)*f(2*b
          + c)^2*mu(i)*la(i)*la(j)*la(k)*[1/f(2*b)] - 3/2*f(2*a)*f(2*c)*f(b + 
         c)*f(2*b + c)^2*mu(j)*la(i)^2*la(k)*[1/f(2*b)] - 3/2*f(2*a)*f(2*c)*f(
         b + c)*f(2*b + c)^2*mu(k)*la(i)^2*la(j)*[1/f(2*b)] + 2*f(2*a)*f(2*c)*
         f(b + 2*c)*f(a + b + c)*la(i)^2*la(j) + 2*f(2*a)*f(2*c)*f(b + 2*c)*f(
         a + b + c)*la(i)^2*la(k) + 3*f(2*a)*f(2*c)*f(b + 2*c)*f(a + b + c)*
         la(i)*la(j)*la(k) + 1/2*f(2*a)*f(2*c)*f(b + 2*c)^2*la(i)^2*la(j)*la(k
         ) - 3/2*f(2*a)*f(2*c)*f(b + 2*c)*f(2*b + c)*mu(i)*la(i)*la(j)*la(k)
          - f(2*a)*f(2*c)*f(2*b + c)*f(a + b + c)*mu(i)*la(i)*la(j) - f(2*a)*
         f(2*c)*f(2*b + c)*f(a + b + c)*mu(i)*la(i)*la(k) - 3*f(2*a)*f(2*c)*f(
         2*b + c)*f(a + b + c)*mu(i)*la(j)*la(k) - 2*f(2*a)*f(2*c)*f(2*b + c)*
         f(a + b + c)*mu(j)*la(i)^2 - f(2*a)*f(2*c)*f(2*b + c)*f(a + b + c)*
         mu(j)*la(i)*la(k) - 2*f(2*a)*f(2*c)*f(2*b + c)*f(a + b + c)*mu(k)*la(
         i)^2 - f(2*a)*f(2*c)*f(2*b + c)*f(a + b + c)*mu(k)*la(i)*la(j) - f(2*
         a)*f(2*c)*f(2*b + c)^2*mu(i)*mu(j)*la(i)*la(k) - f(2*a)*f(2*c)*f(2*b
          + c)^2*mu(i)*mu(k)*la(i)*la(j) + 5/2*f(2*a)*f(2*c)*f(2*b + c)^2*mu(j
         )*mu(k)*la(i)^2 + 1/2*f(2*a)*f(2*c)^2*f(a + 2*b)^2*la(i)^2*[1/f(2*b)]
          + 1/2*f(2*a)*f(2*c)^2*f(a + 2*b)^2*la(j)*la(k)*[1/f(2*b)] + 1/2*f(2*
         a)*f(2*c)^2*f(2*b + c)^2*la(i)^2*la(j)*la(k)*[1/f(2*b)] + 1/2*f(2*a)*
         f(2*c)*f(3*c)*f(a + 2*b)*la(i)^2*la(j) + 1/2*f(2*a)*f(2*c)*f(3*c)*f(a
          + 2*b)*la(i)^2*la(k) - 1/2*f(2*a)*f(2*c)*f(3*c)*f(a + 2*b)*la(i)*la(
         j)*la(k) - 3/2*f(2*a)*f(2*c)*f(3*c)*f(2*b + c)*la(i)^2*la(j)*la(k) - 
         f(2*a)*f(3*c)*f(a + b)^2*f(2*b + c)*la(j)*la(k)*[1/f(2*b)] - f(2*a)*
         f(3*c)*f(a + b)*f(a + b + c)*la(i)^2 - 2*f(2*a)*f(3*c)*f(a + b)*f(a
          + b + c)*la(i)*la(j) - 2*f(2*a)*f(3*c)*f(a + b)*f(a + b + c)*la(i)*
         la(k) + f(2*a)*f(3*c)*f(a + b)*f(a + 2*b)*f(b + c)*la(j)*la(k)*
         [1/f(2*b)] + 3/2*f(2*a)*f(3*c)*f(a + b)*f(a + 2*b)*mu(i)*la(j) + 3/2*
         f(2*a)*f(3*c)*f(a + b)*f(a + 2*b)*mu(i)*la(k) + 3/2*f(2*a)*f(3*c)*f(a
          + b)*f(a + 2*b)*mu(j)*la(k) + 3/2*f(2*a)*f(3*c)*f(a + b)*f(a + 2*b)*
         mu(k)*la(j) - 3*f(2*a)*f(3*c)*f(a + b)*f(2*a + b)*la(i) - 3/2*f(2*a)*
         f(3*c)*f(a + b)*f(2*a + b)*la(j) - 3/2*f(2*a)*f(3*c)*f(a + b)*f(2*a
          + b)*la(k) + f(2*a)*f(3*c)*f(a + b)*f(2*b + c)*mu(i)*la(i)*la(j) + 
         f(2*a)*f(3*c)*f(a + b)*f(2*b + c)*mu(i)*la(i)*la(k) + 2*f(2*a)*f(3*c)
         *f(a + b)*f(2*b + c)*mu(i)*la(j)*la(k) + 1/2*f(2*a)*f(3*c)*f(a + b)*
         f(2*b + c)*mu(j)*la(i)^2 + f(2*a)*f(3*c)*f(a + b)*f(2*b + c)*mu(j)*
         la(i)*la(k) + 1/2*f(2*a)*f(3*c)*f(a + b)*f(2*b + c)*mu(k)*la(i)^2 + 
         f(2*a)*f(3*c)*f(a + b)*f(2*b + c)*mu(k)*la(i)*la(j) + f(2*a)*f(3*c)*
         f(a + 2*b)*f(a + c)*la(i)^2 + 7/2*f(2*a)*f(3*c)*f(a + 2*b)*f(a + c)*
         la(i)*la(j) + 7/2*f(2*a)*f(3*c)*f(a + 2*b)*f(a + c)*la(i)*la(k) + 2*
         f(2*a)*f(3*c)*f(a + 2*b)*f(a + c)*la(j)*la(k) + 1/2*f(2*a)*f(3*c)*f(a
          + 2*b)*f(b + c)*mu(i)*la(i)*la(j) + 1/2*f(2*a)*f(3*c)*f(a + 2*b)*f(b
          + c)*mu(i)*la(i)*la(k) - f(2*a)*f(3*c)*f(a + 2*b)*f(b + c)*mu(i)*la(
         j)*la(k) - 1/2*f(2*a)*f(3*c)*f(a + 2*b)*f(b + c)*mu(j)*la(i)^2 - f(2*
         a)*f(3*c)*f(a + 2*b)*f(b + c)*mu(j)*la(i)*la(k) - 1/2*f(2*a)*f(3*c)*
         f(a + 2*b)*f(b + c)*mu(k)*la(i)^2 - f(2*a)*f(3*c)*f(a + 2*b)*f(b + c)
         *mu(k)*la(i)*la(j) + 3/2*f(2*a)*f(3*c)*f(a + c)*f(2*b + c)*la(i)^2*
         la(j) + 3/2*f(2*a)*f(3*c)*f(a + c)*f(2*b + c)*la(i)^2*la(k) + 4*f(2*a
         )*f(3*c)*f(a + c)*f(2*b + c)*la(i)*la(j)*la(k) - f(2*a)*f(3*c)*f(2*a
          + b)*f(b + c)*la(i)^2 - 2*f(2*a)*f(3*c)*f(2*a + b)*f(b + c)*la(i)*
         la(j) - 2*f(2*a)*f(3*c)*f(2*a + b)*f(b + c)*la(i)*la(k) - 2*f(2*a)*f(
         3*c)*f(2*a + b)*f(b + c)*la(j)*la(k) - f(2*a)*f(3*c)*f(b + c)*f(a + b
          + c)*la(i)^2*la(j) - f(2*a)*f(3*c)*f(b + c)*f(a + b + c)*la(i)^2*la(
         k) - 2*f(2*a)*f(3*c)*f(b + c)*f(a + b + c)*la(i)*la(j)*la(k) + f(2*a)
         *f(3*c)*f(b + c)^2*f(2*b + c)*la(i)^2*la(j)*la(k)*[1/f(2*b)] + 2*f(2*
         a)*f(3*c)*f(b + c)*f(b + 2*c)*la(i)^2*la(j)*la(k) + 2*f(2*a)*f(3*c)*
         f(b + c)*f(2*b + c)*mu(i)*la(i)*la(j)*la(k) + 1/2*f(2*a)*f(3*c)*f(b
          + c)*f(2*b + c)*mu(j)*la(i)^2*la(k) + 1/2*f(2*a)*f(3*c)*f(b + c)*f(2
         *b + c)*mu(k)*la(i)^2*la(j) + 2*f(2*a + b)*f(2*a + c)*f(b + c)^2*mu(i
         )*la(j) + 2*f(2*a + b)*f(2*a + c)*f(b + c)^2*mu(i)*la(k) + 2*f(2*a + 
         b)*f(2*a + c)*f(b + c)^2*mu(j)*la(i) + f(2*a + b)*f(2*a + c)*f(b + c)
         ^2*mu(j)*la(k) + 2*f(2*a + b)*f(2*a + c)*f(b + c)^2*mu(k)*la(i) + f(2
         *a + b)*f(2*a + c)*f(b + c)^2*mu(k)*la(j) + 12*f(2*a + b)*f(b + c)^2*
         f(2*b + c)*mu(i)*mu(j)*mu(k)*la(i) + 2*f(2*a + c)*f(b + c)^2*f(a + b
          + c)*mu(i)*la(i)*la(j) + 2*f(2*a + c)*f(b + c)^2*f(a + b + c)*mu(i)*
         la(i)*la(k) + 3*f(2*a + c)*f(b + c)^2*f(2*b + c)*mu(i)*mu(j)*la(i)*
         la(k) + 3*f(2*a + c)*f(b + c)^2*f(2*b + c)*mu(i)*mu(k)*la(i)*la(j) + 
         4*f(3*a)*f(a + b)^2*f(a + 2*c) + 2*f(3*a)*f(a + b)^2*f(b + c)*f(2*b
          + c)*mu(i)*[1/f(2*b)] + f(3*a)*f(a + b)^2*f(b + 2*c)*mu(j) + f(3*a)*
         f(a + b)^2*f(b + 2*c)*mu(k) - 2*f(3*a)*f(a + b)*f(a + 2*b)*f(b + c)^2
         *mu(i)*[1/f(2*b)] - 8*f(3*a)*f(a + b)*f(a + c)*f(a + b + c) + 2*f(3*a
         )*f(a + b)*f(a + c)*f(b + c)*f(2*b + c)*la(i)*[1/f(2*b)] - 6*f(3*a)*
         f(a + b)*f(a + c)*f(b + 2*c)*la(i) - 2*f(3*a)*f(a + b)*f(a + c)*f(b
          + 2*c)*la(j) - 2*f(3*a)*f(a + b)*f(a + c)*f(b + 2*c)*la(k) - 2*f(3*a
         )*f(a + b)*f(a + c)*f(2*b + c)*mu(i) - 2*f(3*a)*f(a + b)*f(a + c)*f(2
         *b + c)*mu(j) - 2*f(3*a)*f(a + b)*f(a + c)*f(2*b + c)*mu(k) + 2*f(3*a
         )*f(a + b)*f(a + 2*c)*f(b + c)*la(i) + f(3*a)*f(a + b)*f(a + 2*c)*f(b
          + c)*la(j) + f(3*a)*f(a + b)*f(a + 2*c)*f(b + c)*la(k) - 2*f(3*a)*f(
         a + b)*f(2*a + c)*f(b + c) - 2*f(3*a)*f(a + b)*f(b + c)*f(a + b + c)*
         mu(i) - 2*f(3*a)*f(a + b)*f(b + c)*f(a + b + c)*mu(j) - 2*f(3*a)*f(a
          + b)*f(b + c)*f(a + b + c)*mu(k) + 2*f(3*a)*f(a + b)*f(b + c)^2*f(2*
         b + c)*mu(i)*la(i)*[1/f(2*b)] - 2*f(3*a)*f(a + b)*f(b + c)*f(b + 2*c)
         *mu(i)*la(i) + f(3*a)*f(a + b)*f(b + c)*f(2*b + c)*mu(i)*mu(j) + f(3*
         a)*f(a + b)*f(b + c)*f(2*b + c)*mu(i)*mu(k) - f(3*a)*f(a + b)*f(b + c
         )*f(2*b + c)*mu(j)*mu(k) + 4*f(3*a)*f(a + 2*b)*f(a + c)^2 - 2*f(3*a)*
         f(a + 2*b)*f(a + c)*f(b + c)^2*la(i)*[1/f(2*b)] + 2*f(3*a)*f(a + 2*b)
         *f(a + c)*f(b + c)*mu(i) + f(3*a)*f(a + 2*b)*f(a + c)*f(b + c)*mu(j)
          + f(3*a)*f(a + 2*b)*f(a + c)*f(b + c)*mu(k) - 2*f(3*a)*f(a + 2*b)*f(
         b + c)^3*mu(i)*la(i)*[1/f(2*b)] + 2*f(3*a)*f(a + 2*b)*f(b + c)^2*mu(i
         )*mu(j) + 2*f(3*a)*f(a + 2*b)*f(b + c)^2*mu(i)*mu(k) + f(3*a)*f(a + 2
         *b)*f(b + c)^2*mu(j)*mu(k) + 4*f(3*a)*f(a + c)^2*f(2*b + c)*la(i) + 
         f(3*a)*f(a + c)^2*f(2*b + c)*la(j) + f(3*a)*f(a + c)^2*f(2*b + c)*la(
         k) - 2*f(3*a)*f(a + c)*f(2*a + b)*f(b + c) - 2*f(3*a)*f(a + c)*f(b + 
         c)*f(a + b + c)*la(i) - 2*f(3*a)*f(a + c)*f(b + c)*f(a + b + c)*la(j)
          - 2*f(3*a)*f(a + c)*f(b + c)*f(a + b + c)*la(k) - f(3*a)*f(a + c)*f(
         b + c)*f(b + 2*c)*la(i)^2 - 2*f(3*a)*f(a + c)*f(b + c)*f(b + 2*c)*la(
         i)*la(j) - 2*f(3*a)*f(a + c)*f(b + c)*f(b + 2*c)*la(i)*la(k) - f(3*a)
         *f(a + c)*f(b + c)*f(b + 2*c)*la(j)*la(k) + 2*f(3*a)*f(a + c)*f(b + c
         )*f(2*b + c)*mu(i)*la(i) + 3*f(3*a)*f(a + c)*f(b + c)*f(2*b + c)*mu(j
         )*la(i) + 3*f(3*a)*f(a + c)*f(b + c)*f(2*b + c)*mu(k)*la(i) + f(3*a)*
         f(a + 2*c)*f(b + c)^2*la(i)^2 + 2*f(3*a)*f(a + 2*c)*f(b + c)^2*la(i)*
         la(j) + 2*f(3*a)*f(a + 2*c)*f(b + c)^2*la(i)*la(k) + f(3*a)*f(a + 2*c
         )*f(b + c)^2*la(j)*la(k) + 2*f(3*a)*f(2*a + b)*f(b + c)^2*mu(i) + f(3
         *a)*f(2*a + b)*f(b + c)^2*mu(j) + f(3*a)*f(2*a + b)*f(b + c)^2*mu(k)
          + 2*f(3*a)*f(2*a + c)*f(b + c)^2*la(i) + f(3*a)*f(2*a + c)*f(b + c)^
         2*la(j) + f(3*a)*f(2*a + c)*f(b + c)^2*la(k) + f(3*a)^2*f(b + c)^2 - 
         f(3*a)^2*f(2*b)*f(2*c) + 2*f(3*a)*f(b + c)^2*f(a + b + c)*mu(i)*la(i)
          + 3*f(3*a)*f(b + c)^2*f(2*b + c)*mu(i)*mu(j)*la(i) + 3*f(3*a)*f(b + 
         c)^2*f(2*b + c)*mu(i)*mu(k)*la(i) + 2*f(3*a)*f(2*b)*f(a + b)*f(a + 2*
         c)*mu(i) + 3/2*f(3*a)*f(2*b)*f(a + b)*f(a + 2*c)*mu(j) + 3/2*f(3*a)*
         f(2*b)*f(a + b)*f(a + 2*c)*mu(k) + 1/2*f(3*a)*f(2*b)*f(a + b)*f(b + 2
         *c)*mu(i)*mu(j) + 1/2*f(3*a)*f(2*b)*f(a + b)*f(b + 2*c)*mu(i)*mu(k)
          + f(3*a)*f(2*b)*f(a + b)*f(b + 2*c)*mu(j)*mu(k) - 2*f(3*a)*f(2*b)*f(
         a + c)*f(a + b + c)*mu(i) - f(3*a)*f(2*b)*f(a + c)*f(a + b + c)*mu(j)
          - f(3*a)*f(2*b)*f(a + c)*f(a + b + c)*mu(k) + 1/2*f(3*a)*f(2*b)*f(a
          + c)*f(a + 2*c)*la(j) + 1/2*f(3*a)*f(2*b)*f(a + c)*f(a + 2*c)*la(k)
          + 2*f(3*a)*f(2*b)*f(a + c)*f(2*a + c) - f(3*a)*f(2*b)*f(a + c)*f(b
          + 2*c)*mu(i)*la(i) - f(3*a)*f(2*b)*f(a + c)*f(b + 2*c)*mu(i)*la(j)
          - f(3*a)*f(2*b)*f(a + c)*f(b + 2*c)*mu(i)*la(k) - 5/2*f(3*a)*f(2*b)*
         f(a + c)*f(b + 2*c)*mu(j)*la(i) - 1/2*f(3*a)*f(2*b)*f(a + c)*f(b + 2*
         c)*mu(j)*la(k) - 5/2*f(3*a)*f(2*b)*f(a + c)*f(b + 2*c)*mu(k)*la(i) - 
         1/2*f(3*a)*f(2*b)*f(a + c)*f(b + 2*c)*mu(k)*la(j) - 2*f(3*a)*f(2*b)*
         f(a + c)*f(2*b + c)*mu(i)*mu(j) - 2*f(3*a)*f(2*b)*f(a + c)*f(2*b + c)
         *mu(i)*mu(k) - f(3*a)*f(2*b)*f(a + c)*f(2*b + c)*mu(j)*mu(k) + f(3*a)
         *f(2*b)*f(a + 2*c)*f(b + c)*mu(i)*la(j) + f(3*a)*f(2*b)*f(a + 2*c)*f(
         b + c)*mu(i)*la(k) + f(3*a)*f(2*b)*f(a + 2*c)*f(b + c)*mu(j)*la(i) + 
         1/2*f(3*a)*f(2*b)*f(a + 2*c)*f(b + c)*mu(j)*la(k) + f(3*a)*f(2*b)*f(a
          + 2*c)*f(b + c)*mu(k)*la(i) + 1/2*f(3*a)*f(2*b)*f(a + 2*c)*f(b + c)*
         mu(k)*la(j) - 2*f(3*a)*f(2*b)*f(b + c)*f(a + b + c)*mu(i)*mu(j) - 2*
         f(3*a)*f(2*b)*f(b + c)*f(a + b + c)*mu(i)*mu(k) - f(3*a)*f(2*b)*f(b
          + c)*f(a + b + c)*mu(j)*mu(k) - 3/2*f(3*a)*f(2*b)*f(b + c)*f(b + 2*c
         )*mu(i)*mu(j)*la(i) - 3/2*f(3*a)*f(2*b)*f(b + c)*f(b + 2*c)*mu(i)*mu(
         k)*la(i) - 3*f(3*a)*f(2*b)*f(b + c)*f(2*b + c)*mu(i)*mu(j)*mu(k) + f(
         3*a)*f(2*b)^2*f(a + 2*c)*mu(i)*mu(j) + f(3*a)*f(2*b)^2*f(a + 2*c)*mu(
         i)*mu(k) + 1/2*f(3*a)*f(2*b)^2*f(a + 2*c)*mu(j)*mu(k) + 3/2*f(3*a)*f(
         2*b)^2*f(b + 2*c)*mu(i)*mu(j)*mu(k) + 1/2*f(3*a)*f(2*b)^2*f(3*c)*mu(i
         )*mu(j)*la(i) + 1/2*f(3*a)*f(2*b)^2*f(3*c)*mu(i)*mu(j)*la(k) + 1/2*f(
         3*a)*f(2*b)^2*f(3*c)*mu(i)*mu(k)*la(i) + 1/2*f(3*a)*f(2*b)^2*f(3*c)*
         mu(i)*mu(k)*la(j) + 1/2*f(3*a)*f(2*b)^2*f(3*c)*mu(j)*mu(k)*la(i) - 1/
         2*f(3*a)*f(2*b)*f(3*b)*f(2*c)*mu(i)*mu(j)*mu(k) - 2*f(3*a)*f(2*b)*f(2
         *c)*f(a + b + c)*mu(i)*la(i) - 2*f(3*a)*f(2*b)*f(2*c)*f(a + b + c)*
         mu(i)*la(j) - 2*f(3*a)*f(2*b)*f(2*c)*f(a + b + c)*mu(i)*la(k) - 2*f(3
         *a)*f(2*b)*f(2*c)*f(a + b + c)*mu(j)*la(i) - f(3*a)*f(2*b)*f(2*c)*f(a
          + b + c)*mu(j)*la(k) - 2*f(3*a)*f(2*b)*f(2*c)*f(a + b + c)*mu(k)*la(
         i) - f(3*a)*f(2*b)*f(2*c)*f(a + b + c)*mu(k)*la(j) - f(3*a)*f(2*b)*f(
         2*c)*f(a + 2*b)*mu(i)*mu(j) - f(3*a)*f(2*b)*f(2*c)*f(a + 2*b)*mu(i)*
         mu(k) - 1/2*f(3*a)*f(2*b)*f(2*c)*f(a + 2*b)*mu(j)*mu(k) - f(3*a)*f(2*
         b)*f(2*c)*f(a + 2*c)*la(i)^2 - f(3*a)*f(2*b)*f(2*c)*f(a + 2*c)*la(i)*
         la(j) - f(3*a)*f(2*b)*f(2*c)*f(a + 2*c)*la(i)*la(k) - 1/2*f(3*a)*f(2*
         b)*f(2*c)*f(a + 2*c)*la(j)*la(k) - 2*f(3*a)*f(2*b)*f(2*c)*f(2*a + b)*
         mu(i) - f(3*a)*f(2*b)*f(2*c)*f(2*a + b)*mu(j) - f(3*a)*f(2*b)*f(2*c)*
         f(2*a + b)*mu(k) - 2*f(3*a)*f(2*b)*f(2*c)*f(2*a + c)*la(i) - f(3*a)*
         f(2*b)*f(2*c)*f(2*a + c)*la(j) - f(3*a)*f(2*b)*f(2*c)*f(2*a + c)*la(k
         ) - 3/2*f(3*a)*f(2*b)*f(2*c)*f(b + 2*c)*mu(i)*la(i)*la(j) - 3/2*f(3*a
         )*f(2*b)*f(2*c)*f(b + 2*c)*mu(i)*la(i)*la(k) - 3/2*f(3*a)*f(2*b)*f(2*
         c)*f(b + 2*c)*mu(i)*la(j)*la(k) - 3/2*f(3*a)*f(2*b)*f(2*c)*f(b + 2*c)
         *mu(j)*la(i)^2 - 3/2*f(3*a)*f(2*b)*f(2*c)*f(b + 2*c)*mu(j)*la(i)*la(k
         ) - 3/2*f(3*a)*f(2*b)*f(2*c)*f(b + 2*c)*mu(k)*la(i)^2 - 3/2*f(3*a)*f(
         2*b)*f(2*c)*f(b + 2*c)*mu(k)*la(i)*la(j) - 3/2*f(3*a)*f(2*b)*f(2*c)*
         f(2*b + c)*mu(i)*mu(j)*la(i) - 3/2*f(3*a)*f(2*b)*f(2*c)*f(2*b + c)*
         mu(i)*mu(j)*la(k) - 3/2*f(3*a)*f(2*b)*f(2*c)*f(2*b + c)*mu(i)*mu(k)*
         la(i) - 3/2*f(3*a)*f(2*b)*f(2*c)*f(2*b + c)*mu(i)*mu(k)*la(j) - 3/2*
         f(3*a)*f(2*b)*f(2*c)*f(2*b + c)*mu(j)*mu(k)*la(i) - 1/2*f(3*a)*f(2*b)
         *f(2*c)*f(3*c)*la(i)^2*la(j) - 1/2*f(3*a)*f(2*b)*f(2*c)*f(3*c)*la(i)^
         2*la(k) - 1/2*f(3*a)*f(2*b)*f(2*c)*f(3*c)*la(i)*la(j)*la(k) + f(3*a)*
         f(2*b)*f(3*c)*f(a + b)*mu(i)*la(i) + 1/2*f(3*a)*f(2*b)*f(3*c)*f(a + b
         )*mu(i)*la(j) + 1/2*f(3*a)*f(2*b)*f(3*c)*f(a + b)*mu(i)*la(k) + f(3*a
         )*f(2*b)*f(3*c)*f(a + b)*mu(j)*la(i) + 1/2*f(3*a)*f(2*b)*f(3*c)*f(a
          + b)*mu(j)*la(k) + f(3*a)*f(2*b)*f(3*c)*f(a + b)*mu(k)*la(i) + 1/2*
         f(3*a)*f(2*b)*f(3*c)*f(a + b)*mu(k)*la(j) - 1/2*f(3*a)*f(2*b)*f(3*c)*
         f(a + c)*la(i)*la(j) - 1/2*f(3*a)*f(2*b)*f(3*c)*f(a + c)*la(i)*la(k)
          + 1/2*f(3*a)*f(2*b)*f(3*c)*f(b + c)*mu(i)*la(i)*la(j) + 1/2*f(3*a)*
         f(2*b)*f(3*c)*f(b + c)*mu(i)*la(i)*la(k) + f(3*a)*f(2*b)*f(3*c)*f(b
          + c)*mu(i)*la(j)*la(k) + 1/2*f(3*a)*f(2*b)*f(3*c)*f(b + c)*mu(j)*la(
         i)^2 + f(3*a)*f(2*b)*f(3*c)*f(b + c)*mu(j)*la(i)*la(k) + 1/2*f(3*a)*
         f(2*b)*f(3*c)*f(b + c)*mu(k)*la(i)^2 + f(3*a)*f(2*b)*f(3*c)*f(b + c)*
         mu(k)*la(i)*la(j) - 2*f(3*a)*f(3*b)*f(a + b)*f(a + c)*f(b + c)*mu(i)*
         [1/f(2*b)] - 2*f(3*a)*f(3*b)*f(a + b)*f(b + c)^2*mu(i)*mu(j)*
         [1/f(2*b)] - 2*f(3*a)*f(3*b)*f(a + b)*f(b + c)^2*mu(i)*mu(k)*
         [1/f(2*b)] - 2*f(3*a)*f(3*b)*f(a + c)^2*f(b + c)*la(i)*[1/f(2*b)] + 2
         *f(3*a)*f(3*b)*f(a + c)^2*mu(i) + f(3*a)*f(3*b)*f(a + c)^2*mu(j) + f(
         3*a)*f(3*b)*f(a + c)^2*mu(k) - 2*f(3*a)*f(3*b)*f(a + c)*f(b + c)^2*
         mu(i)*la(i)*[1/f(2*b)] - 2*f(3*a)*f(3*b)*f(a + c)*f(b + c)^2*mu(j)*
         la(i)*[1/f(2*b)] - 2*f(3*a)*f(3*b)*f(a + c)*f(b + c)^2*mu(k)*la(i)*
         [1/f(2*b)] + 2*f(3*a)*f(3*b)*f(a + c)*f(b + c)*mu(i)*mu(j) + 2*f(3*a)
         *f(3*b)*f(a + c)*f(b + c)*mu(i)*mu(k) + f(3*a)*f(3*b)*f(a + c)*f(b + 
         c)*mu(j)*mu(k) - 2*f(3*a)*f(3*b)*f(b + c)^3*mu(i)*mu(j)*la(i)*
         [1/f(2*b)] - 2*f(3*a)*f(3*b)*f(b + c)^3*mu(i)*mu(k)*la(i)*[1/f(2*b)]
          + 2*f(3*a)*f(3*b)*f(b + c)^2*mu(i)*mu(j)*mu(k) - f(3*a)*f(3*b)*f(2*c
         )*f(a + b)*f(b + c)*mu(i)*la(j)*[1/f(2*b)] - f(3*a)*f(3*b)*f(2*c)*f(a
          + b)*f(b + c)*mu(i)*la(k)*[1/f(2*b)] + 1/2*f(3*a)*f(3*b)*f(2*c)*f(a
          + b)*mu(i)*mu(j) + 1/2*f(3*a)*f(3*b)*f(2*c)*f(a + b)*mu(i)*mu(k) - 
         f(3*a)*f(3*b)*f(2*c)*f(a + c)*f(b + c)*la(i)^2*[1/f(2*b)] - f(3*a)*f(
         3*b)*f(2*c)*f(a + c)*f(b + c)*la(i)*la(j)*[1/f(2*b)] - f(3*a)*f(3*b)*
         f(2*c)*f(a + c)*f(b + c)*la(i)*la(k)*[1/f(2*b)] + f(3*a)*f(3*b)*f(2*c
         )*f(a + c)*mu(i)*la(i) + f(3*a)*f(3*b)*f(2*c)*f(a + c)*mu(i)*la(j) + 
         f(3*a)*f(3*b)*f(2*c)*f(a + c)*mu(i)*la(k) + 3/2*f(3*a)*f(3*b)*f(2*c)*
         f(a + c)*mu(j)*la(i) + 1/2*f(3*a)*f(3*b)*f(2*c)*f(a + c)*mu(j)*la(k)
          + 3/2*f(3*a)*f(3*b)*f(2*c)*f(a + c)*mu(k)*la(i) + 1/2*f(3*a)*f(3*b)*
         f(2*c)*f(a + c)*mu(k)*la(j) - f(3*a)*f(3*b)*f(2*c)*f(b + c)^2*mu(i)*
         la(i)*la(j)*[1/f(2*b)] - f(3*a)*f(3*b)*f(2*c)*f(b + c)^2*mu(i)*la(i)*
         la(k)*[1/f(2*b)] - f(3*a)*f(3*b)*f(2*c)*f(b + c)^2*mu(j)*la(i)^2*
         [1/f(2*b)] - f(3*a)*f(3*b)*f(2*c)*f(b + c)^2*mu(k)*la(i)^2*[1/f(2*b)]
          + 3/2*f(3*a)*f(3*b)*f(2*c)*f(b + c)*mu(i)*mu(j)*la(i) + f(3*a)*f(3*b
         )*f(2*c)*f(b + c)*mu(i)*mu(j)*la(k) + 3/2*f(3*a)*f(3*b)*f(2*c)*f(b + 
         c)*mu(i)*mu(k)*la(i) + f(3*a)*f(3*b)*f(2*c)*f(b + c)*mu(i)*mu(k)*la(j
         ) + f(3*a)*f(3*b)*f(2*c)*f(b + c)*mu(j)*mu(k)*la(i) - 1/2*f(3*a)*f(3*
         b)*f(2*c)^2*f(b + c)*la(i)^2*la(j)*[1/f(2*b)] - 1/2*f(3*a)*f(3*b)*f(2
         *c)^2*f(b + c)*la(i)^2*la(k)*[1/f(2*b)] + 1/2*f(3*a)*f(3*b)*f(2*c)^2*
         mu(i)*la(i)*la(j) + 1/2*f(3*a)*f(3*b)*f(2*c)^2*mu(i)*la(i)*la(k) + 1/
         2*f(3*a)*f(3*b)*f(2*c)^2*mu(i)*la(j)*la(k) + 1/2*f(3*a)*f(3*b)*f(2*c)
         ^2*mu(j)*la(i)^2 + 1/2*f(3*a)*f(3*b)*f(2*c)^2*mu(j)*la(i)*la(k) + 1/2
         *f(3*a)*f(3*b)*f(2*c)^2*mu(k)*la(i)^2 + 1/2*f(3*a)*f(3*b)*f(2*c)^2*
         mu(k)*la(i)*la(j) - 2*f(3*a)*f(2*c)*f(a + b)*f(a + b + c)*la(i) - f(3
         *a)*f(2*c)*f(a + b)*f(a + b + c)*la(j) - f(3*a)*f(2*c)*f(a + b)*f(a
          + b + c)*la(k) + 2*f(3*a)*f(2*c)*f(a + b)*f(a + 2*b)*mu(i) + 1/2*f(3
         *a)*f(2*c)*f(a + b)*f(a + 2*b)*mu(j) + 1/2*f(3*a)*f(2*c)*f(a + b)*f(a
          + 2*b)*mu(k) + 2*f(3*a)*f(2*c)*f(a + b)*f(2*a + b) + f(3*a)*f(2*c)*
         f(a + b)*f(b + c)*f(2*b + c)*la(i)^2*[1/f(2*b)] - 2*f(3*a)*f(2*c)*f(a
          + b)*f(b + 2*c)*la(i)^2 - 2*f(3*a)*f(2*c)*f(a + b)*f(b + 2*c)*la(i)*
         la(j) - 2*f(3*a)*f(2*c)*f(a + b)*f(b + 2*c)*la(i)*la(k) - f(3*a)*f(2*
         c)*f(a + b)*f(b + 2*c)*la(j)*la(k) - f(3*a)*f(2*c)*f(a + b)*f(2*b + c
         )*mu(i)*la(i) + 1/2*f(3*a)*f(2*c)*f(a + b)*f(2*b + c)*mu(i)*la(j) + 1/
         2*f(3*a)*f(2*c)*f(a + b)*f(2*b + c)*mu(i)*la(k) - f(3*a)*f(2*c)*f(a
          + b)*f(2*b + c)*mu(j)*la(i) - 1/2*f(3*a)*f(2*c)*f(a + b)*f(2*b + c)*
         mu(j)*la(k) - f(3*a)*f(2*c)*f(a + b)*f(2*b + c)*mu(k)*la(i) - 1/2*f(3
         *a)*f(2*c)*f(a + b)*f(2*b + c)*mu(k)*la(j) + 4*f(3*a)*f(2*c)*f(a + 2*
         b)*f(a + c)*la(i) + 3/2*f(3*a)*f(2*c)*f(a + 2*b)*f(a + c)*la(j) + 3/2
         *f(3*a)*f(2*c)*f(a + 2*b)*f(a + c)*la(k) - f(3*a)*f(2*c)*f(a + 2*b)*
         f(b + c)^2*la(i)^2*[1/f(2*b)] + 2*f(3*a)*f(2*c)*f(a + 2*b)*f(b + c)*
         mu(i)*la(i) + f(3*a)*f(2*c)*f(a + 2*b)*f(b + c)*mu(i)*la(j) + f(3*a)*
         f(2*c)*f(a + 2*b)*f(b + c)*mu(i)*la(k) + f(3*a)*f(2*c)*f(a + 2*b)*f(b
          + c)*mu(j)*la(i) + 1/2*f(3*a)*f(2*c)*f(a + 2*b)*f(b + c)*mu(j)*la(k)
          + f(3*a)*f(2*c)*f(a + 2*b)*f(b + c)*mu(k)*la(i) + 1/2*f(3*a)*f(2*c)*
         f(a + 2*b)*f(b + c)*mu(k)*la(j) + 2*f(3*a)*f(2*c)*f(a + c)*f(2*b + c)
         *la(i)^2 + 7/2*f(3*a)*f(2*c)*f(a + c)*f(2*b + c)*la(i)*la(j) + 7/2*f(
         3*a)*f(2*c)*f(a + c)*f(2*b + c)*la(i)*la(k) + f(3*a)*f(2*c)*f(a + c)*
         f(2*b + c)*la(j)*la(k) - 2*f(3*a)*f(2*c)*f(b + c)*f(a + b + c)*la(i)*
         la(j) - 2*f(3*a)*f(2*c)*f(b + c)*f(a + b + c)*la(i)*la(k) - f(3*a)*f(
         2*c)*f(b + c)*f(a + b + c)*la(j)*la(k) - 3/2*f(3*a)*f(2*c)*f(b + c)*
         f(b + 2*c)*la(i)^2*la(j) - 3/2*f(3*a)*f(2*c)*f(b + c)*f(b + 2*c)*la(i
         )^2*la(k) - 3*f(3*a)*f(2*c)*f(b + c)*f(b + 2*c)*la(i)*la(j)*la(k) + 3/
         2*f(3*a)*f(2*c)*f(b + c)*f(2*b + c)*mu(i)*la(i)*la(j) + 3/2*f(3*a)*f(
         2*c)*f(b + c)*f(2*b + c)*mu(i)*la(i)*la(k) + 3/2*f(3*a)*f(2*c)*f(b + 
         c)*f(2*b + c)*mu(j)*la(i)^2 + 3/2*f(3*a)*f(2*c)*f(b + c)*f(2*b + c)*
         mu(k)*la(i)^2 + f(3*a)*f(2*c)^2*f(a + 2*b)*la(i)^2 + f(3*a)*f(2*c)^2*
         f(a + 2*b)*la(i)*la(j) + f(3*a)*f(2*c)^2*f(a + 2*b)*la(i)*la(k) + 1/2
         *f(3*a)*f(2*c)^2*f(a + 2*b)*la(j)*la(k) + 3/2*f(3*a)*f(2*c)^2*f(2*b
          + c)*la(i)^2*la(j) + 3/2*f(3*a)*f(2*c)^2*f(2*b + c)*la(i)^2*la(k) + 
         3/2*f(3*a)*f(2*c)^2*f(2*b + c)*la(i)*la(j)*la(k) + 2*f(3*a)*f(3*c)*f(
         a + b)^2*la(i) + f(3*a)*f(3*c)*f(a + b)^2*la(j) + f(3*a)*f(3*c)*f(a
          + b)^2*la(k) + f(3*a)*f(3*c)*f(a + b)*f(b + c)*la(i)^2 + 2*f(3*a)*f(
         3*c)*f(a + b)*f(b + c)*la(i)*la(j) + 2*f(3*a)*f(3*c)*f(a + b)*f(b + c
         )*la(i)*la(k) + f(3*a)*f(3*c)*f(a + b)*f(b + c)*la(j)*la(k) + f(3*a)*
         f(3*c)*f(b + c)^2*la(i)^2*la(j) + f(3*a)*f(3*c)*f(b + c)^2*la(i)^2*
         la(k) + 2*f(3*a)*f(3*c)*f(b + c)^2*la(i)*la(j)*la(k) + 6*f(2*b)*f(a
          + b)*f(a + b + c)^2*mu(i)*mu(j)*mu(k) - 3*f(2*b)*f(a + b)*f(a + 2*b)
         *f(a + 2*c)*mu(i)*mu(j)*mu(k) - 2*f(2*b)*f(a + b)*f(a + 2*c)*f(a + b
          + c)*mu(i)*mu(j)*la(i) + f(2*b)*f(a + b)*f(a + 2*c)*f(a + b + c)*mu(
         i)*mu(j)*la(k) - 2*f(2*b)*f(a + b)*f(a + 2*c)*f(a + b + c)*mu(i)*mu(k
         )*la(i) + f(2*b)*f(a + b)*f(a + 2*c)*f(a + b + c)*mu(i)*mu(k)*la(j)
          - 2*f(2*b)*f(a + b)*f(a + 2*c)*f(a + b + c)*mu(j)*mu(k)*la(i) - f(2*
         b)*f(a + b)*f(a + 2*c)^2*mu(i)*la(i)*la(j) - f(2*b)*f(a + b)*f(a + 2*
         c)^2*mu(i)*la(i)*la(k) - 1/2*f(2*b)*f(a + b)*f(a + 2*c)^2*mu(j)*la(i)
         ^2 - f(2*b)*f(a + b)*f(a + 2*c)^2*mu(j)*la(i)*la(k) - 1/2*f(2*b)*f(a
          + b)*f(a + 2*c)^2*mu(k)*la(i)^2 - f(2*b)*f(a + b)*f(a + 2*c)^2*mu(k)
         *la(i)*la(j) - 3/2*f(2*b)*f(a + b)*f(a + 2*c)*f(2*a + b)*mu(i)*mu(j)
          - 3/2*f(2*b)*f(a + b)*f(a + 2*c)*f(2*a + b)*mu(i)*mu(k) - f(2*b)*f(a
          + b)*f(a + 2*c)*f(2*a + c)*mu(i)*la(i) - 1/2*f(2*b)*f(a + b)*f(a + 2
         *c)*f(2*a + c)*mu(i)*la(j) - 1/2*f(2*b)*f(a + b)*f(a + 2*c)*f(2*a + c
         )*mu(i)*la(k) - f(2*b)*f(a + b)*f(a + 2*c)*f(2*a + c)*mu(j)*la(i) - 1/
         2*f(2*b)*f(a + b)*f(a + 2*c)*f(2*a + c)*mu(j)*la(k) - f(2*b)*f(a + b)
         *f(a + 2*c)*f(2*a + c)*mu(k)*la(i) - 1/2*f(2*b)*f(a + b)*f(a + 2*c)*
         f(2*a + c)*mu(k)*la(j) + 2*f(2*b)*f(a + b)*f(a + 2*c)*f(b + 2*c)*mu(i
         )*mu(j)*la(i)*la(k) + 2*f(2*b)*f(a + b)*f(a + 2*c)*f(b + 2*c)*mu(i)*
         mu(k)*la(i)*la(j) + f(2*b)*f(a + b)*f(a + 2*c)*f(b + 2*c)*mu(j)*mu(k)
         *la(i)^2 + 3*f(2*b)*f(a + b)*f(a + 2*c)*f(2*b + c)*mu(i)*mu(j)*mu(k)*
         la(i) - 6*f(2*b)*f(a + b)*f(2*a + b)*f(b + 2*c)*mu(i)*mu(j)*mu(k) + 
         f(2*b)*f(a + b)*f(2*a + c)*f(a + b + c)*mu(i)*mu(j) + f(2*b)*f(a + b)
         *f(2*a + c)*f(a + b + c)*mu(i)*mu(k) - f(2*b)*f(a + b)*f(2*a + c)*f(a
          + b + c)*mu(j)*mu(k) - 2*f(2*b)*f(a + b)*f(2*a + c)^2*mu(i) - 3/2*f(
         2*b)*f(a + b)*f(2*a + c)^2*mu(j) - 3/2*f(2*b)*f(a + b)*f(2*a + c)^2*
         mu(k) + 2*f(2*b)*f(a + b)*f(2*a + c)*f(b + 2*c)*mu(i)*mu(j)*la(i) + 1/
         2*f(2*b)*f(a + b)*f(2*a + c)*f(b + 2*c)*mu(i)*mu(j)*la(k) + 2*f(2*b)*
         f(a + b)*f(2*a + c)*f(b + 2*c)*mu(i)*mu(k)*la(i) + 1/2*f(2*b)*f(a + b
         )*f(2*a + c)*f(b + 2*c)*mu(i)*mu(k)*la(j) + 2*f(2*b)*f(a + b)*f(2*a
          + c)*f(b + 2*c)*mu(j)*mu(k)*la(i) + 3*f(2*b)*f(a + b)*f(2*a + c)*f(2
         *b + c)*mu(i)*mu(j)*mu(k) + 6*f(2*b)*f(a + 2*b)*f(a + c)*f(a + b + c)
         *mu(i)*mu(j)*mu(k) + f(2*b)*f(a + 2*b)*f(a + c)*f(a + 2*c)*mu(i)*mu(j
         )*la(i) + f(2*b)*f(a + 2*b)*f(a + c)*f(a + 2*c)*mu(i)*mu(j)*la(k) + 
         f(2*b)*f(a + 2*b)*f(a + c)*f(a + 2*c)*mu(i)*mu(k)*la(i) + f(2*b)*f(a
          + 2*b)*f(a + c)*f(a + 2*c)*mu(i)*mu(k)*la(j) + f(2*b)*f(a + 2*b)*f(a
          + c)*f(a + 2*c)*mu(j)*mu(k)*la(i) + 4*f(2*b)*f(a + 2*b)*f(a + c)*f(2
         *a + c)*mu(i)*mu(j) + 4*f(2*b)*f(a + 2*b)*f(a + c)*f(2*a + c)*mu(i)*
         mu(k) + 2*f(2*b)*f(a + 2*b)*f(a + c)*f(2*a + c)*mu(j)*mu(k) - 3*f(2*b
         )*f(a + 2*b)*f(a + c)*f(b + 2*c)*mu(i)*mu(j)*mu(k)*la(i) + 3*f(2*b)*
         f(a + 2*b)*f(a + 2*c)*f(b + c)*mu(i)*mu(j)*mu(k)*la(i) + 3*f(2*b)*f(a
          + 2*b)*f(2*a + c)*f(b + c)*mu(i)*mu(j)*mu(k) + 4*f(2*b)*f(a + c)*f(a
          + b + c)^2*mu(i)*mu(j)*la(i) + 4*f(2*b)*f(a + c)*f(a + b + c)^2*mu(i
         )*mu(j)*la(k) + 4*f(2*b)*f(a + c)*f(a + b + c)^2*mu(i)*mu(k)*la(i) + 
         4*f(2*b)*f(a + c)*f(a + b + c)^2*mu(i)*mu(k)*la(j) + 10*f(2*b)*f(a + 
         c)*f(a + b + c)^2*mu(j)*mu(k)*la(i) + 4*f(2*b)*f(a + c)*f(a + 2*c)*f(
         a + b + c)*mu(i)*la(i)*la(j) + 4*f(2*b)*f(a + c)*f(a + 2*c)*f(a + b
          + c)*mu(i)*la(i)*la(k) + 4*f(2*b)*f(a + c)*f(a + 2*c)*f(a + b + c)*
         mu(i)*la(j)*la(k) + 2*f(2*b)*f(a + c)*f(a + 2*c)*f(a + b + c)*mu(j)*
         la(i)^2 + 7*f(2*b)*f(a + c)*f(a + 2*c)*f(a + b + c)*mu(j)*la(i)*la(k)
          + 2*f(2*b)*f(a + c)*f(a + 2*c)*f(a + b + c)*mu(k)*la(i)^2 + 7*f(2*b)
         *f(a + c)*f(a + 2*c)*f(a + b + c)*mu(k)*la(i)*la(j) + 3/2*f(2*b)*f(a
          + c)*f(a + 2*c)^2*la(i)^2*la(j) + 3/2*f(2*b)*f(a + c)*f(a + 2*c)^2*
         la(i)^2*la(k) + 4*f(2*b)*f(a + c)*f(a + 2*c)^2*la(i)*la(j)*la(k) + f(
         2*b)*f(a + c)*f(a + 2*c)*f(2*a + b)*mu(i)*la(i) + f(2*b)*f(a + c)*f(a
          + 2*c)*f(2*a + b)*mu(i)*la(j) + f(2*b)*f(a + c)*f(a + 2*c)*f(2*a + b
         )*mu(i)*la(k) - 1/2*f(2*b)*f(a + c)*f(a + 2*c)*f(2*a + b)*mu(j)*la(i)
          + 1/2*f(2*b)*f(a + c)*f(a + 2*c)*f(2*a + b)*mu(j)*la(k) - 1/2*f(2*b)
         *f(a + c)*f(a + 2*c)*f(2*a + b)*mu(k)*la(i) + 1/2*f(2*b)*f(a + c)*f(a
          + 2*c)*f(2*a + b)*mu(k)*la(j) + 2*f(2*b)*f(a + c)*f(a + 2*c)*f(2*a
          + c)*la(i)^2 + 9/2*f(2*b)*f(a + c)*f(a + 2*c)*f(2*a + c)*la(i)*la(j)
          + 9/2*f(2*b)*f(a + c)*f(a + 2*c)*f(2*a + c)*la(i)*la(k) + 2*f(2*b)*
         f(a + c)*f(a + 2*c)*f(2*a + c)*la(j)*la(k) + 6*f(2*b)*f(a + c)*f(a + 
         2*c)*f(b + 2*c)*mu(i)*la(i)*la(j)*la(k) + 3*f(2*b)*f(a + c)*f(a + 2*c
         )*f(b + 2*c)*mu(j)*la(i)^2*la(k) + 3*f(2*b)*f(a + c)*f(a + 2*c)*f(b
          + 2*c)*mu(k)*la(i)^2*la(j) + 4*f(2*b)*f(a + c)*f(a + 2*c)*f(2*b + c)
         *mu(i)*mu(j)*la(i)*la(k) + 4*f(2*b)*f(a + c)*f(a + 2*c)*f(2*b + c)*
         mu(i)*mu(k)*la(i)*la(j) + 2*f(2*b)*f(a + c)*f(a + 2*c)*f(2*b + c)*mu(
         j)*mu(k)*la(i)^2 + 2*f(2*b)*f(a + c)*f(2*a + b)*f(a + b + c)*mu(i)*
         mu(j) + 2*f(2*b)*f(a + c)*f(2*a + b)*f(a + b + c)*mu(i)*mu(k) + f(2*b
         )*f(a + c)*f(2*a + b)*f(a + b + c)*mu(j)*mu(k) + 6*f(2*b)*f(a + c)*f(
         2*a + b)*f(2*a + c)*mu(i) + 3*f(2*b)*f(a + c)*f(2*a + b)*f(2*a + c)*
         mu(j) + 3*f(2*b)*f(a + c)*f(2*a + b)*f(2*a + c)*mu(k) - 2*f(2*b)*f(a
          + c)*f(2*a + b)*f(b + 2*c)*mu(i)*mu(j)*la(i) - 2*f(2*b)*f(a + c)*f(2
         *a + b)*f(b + 2*c)*mu(i)*mu(j)*la(k) - 2*f(2*b)*f(a + c)*f(2*a + b)*
         f(b + 2*c)*mu(i)*mu(k)*la(i) - 2*f(2*b)*f(a + c)*f(2*a + b)*f(b + 2*c
         )*mu(i)*mu(k)*la(j) - 8*f(2*b)*f(a + c)*f(2*a + b)*f(b + 2*c)*mu(j)*
         mu(k)*la(i) - 3*f(2*b)*f(a + c)*f(2*a + b)*f(2*b + c)*mu(i)*mu(j)*mu(
         k) + 4*f(2*b)*f(a + c)*f(2*a + c)*f(a + b + c)*mu(i)*la(i) + 4*f(2*b)
         *f(a + c)*f(2*a + c)*f(a + b + c)*mu(i)*la(j) + 4*f(2*b)*f(a + c)*f(2
         *a + c)*f(a + b + c)*mu(i)*la(k) + 7*f(2*b)*f(a + c)*f(2*a + c)*f(a
          + b + c)*mu(j)*la(i) + 2*f(2*b)*f(a + c)*f(2*a + c)*f(a + b + c)*mu(
         j)*la(k) + 7*f(2*b)*f(a + c)*f(2*a + c)*f(a + b + c)*mu(k)*la(i) + 2*
         f(2*b)*f(a + c)*f(2*a + c)*f(a + b + c)*mu(k)*la(j) + 4*f(2*b)*f(a + 
         c)*f(2*a + c)^2*la(i) + 3/2*f(2*b)*f(a + c)*f(2*a + c)^2*la(j) + 3/2*
         f(2*b)*f(a + c)*f(2*a + c)^2*la(k) + f(2*b)*f(a + c)*f(2*a + c)*f(b
          + 2*c)*mu(i)*la(i)*la(j) + f(2*b)*f(a + c)*f(2*a + c)*f(b + 2*c)*mu(
         i)*la(i)*la(k) + f(2*b)*f(a + c)*f(2*a + c)*f(b + 2*c)*mu(i)*la(j)*
         la(k) + 1/2*f(2*b)*f(a + c)*f(2*a + c)*f(b + 2*c)*mu(j)*la(i)^2 - 1/2
         *f(2*b)*f(a + c)*f(2*a + c)*f(b + 2*c)*mu(j)*la(i)*la(k) + 1/2*f(2*b)
         *f(a + c)*f(2*a + c)*f(b + 2*c)*mu(k)*la(i)^2 - 1/2*f(2*b)*f(a + c)*
         f(2*a + c)*f(b + 2*c)*mu(k)*la(i)*la(j) + f(2*b)*f(a + c)*f(2*a + c)*
         f(2*b + c)*mu(i)*mu(j)*la(i) + f(2*b)*f(a + c)*f(2*a + c)*f(2*b + c)*
         mu(i)*mu(j)*la(k) + f(2*b)*f(a + c)*f(2*a + c)*f(2*b + c)*mu(i)*mu(k)
         *la(i) + f(2*b)*f(a + c)*f(2*a + c)*f(2*b + c)*mu(i)*mu(k)*la(j) + f(
         2*b)*f(a + c)*f(2*a + c)*f(2*b + c)*mu(j)*mu(k)*la(i) + 2*f(2*b)*f(a
          + c)*f(b + 2*c)*f(a + b + c)*mu(i)*mu(j)*la(i)*la(k) + 2*f(2*b)*f(a
          + c)*f(b + 2*c)*f(a + b + c)*mu(i)*mu(k)*la(i)*la(j) + f(2*b)*f(a + 
         c)*f(b + 2*c)*f(a + b + c)*mu(j)*mu(k)*la(i)^2 + 6*f(2*b)*f(a + c)*f(
         2*b + c)*f(a + b + c)*mu(i)*mu(j)*mu(k)*la(i) - 2*f(2*b)*f(a + 2*c)^2
         *f(b + c)*mu(i)*la(i)*la(j)*la(k) - 3/2*f(2*b)*f(a + 2*c)^2*f(b + c)*
         mu(j)*la(i)^2*la(k) - 3/2*f(2*b)*f(a + 2*c)^2*f(b + c)*mu(k)*la(i)^2*
         la(j) + 1/2*f(2*b)*f(a + 2*c)*f(2*a + b)*f(b + c)*mu(i)*mu(j)*la(i)
          + 2*f(2*b)*f(a + 2*c)*f(2*a + b)*f(b + c)*mu(i)*mu(j)*la(k) + 1/2*f(
         2*b)*f(a + 2*c)*f(2*a + b)*f(b + c)*mu(i)*mu(k)*la(i) + 2*f(2*b)*f(a
          + 2*c)*f(2*a + b)*f(b + c)*mu(i)*mu(k)*la(j) + 2*f(2*b)*f(a + 2*c)*
         f(2*a + b)*f(b + c)*mu(j)*mu(k)*la(i) - 1/2*f(2*b)*f(a + 2*c)*f(2*a
          + c)*f(b + c)*mu(i)*la(i)*la(j) - 1/2*f(2*b)*f(a + 2*c)*f(2*a + c)*
         f(b + c)*mu(i)*la(i)*la(k) - f(2*b)*f(a + 2*c)*f(2*a + c)*f(b + c)*
         mu(i)*la(j)*la(k) - 1/2*f(2*b)*f(a + 2*c)*f(2*a + c)*f(b + c)*mu(j)*
         la(i)^2 - f(2*b)*f(a + 2*c)*f(2*a + c)*f(b + c)*mu(j)*la(i)*la(k) - 1/
         2*f(2*b)*f(a + 2*c)*f(2*a + c)*f(b + c)*mu(k)*la(i)^2 - f(2*b)*f(a + 
         2*c)*f(2*a + c)*f(b + c)*mu(k)*la(i)*la(j) + f(2*b)*f(a + 2*c)*f(b + 
         c)*f(a + b + c)*mu(i)*mu(j)*la(i)*la(k) + f(2*b)*f(a + 2*c)*f(b + c)*
         f(a + b + c)*mu(i)*mu(k)*la(i)*la(j) - f(2*b)*f(a + 2*c)*f(b + c)*f(a
          + b + c)*mu(j)*mu(k)*la(i)^2 + 2*f(2*b)*f(2*a + b)*f(2*a + c)*f(b + 
         c)*mu(i)*mu(j) + 2*f(2*b)*f(2*a + b)*f(2*a + c)*f(b + c)*mu(i)*mu(k)
          + f(2*b)*f(2*a + b)*f(2*a + c)*f(b + c)*mu(j)*mu(k) - 6*f(2*b)*f(2*a
          + b)*f(b + c)*f(b + 2*c)*mu(i)*mu(j)*mu(k)*la(i) - f(2*b)*f(2*a + c)
         ^2*f(b + c)*mu(i)*la(j) - f(2*b)*f(2*a + c)^2*f(b + c)*mu(i)*la(k) - 
         f(2*b)*f(2*a + c)^2*f(b + c)*mu(j)*la(i) - 1/2*f(2*b)*f(2*a + c)^2*f(
         b + c)*mu(j)*la(k) - f(2*b)*f(2*a + c)^2*f(b + c)*mu(k)*la(i) - 1/2*
         f(2*b)*f(2*a + c)^2*f(b + c)*mu(k)*la(j) + f(2*b)*f(2*a + c)*f(b + c)
         *f(a + b + c)*mu(i)*mu(j)*la(i) - 2*f(2*b)*f(2*a + c)*f(b + c)*f(a + 
         b + c)*mu(i)*mu(j)*la(k) + f(2*b)*f(2*a + c)*f(b + c)*f(a + b + c)*
         mu(i)*mu(k)*la(i) - 2*f(2*b)*f(2*a + c)*f(b + c)*f(a + b + c)*mu(i)*
         mu(k)*la(j) - 2*f(2*b)*f(2*a + c)*f(b + c)*f(a + b + c)*mu(j)*mu(k)*
         la(i) - 3/2*f(2*b)*f(2*a + c)*f(b + c)*f(b + 2*c)*mu(i)*mu(j)*la(i)*
         la(k) - 3/2*f(2*b)*f(2*a + c)*f(b + c)*f(b + 2*c)*mu(i)*mu(k)*la(i)*
         la(j) - 3*f(2*b)*f(2*a + c)*f(b + c)*f(2*b + c)*mu(i)*mu(j)*mu(k)*la(
         i) + 6*f(2*b)*f(b + c)*f(a + b + c)^2*mu(i)*mu(j)*mu(k)*la(i) - 3*f(2
         *b)^2*f(a + 2*c)*f(a + b + c)*mu(i)*mu(j)*mu(k)*la(i) - f(2*b)^2*f(a
          + 2*c)^2*mu(i)*mu(j)*la(i)*la(k) - f(2*b)^2*f(a + 2*c)^2*mu(i)*mu(k)
         *la(i)*la(j) - 1/2*f(2*b)^2*f(a + 2*c)^2*mu(j)*mu(k)*la(i)^2 + 3/2*f(
         2*b)^2*f(a + 2*c)*f(2*a + b)*mu(i)*mu(j)*mu(k) - 1/2*f(2*b)^2*f(a + 2
         *c)*f(2*a + c)*mu(i)*mu(j)*la(i) - 1/2*f(2*b)^2*f(a + 2*c)*f(2*a + c)
         *mu(i)*mu(j)*la(k) - 1/2*f(2*b)^2*f(a + 2*c)*f(2*a + c)*mu(i)*mu(k)*
         la(i) - 1/2*f(2*b)^2*f(a + 2*c)*f(2*a + c)*mu(i)*mu(k)*la(j) - 1/2*f(
         2*b)^2*f(a + 2*c)*f(2*a + c)*mu(j)*mu(k)*la(i) - 3*f(2*b)^2*f(2*a + c
         )*f(a + b + c)*mu(i)*mu(j)*mu(k) - f(2*b)^2*f(2*a + c)^2*mu(i)*mu(j)
          - f(2*b)^2*f(2*a + c)^2*mu(i)*mu(k) - 1/2*f(2*b)^2*f(2*a + c)^2*mu(j
         )*mu(k) + 3/2*f(2*b)^2*f(2*a + c)*f(b + 2*c)*mu(i)*mu(j)*mu(k)*la(i)
          + 3/2*f(2*b)^2*f(3*c)*f(2*a + b)*mu(i)*mu(j)*mu(k)*la(i) + f(2*b)^2*
         f(3*c)*f(2*a + c)*mu(i)*mu(j)*la(i)*la(k) + f(2*b)^2*f(3*c)*f(2*a + c
         )*mu(i)*mu(k)*la(i)*la(j) + 1/2*f(2*b)^2*f(3*c)*f(2*a + c)*mu(j)*mu(k
         )*la(i)^2 + f(2*b)*f(3*b)*f(a + c)*f(a + 2*c)*mu(i)*mu(j)*mu(k)*la(i)
          + f(2*b)*f(3*b)*f(a + c)*f(2*a + c)*mu(i)*mu(j)*mu(k) - 1/2*f(2*b)*
         f(3*b)*f(2*c)*f(2*a + c)*mu(i)*mu(j)*mu(k)*la(i) + 2*f(2*b)*f(2*c)*f(
         a + b + c)^2*mu(i)*mu(j)*la(i)*la(k) + 2*f(2*b)*f(2*c)*f(a + b + c)^2
         *mu(i)*mu(k)*la(i)*la(j) + 4*f(2*b)*f(2*c)*f(a + b + c)^2*mu(j)*mu(k)
         *la(i)^2 + 3*f(2*b)*f(2*c)*f(a + 2*b)*f(a + b + c)*mu(i)*mu(j)*mu(k)*
         la(i) + 2*f(2*b)*f(2*c)*f(a + 2*b)*f(a + 2*c)*mu(i)*mu(j)*la(i)*la(k)
          + 2*f(2*b)*f(2*c)*f(a + 2*b)*f(a + 2*c)*mu(i)*mu(k)*la(i)*la(j) + f(
         2*b)*f(2*c)*f(a + 2*b)*f(a + 2*c)*mu(j)*mu(k)*la(i)^2 - 3/2*f(2*b)*f(
         2*c)*f(a + 2*b)*f(2*a + b)*mu(i)*mu(j)*mu(k) + 1/2*f(2*b)*f(2*c)*f(a
          + 2*b)*f(2*a + c)*mu(i)*mu(j)*la(i) + 1/2*f(2*b)*f(2*c)*f(a + 2*b)*
         f(2*a + c)*mu(i)*mu(j)*la(k) + 1/2*f(2*b)*f(2*c)*f(a + 2*b)*f(2*a + c
         )*mu(i)*mu(k)*la(i) + 1/2*f(2*b)*f(2*c)*f(a + 2*b)*f(2*a + c)*mu(i)*
         mu(k)*la(j) + 1/2*f(2*b)*f(2*c)*f(a + 2*b)*f(2*a + c)*mu(j)*mu(k)*la(
         i) + 3*f(2*b)*f(2*c)*f(a + 2*c)*f(a + b + c)*mu(i)*la(i)*la(j)*la(k)
          + 3*f(2*b)*f(2*c)*f(a + 2*c)*f(a + b + c)*mu(j)*la(i)^2*la(k) + 3*f(
         2*b)*f(2*c)*f(a + 2*c)*f(a + b + c)*mu(k)*la(i)^2*la(j) + 1/2*f(2*b)*
         f(2*c)*f(a + 2*c)^2*la(i)^2*la(j)*la(k) + 1/2*f(2*b)*f(2*c)*f(a + 2*c
         )*f(2*a + b)*mu(i)*la(i)*la(j) + 1/2*f(2*b)*f(2*c)*f(a + 2*c)*f(2*a
          + b)*mu(i)*la(i)*la(k) + 1/2*f(2*b)*f(2*c)*f(a + 2*c)*f(2*a + b)*mu(
         i)*la(j)*la(k) - 1/2*f(2*b)*f(2*c)*f(a + 2*c)*f(2*a + b)*mu(j)*la(i)^
         2 + 1/2*f(2*b)*f(2*c)*f(a + 2*c)*f(2*a + b)*mu(j)*la(i)*la(k) - 1/2*
         f(2*b)*f(2*c)*f(a + 2*c)*f(2*a + b)*mu(k)*la(i)^2 + 1/2*f(2*b)*f(2*c)
         *f(a + 2*c)*f(2*a + b)*mu(k)*la(i)*la(j) - 1/2*f(2*b)*f(2*c)*f(a + 2*
         c)*f(2*a + c)*la(i)^2*la(j) - 1/2*f(2*b)*f(2*c)*f(a + 2*c)*f(2*a + c)
         *la(i)^2*la(k) - 3/2*f(2*b)*f(2*c)*f(a + 2*c)*f(2*a + c)*la(i)*la(j)*
         la(k) - f(2*b)*f(2*c)*f(2*a + b)*f(a + b + c)*mu(i)*mu(j)*la(i) - f(2
         *b)*f(2*c)*f(2*a + b)*f(a + b + c)*mu(i)*mu(j)*la(k) - f(2*b)*f(2*c)*
         f(2*a + b)*f(a + b + c)*mu(i)*mu(k)*la(i) - f(2*b)*f(2*c)*f(2*a + b)*
         f(a + b + c)*mu(i)*mu(k)*la(j) - f(2*b)*f(2*c)*f(2*a + b)*f(a + b + c
         )*mu(j)*mu(k)*la(i) - f(2*b)*f(2*c)*f(2*a + b)^2*mu(i)*mu(j) - f(2*b)
         *f(2*c)*f(2*a + b)^2*mu(i)*mu(k) - 1/2*f(2*b)*f(2*c)*f(2*a + b)^2*mu(
         j)*mu(k) - 3*f(2*b)*f(2*c)*f(2*a + b)*f(b + 2*c)*mu(i)*mu(j)*la(i)*
         la(k) - 3*f(2*b)*f(2*c)*f(2*a + b)*f(b + 2*c)*mu(i)*mu(k)*la(i)*la(j)
          - 9/2*f(2*b)*f(2*c)*f(2*a + b)*f(b + 2*c)*mu(j)*mu(k)*la(i)^2 - 9/2*
         f(2*b)*f(2*c)*f(2*a + b)*f(2*b + c)*mu(i)*mu(j)*mu(k)*la(i) - f(2*b)*
         f(2*c)*f(2*a + c)*f(a + b + c)*mu(i)*la(i)*la(j) - f(2*b)*f(2*c)*f(2*
         a + c)*f(a + b + c)*mu(i)*la(i)*la(k) - f(2*b)*f(2*c)*f(2*a + c)*f(a
          + b + c)*mu(i)*la(j)*la(k) + f(2*b)*f(2*c)*f(2*a + c)*f(a + b + c)*
         mu(j)*la(i)^2 - f(2*b)*f(2*c)*f(2*a + c)*f(a + b + c)*mu(j)*la(i)*la(
         k) + f(2*b)*f(2*c)*f(2*a + c)*f(a + b + c)*mu(k)*la(i)^2 - f(2*b)*f(2
         *c)*f(2*a + c)*f(a + b + c)*mu(k)*la(i)*la(j) - f(2*b)*f(2*c)*f(2*a
          + c)^2*la(i)*la(j) - f(2*b)*f(2*c)*f(2*a + c)^2*la(i)*la(k) - 1/2*f(
         2*b)*f(2*c)*f(2*a + c)^2*la(j)*la(k) - 9/2*f(2*b)*f(2*c)*f(2*a + c)*
         f(b + 2*c)*mu(i)*la(i)*la(j)*la(k) - 3*f(2*b)*f(2*c)*f(2*a + c)*f(b
          + 2*c)*mu(j)*la(i)^2*la(k) - 3*f(2*b)*f(2*c)*f(2*a + c)*f(b + 2*c)*
         mu(k)*la(i)^2*la(j) - 3*f(2*b)*f(2*c)*f(2*a + c)*f(2*b + c)*mu(i)*mu(
         j)*la(i)*la(k) - 3*f(2*b)*f(2*c)*f(2*a + c)*f(2*b + c)*mu(i)*mu(k)*
         la(i)*la(j) - 3/2*f(2*b)*f(2*c)*f(2*a + c)*f(2*b + c)*mu(j)*mu(k)*la(
         i)^2 - 1/2*f(2*b)*f(2*c)*f(3*c)*f(2*a + b)*mu(i)*la(i)*la(j)*la(k) - 
         f(2*b)*f(2*c)*f(3*c)*f(2*a + b)*mu(j)*la(i)^2*la(k) - f(2*b)*f(2*c)*
         f(3*c)*f(2*a + b)*mu(k)*la(i)^2*la(j) - 3/2*f(2*b)*f(2*c)*f(3*c)*f(2*
         a + c)*la(i)^2*la(j)*la(k) - 2*f(2*b)*f(3*c)*f(a + b)*f(a + b + c)*
         mu(i)*mu(j)*la(i)*la(k) - 2*f(2*b)*f(3*c)*f(a + b)*f(a + b + c)*mu(i)
         *mu(k)*la(i)*la(j) - f(2*b)*f(3*c)*f(a + b)*f(a + b + c)*mu(j)*mu(k)*
         la(i)^2 - 3*f(2*b)*f(3*c)*f(a + b)*f(a + 2*b)*mu(i)*mu(j)*mu(k)*la(i)
          - 3/2*f(2*b)*f(3*c)*f(a + b)*f(2*a + b)*mu(i)*mu(j)*la(k) - 3/2*f(2*
         b)*f(3*c)*f(a + b)*f(2*a + b)*mu(i)*mu(k)*la(j) + f(2*b)*f(3*c)*f(a
          + b)*f(2*a + c)*mu(i)*la(i)*la(j) + f(2*b)*f(3*c)*f(a + b)*f(2*a + c
         )*mu(i)*la(i)*la(k) + 1/2*f(2*b)*f(3*c)*f(a + b)*f(2*a + c)*mu(j)*la(
         i)^2 + f(2*b)*f(3*c)*f(a + b)*f(2*a + c)*mu(j)*la(i)*la(k) + 1/2*f(2*
         b)*f(3*c)*f(a + b)*f(2*a + c)*mu(k)*la(i)^2 + f(2*b)*f(3*c)*f(a + b)*
         f(2*a + c)*mu(k)*la(i)*la(j) - 2*f(2*b)*f(3*c)*f(a + 2*b)*f(a + c)*
         mu(i)*mu(j)*la(i)*la(k) - 2*f(2*b)*f(3*c)*f(a + 2*b)*f(a + c)*mu(i)*
         mu(k)*la(i)*la(j) - f(2*b)*f(3*c)*f(a + 2*b)*f(a + c)*mu(j)*mu(k)*la(
         i)^2 - 2*f(2*b)*f(3*c)*f(a + c)*f(a + b + c)*mu(i)*la(i)*la(j)*la(k)
          - f(2*b)*f(3*c)*f(a + c)*f(a + b + c)*mu(j)*la(i)^2*la(k) - f(2*b)*
         f(3*c)*f(a + c)*f(a + b + c)*mu(k)*la(i)^2*la(j) + 2*f(2*b)*f(3*c)*f(
         a + c)*f(a + 2*c)*la(i)^2*la(j)*la(k) - f(2*b)*f(3*c)*f(a + c)*f(2*a
          + b)*mu(i)*la(i)*la(j) - f(2*b)*f(3*c)*f(a + c)*f(2*a + b)*mu(i)*la(
         i)*la(k) - f(2*b)*f(3*c)*f(a + c)*f(2*a + b)*mu(i)*la(j)*la(k) - 1/2*
         f(2*b)*f(3*c)*f(a + c)*f(2*a + b)*mu(j)*la(i)^2 - 5/2*f(2*b)*f(3*c)*
         f(a + c)*f(2*a + b)*mu(j)*la(i)*la(k) - 1/2*f(2*b)*f(3*c)*f(a + c)*f(
         2*a + b)*mu(k)*la(i)^2 - 5/2*f(2*b)*f(3*c)*f(a + c)*f(2*a + b)*mu(k)*
         la(i)*la(j) + 1/2*f(2*b)*f(3*c)*f(a + c)*f(2*a + c)*la(i)^2*la(j) + 1/
         2*f(2*b)*f(3*c)*f(a + c)*f(2*a + c)*la(i)^2*la(k) + 1/2*f(2*b)*f(3*c)
         *f(2*a + b)*f(b + c)*mu(i)*mu(j)*la(i)*la(k) + 1/2*f(2*b)*f(3*c)*f(2*
         a + b)*f(b + c)*mu(i)*mu(k)*la(i)*la(j) + f(2*b)*f(3*c)*f(2*a + b)*f(
         b + c)*mu(j)*mu(k)*la(i)^2 + 2*f(2*b)*f(3*c)*f(2*a + c)*f(b + c)*mu(i
         )*la(i)*la(j)*la(k) + 3/2*f(2*b)*f(3*c)*f(2*a + c)*f(b + c)*mu(j)*la(
         i)^2*la(k) + 3/2*f(2*b)*f(3*c)*f(2*a + c)*f(b + c)*mu(k)*la(i)^2*la(j
         ) - 2*f(3*b)*f(a + b)^3*f(a + 2*c)*mu(i)*mu(j)*[1/f(2*b)] - 2*f(3*b)*
         f(a + b)^3*f(a + 2*c)*mu(i)*mu(k)*[1/f(2*b)] - 8*f(3*b)*f(a + b)^3*f(
         b + 2*c)*mu(i)*mu(j)*mu(k)*[1/f(2*b)] + 4*f(3*b)*f(a + b)^2*f(a + c)*
         f(a + b + c)*mu(i)*mu(j)*[1/f(2*b)] + 4*f(3*b)*f(a + b)^2*f(a + c)*f(
         a + b + c)*mu(i)*mu(k)*[1/f(2*b)] - 2*f(3*b)*f(a + b)^2*f(a + c)*f(a
          + 2*c)*mu(j)*la(i)*[1/f(2*b)] - 2*f(3*b)*f(a + b)^2*f(a + c)*f(a + 2
         *c)*mu(k)*la(i)*[1/f(2*b)] + 2*f(3*b)*f(a + b)^2*f(a + c)*f(2*a + c)*
         mu(i)*[1/f(2*b)] - 2*f(3*b)*f(a + b)^2*f(a + c)*f(b + 2*c)*mu(i)*mu(j
         )*la(k)*[1/f(2*b)] - 2*f(3*b)*f(a + b)^2*f(a + c)*f(b + 2*c)*mu(i)*
         mu(k)*la(j)*[1/f(2*b)] - 8*f(3*b)*f(a + b)^2*f(a + c)*f(b + 2*c)*mu(j
         )*mu(k)*la(i)*[1/f(2*b)] + 4*f(3*b)*f(a + b)^2*f(a + c)*f(2*b + c)*
         mu(i)*mu(j)*mu(k)*[1/f(2*b)] - 2*f(3*b)*f(a + b)^2*f(a + 2*c)*f(b + c
         )*mu(i)*mu(j)*la(i)*[1/f(2*b)] + 4*f(3*b)*f(a + b)^2*f(a + 2*c)*f(b
          + c)*mu(i)*mu(j)*la(k)*[1/f(2*b)] - 2*f(3*b)*f(a + b)^2*f(a + 2*c)*
         f(b + c)*mu(i)*mu(k)*la(i)*[1/f(2*b)] + 4*f(3*b)*f(a + b)^2*f(a + 2*c
         )*f(b + c)*mu(i)*mu(k)*la(j)*[1/f(2*b)] + 2*f(3*b)*f(a + b)^2*f(a + 2
         *c)*mu(i)*mu(j)*mu(k) + 4*f(3*b)*f(a + b)^2*f(2*a + c)*f(b + c)*mu(i)
         *mu(j)*[1/f(2*b)] + 4*f(3*b)*f(a + b)^2*f(2*a + c)*f(b + c)*mu(i)*mu(
         k)*[1/f(2*b)] + 16*f(3*b)*f(a + b)^2*f(b + c)*f(a + b + c)*mu(i)*mu(j
         )*mu(k)*[1/f(2*b)] - 8*f(3*b)*f(a + b)^2*f(b + c)*f(b + 2*c)*mu(i)*
         mu(j)*mu(k)*la(i)*[1/f(2*b)] - 2*f(3*b)*f(a + b)*f(a + 2*b)*f(a + c)^
         2*mu(i)*mu(j)*[1/f(2*b)] - 2*f(3*b)*f(a + b)*f(a + 2*b)*f(a + c)^2*
         mu(i)*mu(k)*[1/f(2*b)] - 4*f(3*b)*f(a + b)*f(a + 2*b)*f(a + c)*f(b + 
         c)*mu(i)*mu(j)*mu(k)*[1/f(2*b)] - 8*f(3*b)*f(a + b)*f(a + c)*f(a + b
          + c)*mu(i)*mu(j)*mu(k) + 4*f(3*b)*f(a + b)*f(a + c)^2*f(a + b + c)*
         mu(j)*la(i)*[1/f(2*b)] + 4*f(3*b)*f(a + b)*f(a + c)^2*f(a + b + c)*
         mu(k)*la(i)*[1/f(2*b)] - 2*f(3*b)*f(a + b)*f(a + c)^2*f(2*a + b)*mu(i
         )*[1/f(2*b)] + 2*f(3*b)*f(a + b)*f(a + c)^2*f(2*a + c)*la(i)*
         [1/f(2*b)] - 2*f(3*b)*f(a + b)*f(a + c)^2*f(b + 2*c)*mu(i)*la(j)*la(k
         )*[1/f(2*b)] - 2*f(3*b)*f(a + b)*f(a + c)^2*f(b + 2*c)*mu(j)*la(i)*
         la(k)*[1/f(2*b)] - 2*f(3*b)*f(a + b)*f(a + c)^2*f(b + 2*c)*mu(k)*la(i
         )*la(j)*[1/f(2*b)] - 2*f(3*b)*f(a + b)*f(a + c)^2*f(2*b + c)*mu(i)*
         mu(j)*la(k)*[1/f(2*b)] - 2*f(3*b)*f(a + b)*f(a + c)^2*f(2*b + c)*mu(i
         )*mu(k)*la(j)*[1/f(2*b)] + 4*f(3*b)*f(a + b)*f(a + c)^2*f(2*b + c)*
         mu(j)*mu(k)*la(i)*[1/f(2*b)] + 6*f(3*b)*f(a + b)*f(a + c)*f(a + 2*c)*
         f(b + c)*mu(i)*la(j)*la(k)*[1/f(2*b)] - 2*f(3*b)*f(a + b)*f(a + c)*f(
         a + 2*c)*f(b + c)*mu(j)*la(i)^2*[1/f(2*b)] + 4*f(3*b)*f(a + b)*f(a + 
         c)*f(a + 2*c)*f(b + c)*mu(j)*la(i)*la(k)*[1/f(2*b)] - 2*f(3*b)*f(a + 
         b)*f(a + c)*f(a + 2*c)*f(b + c)*mu(k)*la(i)^2*[1/f(2*b)] + 4*f(3*b)*
         f(a + b)*f(a + c)*f(a + 2*c)*f(b + c)*mu(k)*la(i)*la(j)*[1/f(2*b)] - 
         f(3*b)*f(a + b)*f(a + c)*f(a + 2*c)*mu(i)*mu(j)*la(k) - f(3*b)*f(a + 
         b)*f(a + c)*f(a + 2*c)*mu(i)*mu(k)*la(j) - 4*f(3*b)*f(a + b)*f(a + c)
         *f(2*a + b)*f(b + c)*mu(i)*mu(j)*[1/f(2*b)] - 4*f(3*b)*f(a + b)*f(a
          + c)*f(2*a + b)*f(b + c)*mu(i)*mu(k)*[1/f(2*b)] + 2*f(3*b)*f(a + b)*
         f(a + c)*f(2*a + c)*f(b + c)*mu(i)*la(i)*[1/f(2*b)] + 2*f(3*b)*f(a + 
         b)*f(a + c)*f(2*a + c)*f(b + c)*mu(i)*la(j)*[1/f(2*b)] + 2*f(3*b)*f(a
          + b)*f(a + c)*f(2*a + c)*f(b + c)*mu(i)*la(k)*[1/f(2*b)] + 4*f(3*b)*
         f(a + b)*f(a + c)*f(2*a + c)*f(b + c)*mu(j)*la(i)*[1/f(2*b)] + 4*f(3*
         b)*f(a + b)*f(a + c)*f(2*a + c)*f(b + c)*mu(k)*la(i)*[1/f(2*b)] - 3*
         f(3*b)*f(a + b)*f(a + c)*f(2*a + c)*mu(i)*mu(j) - 3*f(3*b)*f(a + b)*
         f(a + c)*f(2*a + c)*mu(i)*mu(k) - f(3*b)*f(a + b)*f(a + c)*f(2*a + c)
         *mu(j)*mu(k) + 4*f(3*b)*f(a + b)*f(a + c)*f(b + c)*f(a + b + c)*mu(i)
         *mu(j)*la(i)*[1/f(2*b)] + 8*f(3*b)*f(a + b)*f(a + c)*f(b + c)*f(a + b
          + c)*mu(i)*mu(j)*la(k)*[1/f(2*b)] + 4*f(3*b)*f(a + b)*f(a + c)*f(b
          + c)*f(a + b + c)*mu(i)*mu(k)*la(i)*[1/f(2*b)] + 8*f(3*b)*f(a + b)*
         f(a + c)*f(b + c)*f(a + b + c)*mu(i)*mu(k)*la(j)*[1/f(2*b)] + 16*f(3*
         b)*f(a + b)*f(a + c)*f(b + c)*f(a + b + c)*mu(j)*mu(k)*la(i)*
         [1/f(2*b)] - 2*f(3*b)*f(a + b)*f(a + c)*f(b + c)*f(b + 2*c)*mu(i)*mu(
         j)*la(i)*la(k)*[1/f(2*b)] - 2*f(3*b)*f(a + b)*f(a + c)*f(b + c)*f(b
          + 2*c)*mu(i)*mu(k)*la(i)*la(j)*[1/f(2*b)] - 8*f(3*b)*f(a + b)*f(a + 
         c)*f(b + c)*f(b + 2*c)*mu(j)*mu(k)*la(i)^2*[1/f(2*b)] + 4*f(3*b)*f(a
          + b)*f(a + c)*f(b + c)*f(2*b + c)*mu(i)*mu(j)*mu(k)*la(i)*[1/f(2*b)]
          + 2*f(3*b)*f(a + b)*f(a + c)*f(b + 2*c)*mu(i)*mu(j)*mu(k)*la(i) + 4*
         f(3*b)*f(a + b)*f(a + 2*c)*f(b + c)^2*mu(i)*mu(j)*la(i)*la(k)*
         [1/f(2*b)] + 4*f(3*b)*f(a + b)*f(a + 2*c)*f(b + c)^2*mu(i)*mu(k)*la(i
         )*la(j)*[1/f(2*b)] - 4*f(3*b)*f(a + b)*f(a + 2*c)*f(b + c)*mu(i)*mu(j
         )*mu(k)*la(i) - 8*f(3*b)*f(a + b)*f(2*a + b)*f(b + c)^2*mu(i)*mu(j)*
         mu(k)*[1/f(2*b)] + 4*f(3*b)*f(a + b)*f(2*a + c)*f(b + c)^2*mu(i)*mu(j
         )*la(i)*[1/f(2*b)] - 2*f(3*b)*f(a + b)*f(2*a + c)*f(b + c)^2*mu(i)*
         mu(j)*la(k)*[1/f(2*b)] + 4*f(3*b)*f(a + b)*f(2*a + c)*f(b + c)^2*mu(i
         )*mu(k)*la(i)*[1/f(2*b)] - 2*f(3*b)*f(a + b)*f(2*a + c)*f(b + c)^2*
         mu(i)*mu(k)*la(j)*[1/f(2*b)] - 4*f(3*b)*f(a + b)*f(2*a + c)*f(b + c)*
         mu(i)*mu(j)*mu(k) + 16*f(3*b)*f(a + b)*f(b + c)^2*f(a + b + c)*mu(i)*
         mu(j)*mu(k)*la(i)*[1/f(2*b)] - 2*f(3*b)*f(a + 2*b)*f(a + c)^3*mu(j)*
         la(i)*[1/f(2*b)] - 2*f(3*b)*f(a + 2*b)*f(a + c)^3*mu(k)*la(i)*
         [1/f(2*b)] - 2*f(3*b)*f(a + 2*b)*f(a + c)^2*f(b + c)*mu(i)*mu(j)*la(i
         )*[1/f(2*b)] - 2*f(3*b)*f(a + 2*b)*f(a + c)^2*f(b + c)*mu(i)*mu(k)*
         la(i)*[1/f(2*b)] + 4*f(3*b)*f(a + 2*b)*f(a + c)^2*f(b + c)*mu(j)*mu(k
         )*la(i)*[1/f(2*b)] + 6*f(3*b)*f(a + 2*b)*f(a + c)^2*mu(i)*mu(j)*mu(k)
          + 4*f(3*b)*f(a + 2*b)*f(a + c)*f(b + c)^2*mu(i)*mu(j)*mu(k)*la(i)*
         [1/f(2*b)] - 2*f(3*b)*f(a + c)^2*f(a + b + c)*mu(i)*mu(j)*la(k) - 2*
         f(3*b)*f(a + c)^2*f(a + b + c)*mu(i)*mu(k)*la(j) - 4*f(3*b)*f(a + c)^
         2*f(a + b + c)*mu(j)*mu(k)*la(i) - 2*f(3*b)*f(a + c)^3*f(2*a + b)*la(
         i)*[1/f(2*b)] - 2*f(3*b)*f(a + c)^3*f(b + 2*c)*la(i)*la(j)*la(k)*
         [1/f(2*b)] - 2*f(3*b)*f(a + c)^3*f(2*b + c)*mu(j)*la(i)*la(k)*
         [1/f(2*b)] - 2*f(3*b)*f(a + c)^3*f(2*b + c)*mu(k)*la(i)*la(j)*
         [1/f(2*b)] + 2*f(3*b)*f(a + c)^2*f(a + 2*c)*f(b + c)*la(i)*la(j)*la(k
         )*[1/f(2*b)] - 2*f(3*b)*f(a + c)^2*f(a + 2*c)*mu(i)*la(j)*la(k) + f(3
         *b)*f(a + c)^2*f(a + 2*c)*mu(j)*la(i)^2 - f(3*b)*f(a + c)^2*f(a + 2*c
         )*mu(j)*la(i)*la(k) + f(3*b)*f(a + c)^2*f(a + 2*c)*mu(k)*la(i)^2 - f(
         3*b)*f(a + c)^2*f(a + 2*c)*mu(k)*la(i)*la(j) - 2*f(3*b)*f(a + c)^2*f(
         2*a + b)*f(b + c)*mu(i)*la(i)*[1/f(2*b)] - 2*f(3*b)*f(a + c)^2*f(2*a
          + b)*f(b + c)*mu(j)*la(i)*[1/f(2*b)] - 2*f(3*b)*f(a + c)^2*f(2*a + b
         )*f(b + c)*mu(k)*la(i)*[1/f(2*b)] + 3*f(3*b)*f(a + c)^2*f(2*a + b)*
         mu(i)*mu(j) + 3*f(3*b)*f(a + c)^2*f(2*a + b)*mu(i)*mu(k) + f(3*b)*f(a
          + c)^2*f(2*a + b)*mu(j)*mu(k) - f(3*b)*f(a + c)^2*f(2*a + c)*mu(i)*
         la(j) - f(3*b)*f(a + c)^2*f(2*a + c)*mu(i)*la(k) - f(3*b)*f(a + c)^2*
         f(2*a + c)*mu(j)*la(i) - f(3*b)*f(a + c)^2*f(2*a + c)*mu(k)*la(i) + 4
         *f(3*b)*f(a + c)^2*f(b + c)*f(a + b + c)*mu(j)*la(i)*la(k)*[1/f(2*b)]
          + 4*f(3*b)*f(a + c)^2*f(b + c)*f(a + b + c)*mu(k)*la(i)*la(j)*
         [1/f(2*b)] - 2*f(3*b)*f(a + c)^2*f(b + c)*f(b + 2*c)*mu(i)*la(i)*la(j
         )*la(k)*[1/f(2*b)] - 2*f(3*b)*f(a + c)^2*f(b + c)*f(2*b + c)*mu(i)*
         mu(j)*la(i)*la(k)*[1/f(2*b)] - 2*f(3*b)*f(a + c)^2*f(b + c)*f(2*b + c
         )*mu(i)*mu(k)*la(i)*la(j)*[1/f(2*b)] + 2*f(3*b)*f(a + c)^2*f(b + 2*c)
         *mu(i)*mu(j)*la(i)*la(k) + 2*f(3*b)*f(a + c)^2*f(b + 2*c)*mu(i)*mu(k)
         *la(i)*la(j) + 5*f(3*b)*f(a + c)^2*f(b + 2*c)*mu(j)*mu(k)*la(i)^2 + 2
         *f(3*b)*f(a + c)^2*f(2*b + c)*mu(i)*mu(j)*mu(k)*la(i) + 2*f(3*b)*f(a
          + c)*f(a + 2*c)*f(b + c)^2*mu(i)*la(i)*la(j)*la(k)*[1/f(2*b)] - 3*f(
         3*b)*f(a + c)*f(a + 2*c)*f(b + c)*mu(i)*mu(j)*la(i)*la(k) - 3*f(3*b)*
         f(a + c)*f(a + 2*c)*f(b + c)*mu(i)*mu(k)*la(i)*la(j) - f(3*b)*f(a + c
         )*f(a + 2*c)*f(b + c)*mu(j)*mu(k)*la(i)^2 - 2*f(3*b)*f(a + c)*f(2*a
          + b)*f(b + c)^2*mu(i)*mu(j)*la(i)*[1/f(2*b)] - 2*f(3*b)*f(a + c)*f(2
         *a + b)*f(b + c)^2*mu(i)*mu(k)*la(i)*[1/f(2*b)] - 8*f(3*b)*f(a + c)*
         f(2*a + b)*f(b + c)^2*mu(j)*mu(k)*la(i)*[1/f(2*b)] + 2*f(3*b)*f(a + c
         )*f(2*a + b)*f(b + c)*mu(i)*mu(j)*mu(k) - 2*f(3*b)*f(a + c)*f(2*a + c
         )*f(b + c)^2*mu(j)*la(i)*la(k)*[1/f(2*b)] - 2*f(3*b)*f(a + c)*f(2*a
          + c)*f(b + c)^2*mu(k)*la(i)*la(j)*[1/f(2*b)] - f(3*b)*f(a + c)*f(2*a
          + c)*f(b + c)*mu(i)*mu(j)*la(i) - f(3*b)*f(a + c)*f(2*a + c)*f(b + c
         )*mu(i)*mu(k)*la(i) - 8*f(3*b)*f(a + c)*f(b + c)*f(a + b + c)*mu(i)*
         mu(j)*mu(k)*la(i) + 4*f(3*b)*f(a + c)*f(b + c)^2*f(a + b + c)*mu(i)*
         mu(j)*la(i)*la(k)*[1/f(2*b)] + 4*f(3*b)*f(a + c)*f(b + c)^2*f(a + b
          + c)*mu(i)*mu(k)*la(i)*la(j)*[1/f(2*b)] - 8*f(3*b)*f(2*a + b)*f(b + 
         c)^3*mu(i)*mu(j)*mu(k)*la(i)*[1/f(2*b)] - 2*f(3*b)*f(2*a + c)*f(b + c
         )^3*mu(i)*mu(j)*la(i)*la(k)*[1/f(2*b)] - 2*f(3*b)*f(2*a + c)*f(b + c)
         ^3*mu(i)*mu(k)*la(i)*la(j)*[1/f(2*b)] + 2*f(3*b)*f(2*a + c)*f(b + c)^
         2*mu(i)*mu(j)*mu(k)*la(i) - 2*f(3*b)^2*f(a + b)*f(a + c)^2*mu(i)*mu(j
         )*mu(k)*[1/f(2*b)] - 2*f(3*b)^2*f(a + c)^3*mu(j)*mu(k)*la(i)*
         [1/f(2*b)] - 2*f(3*b)^2*f(a + c)^2*f(b + c)*mu(i)*mu(j)*mu(k)*la(i)*
         [1/f(2*b)] - f(3*b)^2*f(2*c)*f(a + c)^2*mu(j)*mu(k)*la(i)^2*
         [1/f(2*b)] - 2*f(3*b)*f(2*c)*f(a + b)*f(a + b + c)*mu(i)*mu(j)*mu(k)*
         la(i) - 4*f(3*b)*f(2*c)*f(a + b)*f(a + 2*b)*f(a + c)*mu(j)*mu(k)*la(i
         )*[1/f(2*b)] - 4*f(3*b)*f(2*c)*f(a + b)*f(a + 2*b)*f(b + c)*mu(i)*mu(
         j)*mu(k)*la(i)*[1/f(2*b)] + 2*f(3*b)*f(2*c)*f(a + b)*f(a + c)*f(a + b
          + c)*mu(i)*la(j)*la(k)*[1/f(2*b)] + 2*f(3*b)*f(2*c)*f(a + b)*f(a + c
         )*f(a + b + c)*mu(j)*la(i)^2*[1/f(2*b)] + 2*f(3*b)*f(2*c)*f(a + b)*f(
         a + c)*f(a + b + c)*mu(j)*la(i)*la(k)*[1/f(2*b)] + 2*f(3*b)*f(2*c)*f(
         a + b)*f(a + c)*f(a + b + c)*mu(k)*la(i)^2*[1/f(2*b)] + 2*f(3*b)*f(2*
         c)*f(a + b)*f(a + c)*f(a + b + c)*mu(k)*la(i)*la(j)*[1/f(2*b)] + 2*f(
         3*b)*f(2*c)*f(a + b)*f(a + c)*f(a + 2*c)*la(i)*la(j)*la(k)*[1/f(2*b)]
          - f(3*b)*f(2*c)*f(a + b)*f(a + c)*f(2*a + b)*mu(i)*la(j)*[1/f(2*b)]
          - f(3*b)*f(2*c)*f(a + b)*f(a + c)*f(2*a + b)*mu(i)*la(k)*[1/f(2*b)]
          - f(3*b)*f(2*c)*f(a + b)*f(a + c)*f(2*a + b)*mu(j)*la(i)*[1/f(2*b)]
          - f(3*b)*f(2*c)*f(a + b)*f(a + c)*f(2*a + b)*mu(k)*la(i)*[1/f(2*b)]
          + f(3*b)*f(2*c)*f(a + b)*f(a + c)*f(2*a + c)*la(i)^2*[1/f(2*b)] + f(
         3*b)*f(2*c)*f(a + b)*f(a + c)*f(2*a + c)*la(i)*la(j)*[1/f(2*b)] + f(3
         *b)*f(2*c)*f(a + b)*f(a + c)*f(2*a + c)*la(i)*la(k)*[1/f(2*b)] - f(3*
         b)*f(2*c)*f(a + b)*f(a + c)*f(b + 2*c)*mu(j)*la(i)^2*la(k)*[1/f(2*b)]
          - f(3*b)*f(2*c)*f(a + b)*f(a + c)*f(b + 2*c)*mu(k)*la(i)^2*la(j)*
         [1/f(2*b)] + 2*f(3*b)*f(2*c)*f(a + b)*f(a + c)*f(2*b + c)*mu(j)*mu(k)
         *la(i)^2*[1/f(2*b)] + 2*f(3*b)*f(2*c)*f(a + b)*f(a + 2*c)*f(b + c)*
         mu(i)*la(i)*la(j)*la(k)*[1/f(2*b)] + 2*f(3*b)*f(2*c)*f(a + b)*f(a + 2
         *c)*f(b + c)*mu(j)*la(i)^2*la(k)*[1/f(2*b)] + 2*f(3*b)*f(2*c)*f(a + b
         )*f(a + 2*c)*f(b + c)*mu(k)*la(i)^2*la(j)*[1/f(2*b)] - 2*f(3*b)*f(2*c
         )*f(a + b)*f(a + 2*c)*mu(i)*mu(j)*la(i)*la(k) - 2*f(3*b)*f(2*c)*f(a
          + b)*f(a + 2*c)*mu(i)*mu(k)*la(i)*la(j) - f(3*b)*f(2*c)*f(a + b)*f(a
          + 2*c)*mu(j)*mu(k)*la(i)^2 - f(3*b)*f(2*c)*f(a + b)*f(2*a + b)*f(b
          + c)*mu(i)*mu(j)*la(i)*[1/f(2*b)] - 3*f(3*b)*f(2*c)*f(a + b)*f(2*a
          + b)*f(b + c)*mu(i)*mu(j)*la(k)*[1/f(2*b)] - f(3*b)*f(2*c)*f(a + b)*
         f(2*a + b)*f(b + c)*mu(i)*mu(k)*la(i)*[1/f(2*b)] - 3*f(3*b)*f(2*c)*f(
         a + b)*f(2*a + b)*f(b + c)*mu(i)*mu(k)*la(j)*[1/f(2*b)] + 3*f(3*b)*f(
         2*c)*f(a + b)*f(2*a + b)*mu(i)*mu(j)*mu(k) + f(3*b)*f(2*c)*f(a + b)*
         f(2*a + c)*f(b + c)*mu(i)*la(i)*la(j)*[1/f(2*b)] + f(3*b)*f(2*c)*f(a
          + b)*f(2*a + c)*f(b + c)*mu(i)*la(i)*la(k)*[1/f(2*b)] - 2*f(3*b)*f(2
         *c)*f(a + b)*f(2*a + c)*f(b + c)*mu(i)*la(j)*la(k)*[1/f(2*b)] + 2*f(3
         *b)*f(2*c)*f(a + b)*f(2*a + c)*f(b + c)*mu(j)*la(i)^2*[1/f(2*b)] + 2*
         f(3*b)*f(2*c)*f(a + b)*f(2*a + c)*f(b + c)*mu(k)*la(i)^2*[1/f(2*b)]
          - f(3*b)*f(2*c)*f(a + b)*f(2*a + c)*mu(i)*mu(j)*la(i) - 1/2*f(3*b)*
         f(2*c)*f(a + b)*f(2*a + c)*mu(i)*mu(j)*la(k) - f(3*b)*f(2*c)*f(a + b)
         *f(2*a + c)*mu(i)*mu(k)*la(i) - 1/2*f(3*b)*f(2*c)*f(a + b)*f(2*a + c)
         *mu(i)*mu(k)*la(j) - f(3*b)*f(2*c)*f(a + b)*f(2*a + c)*mu(j)*mu(k)*
         la(i) + 2*f(3*b)*f(2*c)*f(a + b)*f(b + c)*f(a + b + c)*mu(i)*mu(j)*
         la(i)*la(k)*[1/f(2*b)] + 2*f(3*b)*f(2*c)*f(a + b)*f(b + c)*f(a + b + 
         c)*mu(i)*mu(k)*la(i)*la(j)*[1/f(2*b)] + 8*f(3*b)*f(2*c)*f(a + b)*f(b
          + c)*f(a + b + c)*mu(j)*mu(k)*la(i)^2*[1/f(2*b)] - f(3*b)*f(2*c)*f(a
          + 2*b)*f(a + c)^2*mu(j)*la(i)^2*[1/f(2*b)] - f(3*b)*f(2*c)*f(a + 2*b
         )*f(a + c)^2*mu(k)*la(i)^2*[1/f(2*b)] + 2*f(3*b)*f(2*c)*f(a + 2*b)*f(
         a + c)*f(b + c)*mu(j)*mu(k)*la(i)^2*[1/f(2*b)] - 2*f(3*b)*f(2*c)*f(a
          + c)*f(a + b + c)*mu(i)*mu(j)*la(i)*la(k) - 2*f(3*b)*f(2*c)*f(a + c)
         *f(a + b + c)*mu(i)*mu(k)*la(i)*la(j) - 3*f(3*b)*f(2*c)*f(a + c)*f(a
          + b + c)*mu(j)*mu(k)*la(i)^2 + 2*f(3*b)*f(2*c)*f(a + c)^2*f(a + b + 
         c)*la(i)*la(j)*la(k)*[1/f(2*b)] - f(3*b)*f(2*c)*f(a + c)^2*f(2*a + b)
         *la(i)^2*[1/f(2*b)] - f(3*b)*f(2*c)*f(a + c)^2*f(2*a + b)*la(i)*la(j)
         *[1/f(2*b)] - f(3*b)*f(2*c)*f(a + c)^2*f(2*a + b)*la(i)*la(k)*
         [1/f(2*b)] - f(3*b)*f(2*c)*f(a + c)^2*f(b + 2*c)*la(i)^2*la(j)*la(k)*
         [1/f(2*b)] - f(3*b)*f(2*c)*f(a + c)^2*f(2*b + c)*mu(j)*la(i)^2*la(k)*
         [1/f(2*b)] - f(3*b)*f(2*c)*f(a + c)^2*f(2*b + c)*mu(k)*la(i)^2*la(j)*
         [1/f(2*b)] + f(3*b)*f(2*c)*f(a + c)*f(a + 2*c)*f(b + c)*la(i)^2*la(j)
         *la(k)*[1/f(2*b)] - 3*f(3*b)*f(2*c)*f(a + c)*f(a + 2*c)*mu(i)*la(i)*
         la(j)*la(k) - 2*f(3*b)*f(2*c)*f(a + c)*f(a + 2*c)*mu(j)*la(i)^2*la(k)
          - 2*f(3*b)*f(2*c)*f(a + c)*f(a + 2*c)*mu(k)*la(i)^2*la(j) - f(3*b)*
         f(2*c)*f(a + c)*f(2*a + b)*f(b + c)*mu(i)*la(i)*la(j)*[1/f(2*b)] - f(
         3*b)*f(2*c)*f(a + c)*f(2*a + b)*f(b + c)*mu(i)*la(i)*la(k)*[1/f(2*b)]
          - f(3*b)*f(2*c)*f(a + c)*f(2*a + b)*f(b + c)*mu(j)*la(i)^2*
         [1/f(2*b)] - 3*f(3*b)*f(2*c)*f(a + c)*f(2*a + b)*f(b + c)*mu(j)*la(i)
         *la(k)*[1/f(2*b)] - f(3*b)*f(2*c)*f(a + c)*f(2*a + b)*f(b + c)*mu(k)*
         la(i)^2*[1/f(2*b)] - 3*f(3*b)*f(2*c)*f(a + c)*f(2*a + b)*f(b + c)*mu(
         k)*la(i)*la(j)*[1/f(2*b)] + f(3*b)*f(2*c)*f(a + c)*f(2*a + b)*mu(i)*
         mu(j)*la(i) + f(3*b)*f(2*c)*f(a + c)*f(2*a + b)*mu(i)*mu(j)*la(k) + 
         f(3*b)*f(2*c)*f(a + c)*f(2*a + b)*mu(i)*mu(k)*la(i) + f(3*b)*f(2*c)*
         f(a + c)*f(2*a + b)*mu(i)*mu(k)*la(j) + 3*f(3*b)*f(2*c)*f(a + c)*f(2*
         a + b)*mu(j)*mu(k)*la(i) - 2*f(3*b)*f(2*c)*f(a + c)*f(2*a + c)*f(b + 
         c)*la(i)*la(j)*la(k)*[1/f(2*b)] - 1/2*f(3*b)*f(2*c)*f(a + c)*f(2*a + 
         c)*mu(j)*la(i)^2 + 1/2*f(3*b)*f(2*c)*f(a + c)*f(2*a + c)*mu(j)*la(i)*
         la(k) - 1/2*f(3*b)*f(2*c)*f(a + c)*f(2*a + c)*mu(k)*la(i)^2 + 1/2*f(3
         *b)*f(2*c)*f(a + c)*f(2*a + c)*mu(k)*la(i)*la(j) + 2*f(3*b)*f(2*c)*f(
         a + c)*f(b + c)*f(a + b + c)*mu(i)*la(i)*la(j)*la(k)*[1/f(2*b)] + 2*
         f(3*b)*f(2*c)*f(a + c)*f(b + c)*f(a + b + c)*mu(j)*la(i)^2*la(k)*
         [1/f(2*b)] + 2*f(3*b)*f(2*c)*f(a + c)*f(b + c)*f(a + b + c)*mu(k)*la(
         i)^2*la(j)*[1/f(2*b)] - 3*f(3*b)*f(2*c)*f(2*a + b)*f(b + c)^2*mu(i)*
         mu(j)*la(i)*la(k)*[1/f(2*b)] - 3*f(3*b)*f(2*c)*f(2*a + b)*f(b + c)^2*
         mu(i)*mu(k)*la(i)*la(j)*[1/f(2*b)] - 4*f(3*b)*f(2*c)*f(2*a + b)*f(b
          + c)^2*mu(j)*mu(k)*la(i)^2*[1/f(2*b)] + 5*f(3*b)*f(2*c)*f(2*a + b)*
         f(b + c)*mu(i)*mu(j)*mu(k)*la(i) - 2*f(3*b)*f(2*c)*f(2*a + c)*f(b + c
         )^2*mu(i)*la(i)*la(j)*la(k)*[1/f(2*b)] - f(3*b)*f(2*c)*f(2*a + c)*f(b
          + c)^2*mu(j)*la(i)^2*la(k)*[1/f(2*b)] - f(3*b)*f(2*c)*f(2*a + c)*f(b
          + c)^2*mu(k)*la(i)^2*la(j)*[1/f(2*b)] + 5/2*f(3*b)*f(2*c)*f(2*a + c)
         *f(b + c)*mu(i)*mu(j)*la(i)*la(k) + 5/2*f(3*b)*f(2*c)*f(2*a + c)*f(b
          + c)*mu(i)*mu(k)*la(i)*la(j) + f(3*b)*f(2*c)*f(2*a + c)*f(b + c)*mu(
         j)*mu(k)*la(i)^2 + f(3*b)*f(2*c)^2*f(a + b)*f(a + b + c)*mu(j)*la(i)^
         2*la(k)*[1/f(2*b)] + f(3*b)*f(2*c)^2*f(a + b)*f(a + b + c)*mu(k)*la(i
         )^2*la(j)*[1/f(2*b)] - 2*f(3*b)*f(2*c)^2*f(a + b)*f(a + 2*b)*mu(j)*
         mu(k)*la(i)^2*[1/f(2*b)] + f(3*b)*f(2*c)^2*f(a + b)*f(a + 2*c)*la(i)^
         2*la(j)*la(k)*[1/f(2*b)] - f(3*b)*f(2*c)^2*f(a + b)*f(2*a + b)*mu(i)*
         la(j)*la(k)*[1/f(2*b)] - 1/2*f(3*b)*f(2*c)^2*f(a + b)*f(2*a + b)*mu(j
         )*la(i)^2*[1/f(2*b)] - 1/2*f(3*b)*f(2*c)^2*f(a + b)*f(2*a + b)*mu(k)*
         la(i)^2*[1/f(2*b)] + 1/2*f(3*b)*f(2*c)^2*f(a + b)*f(2*a + c)*la(i)^2*
         la(j)*[1/f(2*b)] + 1/2*f(3*b)*f(2*c)^2*f(a + b)*f(2*a + c)*la(i)^2*
         la(k)*[1/f(2*b)] + f(3*b)*f(2*c)^2*f(a + c)*f(a + b + c)*la(i)^2*la(j
         )*la(k)*[1/f(2*b)] - 1/2*f(3*b)*f(2*c)^2*f(a + c)*f(2*a + b)*la(i)^2*
         la(j)*[1/f(2*b)] - 1/2*f(3*b)*f(2*c)^2*f(a + c)*f(2*a + b)*la(i)^2*
         la(k)*[1/f(2*b)] - f(3*b)*f(2*c)^2*f(a + c)*f(2*a + b)*la(i)*la(j)*
         la(k)*[1/f(2*b)] - f(3*b)*f(2*c)^2*f(2*a + b)*f(b + c)*mu(i)*la(i)*
         la(j)*la(k)*[1/f(2*b)] - 3/2*f(3*b)*f(2*c)^2*f(2*a + b)*f(b + c)*mu(j
         )*la(i)^2*la(k)*[1/f(2*b)] - 3/2*f(3*b)*f(2*c)^2*f(2*a + b)*f(b + c)*
         mu(k)*la(i)^2*la(j)*[1/f(2*b)] + f(3*b)*f(2*c)^2*f(2*a + b)*mu(i)*mu(
         j)*la(i)*la(k) + f(3*b)*f(2*c)^2*f(2*a + b)*mu(i)*mu(k)*la(i)*la(j)
          + 3/2*f(3*b)*f(2*c)^2*f(2*a + b)*mu(j)*mu(k)*la(i)^2 - f(3*b)*f(2*c)
         ^2*f(2*a + c)*f(b + c)*la(i)^2*la(j)*la(k)*[1/f(2*b)] + 3/2*f(3*b)*f(
         2*c)^2*f(2*a + c)*mu(i)*la(i)*la(j)*la(k) + f(3*b)*f(2*c)^2*f(2*a + c
         )*mu(j)*la(i)^2*la(k) + f(3*b)*f(2*c)^2*f(2*a + c)*mu(k)*la(i)^2*la(j
         ) - 1/2*f(3*b)*f(2*c)^3*f(2*a + b)*la(i)^2*la(j)*la(k)*[1/f(2*b)] - 
         f(3*b)*f(2*c)*f(3*c)*f(a + b)*f(a + c)*la(i)^2*la(j)*la(k)*[1/f(2*b)]
          - 2*f(3*b)*f(3*c)*f(a + b)^3*mu(i)*mu(j)*la(k)*[1/f(2*b)] - 2*f(3*b)
         *f(3*c)*f(a + b)^3*mu(i)*mu(k)*la(j)*[1/f(2*b)] - 2*f(3*b)*f(3*c)*f(a
          + b)^2*f(a + c)*mu(i)*la(j)*la(k)*[1/f(2*b)] - 2*f(3*b)*f(3*c)*f(a
          + b)^2*f(a + c)*mu(j)*la(i)*la(k)*[1/f(2*b)] - 2*f(3*b)*f(3*c)*f(a
          + b)^2*f(a + c)*mu(k)*la(i)*la(j)*[1/f(2*b)] - 2*f(3*b)*f(3*c)*f(a
          + b)^2*f(b + c)*mu(i)*mu(j)*la(i)*la(k)*[1/f(2*b)] - 2*f(3*b)*f(3*c)
         *f(a + b)^2*f(b + c)*mu(i)*mu(k)*la(i)*la(j)*[1/f(2*b)] + 2*f(3*b)*f(
         3*c)*f(a + b)^2*mu(i)*mu(j)*mu(k)*la(i) - 2*f(3*b)*f(3*c)*f(a + b)*f(
         a + c)^2*la(i)*la(j)*la(k)*[1/f(2*b)] - 2*f(3*b)*f(3*c)*f(a + b)*f(a
          + c)*f(b + c)*mu(i)*la(i)*la(j)*la(k)*[1/f(2*b)] - 2*f(3*b)*f(3*c)*
         f(a + b)*f(a + c)*f(b + c)*mu(j)*la(i)^2*la(k)*[1/f(2*b)] - 2*f(3*b)*
         f(3*c)*f(a + b)*f(a + c)*f(b + c)*mu(k)*la(i)^2*la(j)*[1/f(2*b)] + 2*
         f(3*b)*f(3*c)*f(a + b)*f(a + c)*mu(i)*mu(j)*la(i)*la(k) + 2*f(3*b)*f(
         3*c)*f(a + b)*f(a + c)*mu(i)*mu(k)*la(i)*la(j) + f(3*b)*f(3*c)*f(a + 
         b)*f(a + c)*mu(j)*mu(k)*la(i)^2 + 2*f(3*b)*f(3*c)*f(a + c)^2*mu(i)*
         la(i)*la(j)*la(k) + 2*f(3*b)*f(3*c)*f(a + c)^2*mu(j)*la(i)^2*la(k) + 
         2*f(3*b)*f(3*c)*f(a + c)^2*mu(k)*la(i)^2*la(j) + 4*f(2*c)*f(a + b)*f(
         a + b + c)^2*mu(i)*la(i)*la(j) + 4*f(2*c)*f(a + b)*f(a + b + c)^2*mu(
         i)*la(i)*la(k) + 2*f(2*c)*f(a + b)*f(a + b + c)^2*mu(i)*la(j)*la(k)
          + 2*f(2*c)*f(a + b)*f(a + b + c)^2*mu(j)*la(i)^2 + 4*f(2*c)*f(a + b)
         *f(a + b + c)^2*mu(j)*la(i)*la(k) + 2*f(2*c)*f(a + b)*f(a + b + c)^2*
         mu(k)*la(i)^2 + 4*f(2*c)*f(a + b)*f(a + b + c)^2*mu(k)*la(i)*la(j) + 
         4*f(2*c)*f(a + b)*f(a + 2*b)*f(a + b + c)*mu(i)*mu(j)*la(i) + f(2*c)*
         f(a + b)*f(a + 2*b)*f(a + b + c)*mu(i)*mu(j)*la(k) + 4*f(2*c)*f(a + b
         )*f(a + 2*b)*f(a + b + c)*mu(i)*mu(k)*la(i) + f(2*c)*f(a + b)*f(a + 2
         *b)*f(a + b + c)*mu(i)*mu(k)*la(j) + 4*f(2*c)*f(a + b)*f(a + 2*b)*f(a
          + b + c)*mu(j)*mu(k)*la(i) + f(2*c)*f(a + b)*f(a + 2*b)^2*f(a + c)*
         mu(i)*la(j)*[1/f(2*b)] + f(2*c)*f(a + b)*f(a + 2*b)^2*f(a + c)*mu(i)*
         la(k)*[1/f(2*b)] - 3*f(2*c)*f(a + b)*f(a + 2*b)^2*f(a + c)*mu(j)*la(i
         )*[1/f(2*b)] - 3*f(2*c)*f(a + b)*f(a + 2*b)^2*f(a + c)*mu(k)*la(i)*
         [1/f(2*b)] - 3*f(2*c)*f(a + b)*f(a + 2*b)^2*f(b + c)*mu(i)*mu(j)*la(i
         )*[1/f(2*b)] + 3*f(2*c)*f(a + b)*f(a + 2*b)^2*f(b + c)*mu(i)*mu(j)*
         la(k)*[1/f(2*b)] - 3*f(2*c)*f(a + b)*f(a + 2*b)^2*f(b + c)*mu(i)*mu(k
         )*la(i)*[1/f(2*b)] + 3*f(2*c)*f(a + b)*f(a + 2*b)^2*f(b + c)*mu(i)*
         mu(k)*la(j)*[1/f(2*b)] + 3*f(2*c)*f(a + b)*f(a + 2*b)^2*mu(i)*mu(j)*
         mu(k) - 4*f(2*c)*f(a + b)*f(a + 2*b)*f(a + c)*f(a + b + c)*la(i)*la(j
         )*[1/f(2*b)] - 4*f(2*c)*f(a + b)*f(a + 2*b)*f(a + c)*f(a + b + c)*la(
         i)*la(k)*[1/f(2*b)] - 4*f(2*c)*f(a + b)*f(a + 2*b)*f(a + c)*f(2*a + b
         )*la(i)*[1/f(2*b)] - 4*f(2*c)*f(a + b)*f(a + 2*b)*f(a + c)*f(b + 2*c)
         *la(i)*la(j)*la(k)*[1/f(2*b)] - 2*f(2*c)*f(a + b)*f(a + 2*b)*f(a + c)
         *f(2*b + c)*mu(i)*la(j)*la(k)*[1/f(2*b)] - 6*f(2*c)*f(a + b)*f(a + 2*
         b)*f(a + c)*f(2*b + c)*mu(j)*la(i)*la(k)*[1/f(2*b)] - 6*f(2*c)*f(a + 
         b)*f(a + 2*b)*f(a + c)*f(2*b + c)*mu(k)*la(i)*la(j)*[1/f(2*b)] + f(2*
         c)*f(a + b)*f(a + 2*b)*f(a + 2*c)*f(b + c)*la(i)^2*la(j)*[1/f(2*b)]
          + f(2*c)*f(a + b)*f(a + 2*b)*f(a + 2*c)*f(b + c)*la(i)^2*la(k)*
         [1/f(2*b)] + f(2*c)*f(a + b)*f(a + 2*b)*f(a + 2*c)*mu(i)*la(i)*la(j)
          + f(2*c)*f(a + b)*f(a + 2*b)*f(a + 2*c)*mu(i)*la(i)*la(k) - f(2*c)*
         f(a + b)*f(a + 2*b)*f(a + 2*c)*mu(i)*la(j)*la(k) + 2*f(2*c)*f(a + b)*
         f(a + 2*b)*f(a + 2*c)*mu(j)*la(i)^2 + f(2*c)*f(a + b)*f(a + 2*b)*f(a
          + 2*c)*mu(j)*la(i)*la(k) + 2*f(2*c)*f(a + b)*f(a + 2*b)*f(a + 2*c)*
         mu(k)*la(i)^2 + f(2*c)*f(a + b)*f(a + 2*b)*f(a + 2*c)*mu(k)*la(i)*la(
         j) - 4*f(2*c)*f(a + b)*f(a + 2*b)*f(2*a + b)*f(b + c)*mu(i)*la(i)*
         [1/f(2*b)] + f(2*c)*f(a + b)*f(a + 2*b)*f(2*a + b)*f(b + c)*mu(i)*la(
         j)*[1/f(2*b)] + f(2*c)*f(a + b)*f(a + 2*b)*f(2*a + b)*f(b + c)*mu(i)*
         la(k)*[1/f(2*b)] + 11/2*f(2*c)*f(a + b)*f(a + 2*b)*f(2*a + b)*mu(i)*
         mu(j) + 11/2*f(2*c)*f(a + b)*f(a + 2*b)*f(2*a + b)*mu(i)*mu(k) + 2*f(
         2*c)*f(a + b)*f(a + 2*b)*f(2*a + b)*mu(j)*mu(k) + f(2*c)*f(a + b)*f(a
          + 2*b)*f(2*a + c)*f(b + c)*la(i)^2*[1/f(2*b)] + f(2*c)*f(a + b)*f(a
          + 2*b)*f(2*a + c)*mu(i)*la(i) + 1/2*f(2*c)*f(a + b)*f(a + 2*b)*f(2*a
          + c)*mu(i)*la(j) + 1/2*f(2*c)*f(a + b)*f(a + 2*b)*f(2*a + c)*mu(i)*
         la(k) + f(2*c)*f(a + b)*f(a + 2*b)*f(2*a + c)*mu(j)*la(i) + 1/2*f(2*c
         )*f(a + b)*f(a + 2*b)*f(2*a + c)*mu(j)*la(k) + f(2*c)*f(a + b)*f(a + 
         2*b)*f(2*a + c)*mu(k)*la(i) + 1/2*f(2*c)*f(a + b)*f(a + 2*b)*f(2*a + 
         c)*mu(k)*la(j) - 4*f(2*c)*f(a + b)*f(a + 2*b)*f(b + c)*f(a + b + c)*
         mu(i)*la(i)*la(j)*[1/f(2*b)] - 4*f(2*c)*f(a + b)*f(a + 2*b)*f(b + c)*
         f(a + b + c)*mu(i)*la(i)*la(k)*[1/f(2*b)] + 2*f(2*c)*f(a + b)*f(a + 2
         *b)*f(b + c)*f(a + b + c)*mu(i)*la(j)*la(k)*[1/f(2*b)] - 4*f(2*c)*f(a
          + b)*f(a + 2*b)*f(b + c)*f(b + 2*c)*mu(i)*la(i)*la(j)*la(k)*
         [1/f(2*b)] - 6*f(2*c)*f(a + b)*f(a + 2*b)*f(b + c)*f(2*b + c)*mu(i)*
         mu(j)*la(i)*la(k)*[1/f(2*b)] - 6*f(2*c)*f(a + b)*f(a + 2*b)*f(b + c)*
         f(2*b + c)*mu(i)*mu(k)*la(i)*la(j)*[1/f(2*b)] - 6*f(2*c)*f(a + b)*f(a
          + 2*b)*f(b + c)*f(2*b + c)*mu(j)*mu(k)*la(i)^2*[1/f(2*b)] + 4*f(2*c)
         *f(a + b)*f(a + 2*b)*f(b + 2*c)*mu(i)*mu(j)*la(i)*la(k) + 4*f(2*c)*f(
         a + b)*f(a + 2*b)*f(b + 2*c)*mu(i)*mu(k)*la(i)*la(j) + 8*f(2*c)*f(a
          + b)*f(a + 2*b)*f(b + 2*c)*mu(j)*mu(k)*la(i)^2 + 6*f(2*c)*f(a + b)*
         f(a + 2*b)*f(2*b + c)*mu(i)*mu(j)*mu(k)*la(i) + f(2*c)*f(a + b)*f(a
          + c)*f(2*a + b)*f(2*b + c)*la(i)^2*[1/f(2*b)] - f(2*c)*f(a + b)*f(a
          + c)*f(2*a + b)*f(2*b + c)*la(i)*la(j)*[1/f(2*b)] - f(2*c)*f(a + b)*
         f(a + c)*f(2*a + b)*f(2*b + c)*la(i)*la(k)*[1/f(2*b)] + 3*f(2*c)*f(a
          + b)*f(a + c)*f(b + 2*c)*f(2*b + c)*la(i)^2*la(j)*la(k)*[1/f(2*b)]
          + 2*f(2*c)*f(a + b)*f(a + c)*f(2*b + c)*f(a + b + c)*la(i)^2*la(j)*
         [1/f(2*b)] + 2*f(2*c)*f(a + b)*f(a + c)*f(2*b + c)*f(a + b + c)*la(i)
         ^2*la(k)*[1/f(2*b)] - 2*f(2*c)*f(a + b)*f(a + c)*f(2*b + c)*f(a + b
          + c)*la(i)*la(j)*la(k)*[1/f(2*b)] + 3*f(2*c)*f(a + b)*f(a + c)*f(2*b
          + c)^2*mu(j)*la(i)^2*la(k)*[1/f(2*b)] + 3*f(2*c)*f(a + b)*f(a + c)*
         f(2*b + c)^2*mu(k)*la(i)^2*la(j)*[1/f(2*b)] + 4*f(2*c)*f(a + b)*f(a
          + 2*c)*f(a + b + c)*la(i)^2*la(j) + 4*f(2*c)*f(a + b)*f(a + 2*c)*f(a
          + b + c)*la(i)^2*la(k) + 6*f(2*c)*f(a + b)*f(a + 2*c)*f(a + b + c)*
         la(i)*la(j)*la(k) + 2*f(2*c)*f(a + b)*f(a + 2*c)*f(2*a + b)*la(i)^2
          + 4*f(2*c)*f(a + b)*f(a + 2*c)*f(2*a + b)*la(i)*la(j) + 4*f(2*c)*f(a
          + b)*f(a + 2*c)*f(2*a + b)*la(i)*la(k) + 2*f(2*c)*f(a + b)*f(a + 2*c
         )*f(2*a + b)*la(j)*la(k) + f(2*c)*f(a + b)*f(a + 2*c)*f(b + c)*f(2*b
          + c)*la(i)^2*la(j)*la(k)*[1/f(2*b)] - f(2*c)*f(a + b)*f(a + 2*c)*f(b
          + 2*c)*la(i)^2*la(j)*la(k) - 3*f(2*c)*f(a + b)*f(a + 2*c)*f(2*b + c)
         *mu(i)*la(i)*la(j)*la(k) - 3*f(2*c)*f(a + b)*f(a + 2*c)*f(2*b + c)*
         mu(j)*la(i)^2*la(k) - 3*f(2*c)*f(a + b)*f(a + 2*c)*f(2*b + c)*mu(k)*
         la(i)^2*la(j) + 4*f(2*c)*f(a + b)*f(2*a + b)*f(a + b + c)*mu(i)*la(i)
          + 5*f(2*c)*f(a + b)*f(2*a + b)*f(a + b + c)*mu(i)*la(j) + 5*f(2*c)*
         f(a + b)*f(2*a + b)*f(a + b + c)*mu(i)*la(k) + 4*f(2*c)*f(a + b)*f(2*
         a + b)*f(a + b + c)*mu(j)*la(i) + 2*f(2*c)*f(a + b)*f(2*a + b)*f(a + 
         b + c)*mu(j)*la(k) + 4*f(2*c)*f(a + b)*f(2*a + b)*f(a + b + c)*mu(k)*
         la(i) + 2*f(2*c)*f(a + b)*f(2*a + b)*f(a + b + c)*mu(k)*la(j) + 4*f(2
         *c)*f(a + b)*f(2*a + b)^2*mu(i) + 3/2*f(2*c)*f(a + b)*f(2*a + b)^2*
         mu(j) + 3/2*f(2*c)*f(a + b)*f(2*a + b)^2*mu(k) + 6*f(2*c)*f(a + b)*f(
         2*a + b)*f(2*a + c)*la(i) + 3*f(2*c)*f(a + b)*f(2*a + b)*f(2*a + c)*
         la(j) + 3*f(2*c)*f(a + b)*f(2*a + b)*f(2*a + c)*la(k) - f(2*c)*f(a + 
         b)*f(2*a + b)*f(b + c)*f(2*b + c)*mu(i)*la(i)*la(j)*[1/f(2*b)] - f(2*
         c)*f(a + b)*f(2*a + b)*f(b + c)*f(2*b + c)*mu(i)*la(i)*la(k)*
         [1/f(2*b)] + f(2*c)*f(a + b)*f(2*a + b)*f(b + 2*c)*mu(i)*la(i)*la(j)
          + f(2*c)*f(a + b)*f(2*a + b)*f(b + 2*c)*mu(i)*la(i)*la(k) + 4*f(2*c)
         *f(a + b)*f(2*a + b)*f(b + 2*c)*mu(i)*la(j)*la(k) + 1/2*f(2*c)*f(a + 
         b)*f(2*a + b)*f(b + 2*c)*mu(j)*la(i)^2 + f(2*c)*f(a + b)*f(2*a + b)*
         f(b + 2*c)*mu(j)*la(i)*la(k) + 1/2*f(2*c)*f(a + b)*f(2*a + b)*f(b + 2
         *c)*mu(k)*la(i)^2 + f(2*c)*f(a + b)*f(2*a + b)*f(b + 2*c)*mu(k)*la(i)
         *la(j) + f(2*c)*f(a + b)*f(2*a + b)*f(2*b + c)*mu(i)*mu(j)*la(i) + 11/
         2*f(2*c)*f(a + b)*f(2*a + b)*f(2*b + c)*mu(i)*mu(j)*la(k) + f(2*c)*f(
         a + b)*f(2*a + b)*f(2*b + c)*mu(i)*mu(k)*la(i) + 11/2*f(2*c)*f(a + b)
         *f(2*a + b)*f(2*b + c)*mu(i)*mu(k)*la(j) + f(2*c)*f(a + b)*f(2*a + b)
         *f(2*b + c)*mu(j)*mu(k)*la(i) + 2*f(2*c)*f(a + b)*f(2*a + c)*f(a + b
          + c)*la(i)^2 + 2*f(2*c)*f(a + b)*f(2*a + c)*f(a + b + c)*la(i)*la(j)
          + 2*f(2*c)*f(a + b)*f(2*a + c)*f(a + b + c)*la(i)*la(k) + f(2*c)*f(a
          + b)*f(2*a + c)*f(a + b + c)*la(j)*la(k) + f(2*c)*f(a + b)*f(2*a + c
         )*f(b + c)*f(2*b + c)*la(i)^2*la(j)*[1/f(2*b)] + f(2*c)*f(a + b)*f(2*
         a + c)*f(b + c)*f(2*b + c)*la(i)^2*la(k)*[1/f(2*b)] - 5/2*f(2*c)*f(a
          + b)*f(2*a + c)*f(b + 2*c)*la(i)^2*la(j) - 5/2*f(2*c)*f(a + b)*f(2*a
          + c)*f(b + 2*c)*la(i)^2*la(k) - 3*f(2*c)*f(a + b)*f(2*a + c)*f(b + 2
         *c)*la(i)*la(j)*la(k) - 2*f(2*c)*f(a + b)*f(2*a + c)*f(2*b + c)*mu(i)
         *la(i)*la(j) - 2*f(2*c)*f(a + b)*f(2*a + c)*f(2*b + c)*mu(i)*la(i)*
         la(k) + f(2*c)*f(a + b)*f(2*a + c)*f(2*b + c)*mu(i)*la(j)*la(k) - 5/2
         *f(2*c)*f(a + b)*f(2*a + c)*f(2*b + c)*mu(j)*la(i)^2 - 2*f(2*c)*f(a
          + b)*f(2*a + c)*f(2*b + c)*mu(j)*la(i)*la(k) - 5/2*f(2*c)*f(a + b)*
         f(2*a + c)*f(2*b + c)*mu(k)*la(i)^2 - 2*f(2*c)*f(a + b)*f(2*a + c)*f(
         2*b + c)*mu(k)*la(i)*la(j) - 2*f(2*c)*f(a + b)*f(b + c)*f(2*b + c)*f(
         a + b + c)*mu(i)*la(i)*la(j)*la(k)*[1/f(2*b)] + 6*f(2*c)*f(a + b)*f(b
          + 2*c)*f(a + b + c)*mu(i)*la(i)*la(j)*la(k) + 3*f(2*c)*f(a + b)*f(b
          + 2*c)*f(a + b + c)*mu(j)*la(i)^2*la(k) + 3*f(2*c)*f(a + b)*f(b + 2*
         c)*f(a + b + c)*mu(k)*la(i)^2*la(j) + 2*f(2*c)*f(a + b)*f(2*b + c)*f(
         a + b + c)*mu(i)*mu(j)*la(i)*la(k) + 2*f(2*c)*f(a + b)*f(2*b + c)*f(a
          + b + c)*mu(i)*mu(k)*la(i)*la(j) - 5*f(2*c)*f(a + b)*f(2*b + c)*f(a
          + b + c)*mu(j)*mu(k)*la(i)^2 + f(2*c)*f(a + 2*b)^2*f(a + c)^2*la(i)*
         la(j)*[1/f(2*b)] + f(2*c)*f(a + 2*b)^2*f(a + c)^2*la(i)*la(k)*
         [1/f(2*b)] + f(2*c)*f(a + 2*b)^2*f(a + c)*f(b + c)*mu(i)*la(i)*la(j)*
         [1/f(2*b)] + f(2*c)*f(a + 2*b)^2*f(a + c)*f(b + c)*mu(i)*la(i)*la(k)*
         [1/f(2*b)] + 3*f(2*c)*f(a + 2*b)^2*f(a + c)*f(b + c)*mu(j)*la(i)^2*
         [1/f(2*b)] + 3*f(2*c)*f(a + 2*b)^2*f(a + c)*f(b + c)*mu(j)*la(i)*la(k
         )*[1/f(2*b)] + 3*f(2*c)*f(a + 2*b)^2*f(a + c)*f(b + c)*mu(k)*la(i)^2*
         [1/f(2*b)] + 3*f(2*c)*f(a + 2*b)^2*f(a + c)*f(b + c)*mu(k)*la(i)*la(j
         )*[1/f(2*b)] - f(2*c)*f(a + 2*b)^2*f(a + c)*mu(i)*mu(j)*la(i) - f(2*c
         )*f(a + 2*b)^2*f(a + c)*mu(i)*mu(j)*la(k) - f(2*c)*f(a + 2*b)^2*f(a
          + c)*mu(i)*mu(k)*la(i) - f(2*c)*f(a + 2*b)^2*f(a + c)*mu(i)*mu(k)*
         la(j) - f(2*c)*f(a + 2*b)^2*f(a + c)*mu(j)*mu(k)*la(i) + 3*f(2*c)*f(a
          + 2*b)^2*f(b + c)^2*mu(i)*mu(j)*la(i)*la(k)*[1/f(2*b)] + 3*f(2*c)*f(
         a + 2*b)^2*f(b + c)^2*mu(i)*mu(k)*la(i)*la(j)*[1/f(2*b)] + 3*f(2*c)*
         f(a + 2*b)^2*f(b + c)^2*mu(j)*mu(k)*la(i)^2*[1/f(2*b)] - 3*f(2*c)*f(a
          + 2*b)^2*f(b + c)*mu(i)*mu(j)*mu(k)*la(i) - 2*f(2*c)*f(a + 2*b)*f(a
          + c)*f(a + b + c)*mu(i)*la(i)*la(j) - 2*f(2*c)*f(a + 2*b)*f(a + c)*
         f(a + b + c)*mu(i)*la(i)*la(k) - 2*f(2*c)*f(a + 2*b)*f(a + c)*f(a + b
          + c)*mu(i)*la(j)*la(k) - 4*f(2*c)*f(a + 2*b)*f(a + c)*f(a + b + c)*
         mu(j)*la(i)^2 - 5*f(2*c)*f(a + 2*b)*f(a + c)*f(a + b + c)*mu(j)*la(i)
         *la(k) - 4*f(2*c)*f(a + 2*b)*f(a + c)*f(a + b + c)*mu(k)*la(i)^2 - 5*
         f(2*c)*f(a + 2*b)*f(a + c)*f(a + b + c)*mu(k)*la(i)*la(j) - f(2*c)*f(
         a + 2*b)*f(a + c)^2*f(2*b + c)*la(i)^2*la(j)*[1/f(2*b)] - f(2*c)*f(a
          + 2*b)*f(a + c)^2*f(2*b + c)*la(i)^2*la(k)*[1/f(2*b)] - 2*f(2*c)*f(a
          + 2*b)*f(a + c)^2*f(2*b + c)*la(i)*la(j)*la(k)*[1/f(2*b)] - 2*f(2*c)
         *f(a + 2*b)*f(a + c)*f(a + 2*c)*la(i)^2*la(j) - 2*f(2*c)*f(a + 2*b)*
         f(a + c)*f(a + 2*c)*la(i)^2*la(k) - 5*f(2*c)*f(a + 2*b)*f(a + c)*f(a
          + 2*c)*la(i)*la(j)*la(k) + 3*f(2*c)*f(a + 2*b)*f(a + c)*f(2*a + b)*
         f(b + c)*la(i)^2*[1/f(2*b)] + f(2*c)*f(a + 2*b)*f(a + c)*f(2*a + b)*
         f(b + c)*la(i)*la(j)*[1/f(2*b)] + f(2*c)*f(a + 2*b)*f(a + c)*f(2*a + 
         b)*f(b + c)*la(i)*la(k)*[1/f(2*b)] - f(2*c)*f(a + 2*b)*f(a + c)*f(2*a
          + b)*mu(i)*la(i) - f(2*c)*f(a + 2*b)*f(a + c)*f(2*a + b)*mu(i)*la(j)
          - f(2*c)*f(a + 2*b)*f(a + c)*f(2*a + b)*mu(i)*la(k) + 1/2*f(2*c)*f(a
          + 2*b)*f(a + c)*f(2*a + b)*mu(j)*la(i) - 1/2*f(2*c)*f(a + 2*b)*f(a
          + c)*f(2*a + b)*mu(j)*la(k) + 1/2*f(2*c)*f(a + 2*b)*f(a + c)*f(2*a
          + b)*mu(k)*la(i) - 1/2*f(2*c)*f(a + 2*b)*f(a + c)*f(2*a + b)*mu(k)*
         la(j) - 2*f(2*c)*f(a + 2*b)*f(a + c)*f(2*a + c)*la(i)^2 - 1/2*f(2*c)*
         f(a + 2*b)*f(a + c)*f(2*a + c)*la(i)*la(j) - 1/2*f(2*c)*f(a + 2*b)*f(
         a + c)*f(2*a + c)*la(i)*la(k) + 2*f(2*c)*f(a + 2*b)*f(a + c)*f(b + c)
         *f(a + b + c)*la(i)^2*la(j)*[1/f(2*b)] + 2*f(2*c)*f(a + 2*b)*f(a + c)
         *f(b + c)*f(a + b + c)*la(i)^2*la(k)*[1/f(2*b)] + 2*f(2*c)*f(a + 2*b)
         *f(a + c)*f(b + c)*f(a + b + c)*la(i)*la(j)*la(k)*[1/f(2*b)] + f(2*c)
         *f(a + 2*b)*f(a + c)*f(b + c)*f(b + 2*c)*la(i)^2*la(j)*la(k)*
         [1/f(2*b)] - 2*f(2*c)*f(a + 2*b)*f(a + c)*f(b + c)*f(2*b + c)*mu(i)*
         la(i)*la(j)*la(k)*[1/f(2*b)] + 3*f(2*c)*f(a + 2*b)*f(a + c)*f(b + 2*c
         )*mu(i)*la(i)*la(j)*la(k) + 3*f(2*c)*f(a + 2*b)*f(a + c)*f(b + 2*c)*
         mu(j)*la(i)^2*la(k) + 3*f(2*c)*f(a + 2*b)*f(a + c)*f(b + 2*c)*mu(k)*
         la(i)^2*la(j) + 2*f(2*c)*f(a + 2*b)*f(a + c)*f(2*b + c)*mu(i)*mu(j)*
         la(i)*la(k) + 2*f(2*c)*f(a + 2*b)*f(a + c)*f(2*b + c)*mu(i)*mu(k)*la(
         i)*la(j) + f(2*c)*f(a + 2*b)*f(a + c)*f(2*b + c)*mu(j)*mu(k)*la(i)^2
          - f(2*c)*f(a + 2*b)*f(a + 2*c)*f(b + c)^2*la(i)^2*la(j)*la(k)*
         [1/f(2*b)] + f(2*c)*f(a + 2*b)*f(a + 2*c)*f(b + c)*mu(i)*la(i)*la(j)*
         la(k) + f(2*c)*f(a + 2*b)*f(2*a + b)*f(b + c)^2*mu(i)*la(i)*la(j)*
         [1/f(2*b)] + f(2*c)*f(a + 2*b)*f(2*a + b)*f(b + c)^2*mu(i)*la(i)*la(k
         )*[1/f(2*b)] + 1/2*f(2*c)*f(a + 2*b)*f(2*a + b)*f(b + c)*mu(i)*mu(j)*
         la(i) - f(2*c)*f(a + 2*b)*f(2*a + b)*f(b + c)*mu(i)*mu(j)*la(k) + 1/2
         *f(2*c)*f(a + 2*b)*f(2*a + b)*f(b + c)*mu(i)*mu(k)*la(i) - f(2*c)*f(a
          + 2*b)*f(2*a + b)*f(b + c)*mu(i)*mu(k)*la(j) - f(2*c)*f(a + 2*b)*f(2
         *a + b)*f(b + c)*mu(j)*mu(k)*la(i) - f(2*c)*f(a + 2*b)*f(2*a + c)*f(b
          + c)^2*la(i)^2*la(j)*[1/f(2*b)] - f(2*c)*f(a + 2*b)*f(2*a + c)*f(b
          + c)^2*la(i)^2*la(k)*[1/f(2*b)] + 3/2*f(2*c)*f(a + 2*b)*f(2*a + c)*
         f(b + c)*mu(i)*la(i)*la(j) + 3/2*f(2*c)*f(a + 2*b)*f(2*a + c)*f(b + c
         )*mu(i)*la(i)*la(k) + 2*f(2*c)*f(a + 2*b)*f(2*a + c)*f(b + c)*mu(i)*
         la(j)*la(k) - 1/2*f(2*c)*f(a + 2*b)*f(2*a + c)*f(b + c)*mu(j)*la(i)^2
          + 2*f(2*c)*f(a + 2*b)*f(2*a + c)*f(b + c)*mu(j)*la(i)*la(k) - 1/2*f(
         2*c)*f(a + 2*b)*f(2*a + c)*f(b + c)*mu(k)*la(i)^2 + 2*f(2*c)*f(a + 2*
         b)*f(2*a + c)*f(b + c)*mu(k)*la(i)*la(j) - 5*f(2*c)*f(a + 2*b)*f(b + 
         c)*f(a + b + c)*mu(i)*mu(j)*la(i)*la(k) - 5*f(2*c)*f(a + 2*b)*f(b + c
         )*f(a + b + c)*mu(i)*mu(k)*la(i)*la(j) - 7*f(2*c)*f(a + 2*b)*f(b + c)
         *f(a + b + c)*mu(j)*mu(k)*la(i)^2 + 2*f(2*c)*f(a + 2*b)*f(b + c)^2*f(
         a + b + c)*mu(i)*la(i)*la(j)*la(k)*[1/f(2*b)] - 2*f(2*c)*f(a + c)*f(a
          + b + c)^2*la(i)^2*la(j) - 2*f(2*c)*f(a + c)*f(a + b + c)^2*la(i)^2*
         la(k) - 2*f(2*c)*f(a + c)*f(a + b + c)^2*la(i)*la(j)*la(k) - 8*f(2*c)
         *f(a + c)*f(a + 2*c)*f(2*b + c)*la(i)^2*la(j)*la(k) - 2*f(2*c)*f(a + 
         c)*f(2*a + b)*f(a + b + c)*la(i)^2 - f(2*c)*f(a + c)*f(2*a + b)*f(a
          + b + c)*la(i)*la(j) - f(2*c)*f(a + c)*f(2*a + b)*f(a + b + c)*la(i)
         *la(k) - f(2*c)*f(a + c)*f(2*a + b)*f(a + b + c)*la(j)*la(k) - 2*f(2*
         c)*f(a + c)*f(2*a + b)^2*la(i) - 3/2*f(2*c)*f(a + c)*f(2*a + b)^2*la(
         j) - 3/2*f(2*c)*f(a + c)*f(2*a + b)^2*la(k) + 5/2*f(2*c)*f(a + c)*f(2
         *a + b)*f(b + 2*c)*la(i)^2*la(j) + 5/2*f(2*c)*f(a + c)*f(2*a + b)*f(b
          + 2*c)*la(i)^2*la(k) + 6*f(2*c)*f(a + c)*f(2*a + b)*f(b + 2*c)*la(i)
         *la(j)*la(k) + 2*f(2*c)*f(a + c)*f(2*a + b)*f(2*b + c)*mu(i)*la(i)*
         la(j) + 2*f(2*c)*f(a + c)*f(2*a + b)*f(2*b + c)*mu(i)*la(i)*la(k) + 2
         *f(2*c)*f(a + c)*f(2*a + b)*f(2*b + c)*mu(i)*la(j)*la(k) + 5/2*f(2*c)
         *f(a + c)*f(2*a + b)*f(2*b + c)*mu(j)*la(i)^2 + 13/2*f(2*c)*f(a + c)*
         f(2*a + b)*f(2*b + c)*mu(j)*la(i)*la(k) + 5/2*f(2*c)*f(a + c)*f(2*a
          + b)*f(2*b + c)*mu(k)*la(i)^2 + 13/2*f(2*c)*f(a + c)*f(2*a + b)*f(2*
         b + c)*mu(k)*la(i)*la(j) - 1/2*f(2*c)*f(a + c)*f(2*a + c)*f(2*b + c)*
         la(i)^2*la(j) - 1/2*f(2*c)*f(a + c)*f(2*a + c)*f(2*b + c)*la(i)^2*la(
         k) + 3*f(2*c)*f(a + c)*f(2*a + c)*f(2*b + c)*la(i)*la(j)*la(k) + 5*f(
         2*c)*f(a + c)*f(b + 2*c)*f(a + b + c)*la(i)^2*la(j)*la(k) - 3*f(2*c)*
         f(a + c)*f(2*b + c)*f(a + b + c)*mu(j)*la(i)^2*la(k) - 3*f(2*c)*f(a
          + c)*f(2*b + c)*f(a + b + c)*mu(k)*la(i)^2*la(j) + 1/2*f(2*c)*f(a + 
         2*c)*f(2*a + b)*f(b + c)*la(i)^2*la(j) + 1/2*f(2*c)*f(a + 2*c)*f(2*a
          + b)*f(b + c)*la(i)^2*la(k) + 3*f(2*c)*f(a + 2*c)*f(2*a + b)*f(b + c
         )*la(i)*la(j)*la(k) + 7*f(2*c)*f(a + 2*c)*f(b + c)*f(a + b + c)*la(i)
         ^2*la(j)*la(k) - f(2*c)*f(2*a + b)^2*f(b + c)*mu(i)*la(j) - f(2*c)*f(
         2*a + b)^2*f(b + c)*mu(i)*la(k) - f(2*c)*f(2*a + b)^2*f(b + c)*mu(j)*
         la(i) - 1/2*f(2*c)*f(2*a + b)^2*f(b + c)*mu(j)*la(k) - f(2*c)*f(2*a
          + b)^2*f(b + c)*mu(k)*la(i) - 1/2*f(2*c)*f(2*a + b)^2*f(b + c)*mu(k)
         *la(j) + 2*f(2*c)*f(2*a + b)*f(2*a + c)*f(b + c)*la(i)*la(j) + 2*f(2*
         c)*f(2*a + b)*f(2*a + c)*f(b + c)*la(i)*la(k) + f(2*c)*f(2*a + b)*f(2
         *a + c)*f(b + c)*la(j)*la(k) - f(2*c)*f(2*a + b)*f(b + c)*f(a + b + c
         )*mu(i)*la(i)*la(j) - f(2*c)*f(2*a + b)*f(b + c)*f(a + b + c)*mu(i)*
         la(i)*la(k) - 2*f(2*c)*f(2*a + b)*f(b + c)*f(a + b + c)*mu(i)*la(j)*
         la(k) - f(2*c)*f(2*a + b)*f(b + c)*f(a + b + c)*mu(j)*la(i)^2 - 2*f(2
         *c)*f(2*a + b)*f(b + c)*f(a + b + c)*mu(j)*la(i)*la(k) - f(2*c)*f(2*a
          + b)*f(b + c)*f(a + b + c)*mu(k)*la(i)^2 - 2*f(2*c)*f(2*a + b)*f(b
          + c)*f(a + b + c)*mu(k)*la(i)*la(j) - 3/2*f(2*c)*f(2*a + b)*f(b + c)
         *f(b + 2*c)*mu(j)*la(i)^2*la(k) - 3/2*f(2*c)*f(2*a + b)*f(b + c)*f(b
          + 2*c)*mu(k)*la(i)^2*la(j) + 9/2*f(2*c)*f(2*a + b)*f(b + c)*f(2*b + 
         c)*mu(i)*mu(j)*la(i)*la(k) + 9/2*f(2*c)*f(2*a + b)*f(b + c)*f(2*b + c
         )*mu(i)*mu(k)*la(i)*la(j) + 6*f(2*c)*f(2*a + b)*f(b + c)*f(2*b + c)*
         mu(j)*mu(k)*la(i)^2 + f(2*c)*f(2*a + c)*f(b + c)*f(a + b + c)*la(i)^2
         *la(j) + f(2*c)*f(2*a + c)*f(b + c)*f(a + b + c)*la(i)^2*la(k) - 6*f(
         2*c)*f(2*a + c)*f(b + c)*f(b + 2*c)*la(i)^2*la(j)*la(k) + 3*f(2*c)*f(
         2*a + c)*f(b + c)*f(2*b + c)*mu(i)*la(i)*la(j)*la(k) + 3/2*f(2*c)*f(2
         *a + c)*f(b + c)*f(2*b + c)*mu(j)*la(i)^2*la(k) + 3/2*f(2*c)*f(2*a + 
         c)*f(b + c)*f(2*b + c)*mu(k)*la(i)^2*la(j) - 2*f(2*c)*f(b + c)*f(a + 
         b + c)^2*mu(i)*la(i)*la(j)*la(k) - 2*f(2*c)^2*f(a + b)*f(a + 2*b)*f(a
          + b + c)*la(i)^2*la(j)*[1/f(2*b)] - 2*f(2*c)^2*f(a + b)*f(a + 2*b)*
         f(a + b + c)*la(i)^2*la(k)*[1/f(2*b)] + f(2*c)^2*f(a + b)*f(a + 2*b)^
         2*mu(i)*la(j)*la(k)*[1/f(2*b)] - 3/2*f(2*c)^2*f(a + b)*f(a + 2*b)^2*
         mu(j)*la(i)^2*[1/f(2*b)] - 3/2*f(2*c)^2*f(a + b)*f(a + 2*b)^2*mu(k)*
         la(i)^2*[1/f(2*b)] - 2*f(2*c)^2*f(a + b)*f(a + 2*b)*f(2*a + b)*la(i)^
         2*[1/f(2*b)] - 2*f(2*c)^2*f(a + b)*f(a + 2*b)*f(b + 2*c)*la(i)^2*la(j
         )*la(k)*[1/f(2*b)] - 3*f(2*c)^2*f(a + b)*f(a + 2*b)*f(2*b + c)*mu(j)*
         la(i)^2*la(k)*[1/f(2*b)] - 3*f(2*c)^2*f(a + b)*f(a + 2*b)*f(2*b + c)*
         mu(k)*la(i)^2*la(j)*[1/f(2*b)] - 1/2*f(2*c)^2*f(a + b)*f(2*a + b)*f(2
         *b + c)*la(i)^2*la(j)*[1/f(2*b)] - 1/2*f(2*c)^2*f(a + b)*f(2*a + b)*
         f(2*b + c)*la(i)^2*la(k)*[1/f(2*b)] - f(2*c)^2*f(a + b)*f(2*b + c)*f(
         a + b + c)*la(i)^2*la(j)*la(k)*[1/f(2*b)] - 4*f(2*c)^2*f(a + b + c)^2
         *la(i)^2*la(j)*la(k) - 3*f(2*c)^2*f(a + 2*b)*f(a + b + c)*mu(i)*la(i)
         *la(j)*la(k) - 3*f(2*c)^2*f(a + 2*b)*f(a + b + c)*mu(j)*la(i)^2*la(k)
          - 3*f(2*c)^2*f(a + 2*b)*f(a + b + c)*mu(k)*la(i)^2*la(j) + 1/2*f(2*c
         )^2*f(a + 2*b)^2*f(a + c)*la(i)^2*la(j)*[1/f(2*b)] + 1/2*f(2*c)^2*f(a
          + 2*b)^2*f(a + c)*la(i)^2*la(k)*[1/f(2*b)] + f(2*c)^2*f(a + 2*b)^2*
         f(a + c)*la(i)*la(j)*la(k)*[1/f(2*b)] + f(2*c)^2*f(a + 2*b)^2*f(b + c
         )*mu(i)*la(i)*la(j)*la(k)*[1/f(2*b)] + 3/2*f(2*c)^2*f(a + 2*b)^2*f(b
          + c)*mu(j)*la(i)^2*la(k)*[1/f(2*b)] + 3/2*f(2*c)^2*f(a + 2*b)^2*f(b
          + c)*mu(k)*la(i)^2*la(j)*[1/f(2*b)] - f(2*c)^2*f(a + 2*b)^2*mu(i)*
         mu(j)*la(i)*la(k) - f(2*c)^2*f(a + 2*b)^2*mu(i)*mu(k)*la(i)*la(j) - 1/
         2*f(2*c)^2*f(a + 2*b)^2*mu(j)*mu(k)*la(i)^2 - f(2*c)^2*f(a + 2*b)*f(a
          + c)*f(2*b + c)*la(i)^2*la(j)*la(k)*[1/f(2*b)] - f(2*c)^2*f(a + 2*b)
         *f(a + 2*c)*la(i)^2*la(j)*la(k) + 1/2*f(2*c)^2*f(a + 2*b)*f(2*a + b)*
         f(b + c)*la(i)^2*la(j)*[1/f(2*b)] + 1/2*f(2*c)^2*f(a + 2*b)*f(2*a + b
         )*f(b + c)*la(i)^2*la(k)*[1/f(2*b)] - 1/2*f(2*c)^2*f(a + 2*b)*f(2*a
          + b)*mu(i)*la(i)*la(j) - 1/2*f(2*c)^2*f(a + 2*b)*f(2*a + b)*mu(i)*
         la(i)*la(k) - 1/2*f(2*c)^2*f(a + 2*b)*f(2*a + b)*mu(i)*la(j)*la(k) + 
         1/2*f(2*c)^2*f(a + 2*b)*f(2*a + b)*mu(j)*la(i)^2 - 1/2*f(2*c)^2*f(a
          + 2*b)*f(2*a + b)*mu(j)*la(i)*la(k) + 1/2*f(2*c)^2*f(a + 2*b)*f(2*a
          + b)*mu(k)*la(i)^2 - 1/2*f(2*c)^2*f(a + 2*b)*f(2*a + b)*mu(k)*la(i)*
         la(j) + 1/2*f(2*c)^2*f(a + 2*b)*f(2*a + c)*la(i)^2*la(j) + 1/2*f(2*c)
         ^2*f(a + 2*b)*f(2*a + c)*la(i)^2*la(k) + 3/2*f(2*c)^2*f(a + 2*b)*f(2*
         a + c)*la(i)*la(j)*la(k) + f(2*c)^2*f(a + 2*b)*f(b + c)*f(a + b + c)*
         la(i)^2*la(j)*la(k)*[1/f(2*b)] - f(2*c)^2*f(2*a + b)*f(a + b + c)*la(
         i)^2*la(j) - f(2*c)^2*f(2*a + b)*f(a + b + c)*la(i)^2*la(k) - 3*f(2*c
         )^2*f(2*a + b)*f(a + b + c)*la(i)*la(j)*la(k) - f(2*c)^2*f(2*a + b)^2
         *la(i)*la(j) - f(2*c)^2*f(2*a + b)^2*la(i)*la(k) - 1/2*f(2*c)^2*f(2*a
          + b)^2*la(j)*la(k) + 3/2*f(2*c)^2*f(2*a + b)*f(b + 2*c)*la(i)^2*la(j
         )*la(k) + 3/2*f(2*c)^2*f(2*a + b)*f(2*b + c)*mu(i)*la(i)*la(j)*la(k)
          + 3*f(2*c)^2*f(2*a + b)*f(2*b + c)*mu(j)*la(i)^2*la(k) + 3*f(2*c)^2*
         f(2*a + b)*f(2*b + c)*mu(k)*la(i)^2*la(j) + 9/2*f(2*c)^2*f(2*a + c)*
         f(2*b + c)*la(i)^2*la(j)*la(k) + 1/2*f(2*c)^3*f(a + 2*b)^2*la(i)^2*
         la(j)*la(k)*[1/f(2*b)] + 3*f(2*c)*f(3*c)*f(a + b)*f(a + b + c)*la(i)^
         2*la(j)*la(k) + f(2*c)*f(3*c)*f(a + b)*f(a + 2*b)*f(b + c)*la(i)^2*
         la(j)*la(k)*[1/f(2*b)] + f(2*c)*f(3*c)*f(a + b)*f(a + 2*b)*mu(i)*la(i
         )*la(j)*la(k) + 2*f(2*c)*f(3*c)*f(a + b)*f(a + 2*b)*mu(j)*la(i)^2*la(
         k) + 2*f(2*c)*f(3*c)*f(a + b)*f(a + 2*b)*mu(k)*la(i)^2*la(j) + 1/2*f(
         2*c)*f(3*c)*f(a + b)*f(2*a + b)*la(i)^2*la(j) + 1/2*f(2*c)*f(3*c)*f(a
          + b)*f(2*a + b)*la(i)^2*la(k) + f(2*c)*f(3*c)*f(a + b)*f(2*a + b)*
         la(i)*la(j)*la(k) + f(2*c)*f(3*c)*f(a + 2*b)*f(a + c)*la(i)^2*la(j)*
         la(k) - f(2*c)*f(3*c)*f(2*a + b)*f(b + c)*la(i)^2*la(j)*la(k) - 2*f(3
         *c)*f(a + b)^3*f(2*b + c)*mu(i)*la(j)*la(k)*[1/f(2*b)] + 2*f(3*c)*f(a
          + b)^2*f(a + b + c)*mu(i)*la(j)*la(k) + 2*f(3*c)*f(a + b)^2*f(a + 2*
         b)*f(b + c)*mu(i)*la(j)*la(k)*[1/f(2*b)] + 3*f(3*c)*f(a + b)^2*f(a + 
         2*b)*mu(i)*mu(j)*la(k) + 3*f(3*c)*f(a + b)^2*f(a + 2*b)*mu(i)*mu(k)*
         la(j) - 2*f(3*c)*f(a + b)^2*f(a + c)*f(2*b + c)*la(i)*la(j)*la(k)*
         [1/f(2*b)] + f(3*c)*f(a + b)^2*f(a + 2*c)*la(i)^2*la(j) + f(3*c)*f(a
          + b)^2*f(a + 2*c)*la(i)^2*la(k) + 2*f(3*c)*f(a + b)^2*f(a + 2*c)*la(
         i)*la(j)*la(k) + f(3*c)*f(a + b)^2*f(2*a + c)*la(i)^2 + 2*f(3*c)*f(a
          + b)^2*f(2*a + c)*la(i)*la(j) + 2*f(3*c)*f(a + b)^2*f(2*a + c)*la(i)
         *la(k) + f(3*c)*f(a + b)^2*f(2*a + c)*la(j)*la(k) - 2*f(3*c)*f(a + b)
         ^2*f(b + c)*f(2*b + c)*mu(i)*la(i)*la(j)*la(k)*[1/f(2*b)] + 2*f(3*c)*
         f(a + b)^2*f(b + 2*c)*mu(i)*la(i)*la(j)*la(k) + f(3*c)*f(a + b)^2*f(b
          + 2*c)*mu(j)*la(i)^2*la(k) + f(3*c)*f(a + b)^2*f(b + 2*c)*mu(k)*la(i
         )^2*la(j) + 2*f(3*c)*f(a + b)^2*f(2*b + c)*mu(i)*mu(j)*la(i)*la(k) + 
         2*f(3*c)*f(a + b)^2*f(2*b + c)*mu(i)*mu(k)*la(i)*la(j) + f(3*c)*f(a
          + b)^2*f(2*b + c)*mu(j)*mu(k)*la(i)^2 + 2*f(3*c)*f(a + b)*f(a + 2*b)
         *f(a + c)*f(b + c)*la(i)*la(j)*la(k)*[1/f(2*b)] + 2*f(3*c)*f(a + b)*
         f(a + 2*b)*f(a + c)*mu(i)*la(j)*la(k) + 3*f(3*c)*f(a + b)*f(a + 2*b)*
         f(a + c)*mu(j)*la(i)*la(k) + 3*f(3*c)*f(a + b)*f(a + 2*b)*f(a + c)*
         mu(k)*la(i)*la(j) + 2*f(3*c)*f(a + b)*f(a + 2*b)*f(b + c)^2*mu(i)*la(
         i)*la(j)*la(k)*[1/f(2*b)] + f(3*c)*f(a + b)*f(a + 2*b)*f(b + c)*mu(i)
         *mu(j)*la(i)*la(k) + f(3*c)*f(a + b)*f(a + 2*b)*f(b + c)*mu(i)*mu(k)*
         la(i)*la(j) - f(3*c)*f(a + b)*f(a + 2*b)*f(b + c)*mu(j)*mu(k)*la(i)^2
          - 2*f(3*c)*f(a + b)*f(a + c)*f(a + b + c)*la(i)^2*la(j) - 2*f(3*c)*
         f(a + b)*f(a + c)*f(a + b + c)*la(i)^2*la(k) - 2*f(3*c)*f(a + b)*f(a
          + c)*f(a + b + c)*la(i)*la(j)*la(k) - f(3*c)*f(a + b)*f(a + c)*f(2*a
          + b)*la(i)^2 - 2*f(3*c)*f(a + b)*f(a + c)*f(2*a + b)*la(i)*la(j) - 2
         *f(3*c)*f(a + b)*f(a + c)*f(2*a + b)*la(i)*la(k) - f(3*c)*f(a + b)*f(
         a + c)*f(2*a + b)*la(j)*la(k) - 2*f(3*c)*f(a + b)*f(a + c)*f(b + c)*
         f(2*b + c)*la(i)^2*la(j)*la(k)*[1/f(2*b)] - 2*f(3*c)*f(a + b)*f(a + c
         )*f(b + 2*c)*la(i)^2*la(j)*la(k) + 2*f(3*c)*f(a + b)*f(a + c)*f(2*b
          + c)*mu(i)*la(i)*la(j)*la(k) + f(3*c)*f(a + b)*f(a + c)*f(2*b + c)*
         mu(j)*la(i)^2*la(k) + f(3*c)*f(a + b)*f(a + c)*f(2*b + c)*mu(k)*la(i)
         ^2*la(j) - 2*f(3*c)*f(a + b)*f(a + 2*c)*f(b + c)*la(i)^2*la(j)*la(k)
          - 2*f(3*c)*f(a + b)*f(2*a + b)*f(b + c)*mu(i)*la(j)*la(k) + f(3*c)*
         f(a + b)*f(2*a + c)*f(b + c)*la(i)^2*la(j) + f(3*c)*f(a + b)*f(2*a + 
         c)*f(b + c)*la(i)^2*la(k) + 2*f(3*c)*f(a + b)*f(2*a + c)*f(b + c)*la(
         i)*la(j)*la(k) - 2*f(3*c)*f(a + b)*f(b + c)*f(a + b + c)*mu(i)*la(i)*
         la(j)*la(k) - 2*f(3*c)*f(a + b)*f(b + c)*f(a + b + c)*mu(j)*la(i)^2*
         la(k) - 2*f(3*c)*f(a + b)*f(b + c)*f(a + b + c)*mu(k)*la(i)^2*la(j)
          + f(3*c)*f(a + 2*b)*f(a + c)^2*la(i)^2*la(j) + f(3*c)*f(a + 2*b)*f(a
          + c)^2*la(i)^2*la(k) + 4*f(3*c)*f(a + 2*b)*f(a + c)^2*la(i)*la(j)*
         la(k) - 2*f(3*c)*f(a + 2*b)*f(a + c)*f(b + c)*mu(i)*la(i)*la(j)*la(k)
          - 2*f(3*c)*f(a + 2*b)*f(a + c)*f(b + c)*mu(j)*la(i)^2*la(k) - 2*f(3*
         c)*f(a + 2*b)*f(a + c)*f(b + c)*mu(k)*la(i)^2*la(j) + 5*f(3*c)*f(a + 
         c)^2*f(2*b + c)*la(i)^2*la(j)*la(k) - 2*f(3*c)*f(a + c)*f(2*a + b)*f(
         b + c)*la(i)^2*la(j) - 2*f(3*c)*f(a + c)*f(2*a + b)*f(b + c)*la(i)^2*
         la(k) - 6*f(3*c)*f(a + c)*f(2*a + b)*f(b + c)*la(i)*la(j)*la(k) - 8*
         f(3*c)*f(a + c)*f(b + c)*f(a + b + c)*la(i)^2*la(j)*la(k) + f(3*c)*f(
         2*a + b)*f(b + c)^2*mu(j)*la(i)^2*la(k) + f(3*c)*f(2*a + b)*f(b + c)^
         2*mu(k)*la(i)^2*la(j) + 4*f(3*c)*f(2*a + c)*f(b + c)^2*la(i)^2*la(j)*
         la(k) + f(3*c)^2*f(a + b)^2*la(i)^2*la(j)*la(k) )

       - 2*f(a + b)*f(a + 2*b + c)*mu(i)*la(j)*[1/f(2*b)] - 2*f(a + b)*f(a + 2
         *b + c)*mu(i)*la(k)*[1/f(2*b)] - 2*f(a + b)*f(a + 3*b)*mu(i)*mu(j)*
         [1/f(2*b)] - 2*f(a + b)*f(a + 3*b)*mu(i)*mu(k)*[1/f(2*b)] - 2*f(a + b
         )*f(2*a + 2*b)*mu(i)*[1/f(2*b)] - 2*f(a + b)*f(2*b + 2*c)*mu(i)*la(j)
         *la(k)*[1/f(2*b)] - 2*f(a + b)*f(3*b + c)*mu(i)*mu(j)*la(k)*
         [1/f(2*b)] - 2*f(a + b)*f(3*b + c)*mu(i)*mu(k)*la(j)*[1/f(2*b)] + 2*
         f(a + b + 2*c)*mu(i)*la(i)*la(j) + 2*f(a + b + 2*c)*mu(i)*la(i)*la(k)
          + 2*f(a + b + 2*c)*mu(i)*la(j)*la(k) + f(a + b + 2*c)*mu(j)*la(i)^2
          + 2*f(a + b + 2*c)*mu(j)*la(i)*la(k) + f(a + b + 2*c)*mu(k)*la(i)^2
          + 2*f(a + b + 2*c)*mu(k)*la(i)*la(j) + 4*f(a + 2*b)*f(a + b + c)*mu(
         i)*la(j)*[1/f(2*b)] + 4*f(a + 2*b)*f(a + b + c)*mu(i)*la(k)*
         [1/f(2*b)] + 3*f(a + 2*b)^2*mu(i)*mu(j)*[1/f(2*b)] + 3*f(a + 2*b)^2*
         mu(i)*mu(k)*[1/f(2*b)] + 4*f(a + 2*b)*f(2*a + b)*mu(i)*[1/f(2*b)] + 4
         *f(a + 2*b)*f(b + 2*c)*mu(i)*la(j)*la(k)*[1/f(2*b)] + 6*f(a + 2*b)*f(
         2*b + c)*mu(i)*mu(j)*la(k)*[1/f(2*b)] + 6*f(a + 2*b)*f(2*b + c)*mu(i)
         *mu(k)*la(j)*[1/f(2*b)] + 2*f(a + 2*b + c)*mu(i)*mu(j)*la(i) + 2*f(a
          + 2*b + c)*mu(i)*mu(j)*la(k) + 2*f(a + 2*b + c)*mu(i)*mu(k)*la(i) + 
         2*f(a + 2*b + c)*mu(i)*mu(k)*la(j) + 2*f(a + 2*b + c)*mu(j)*mu(k)*la(
         i) - 2*f(a + 3*b)*f(a + c)*mu(j)*la(i)*[1/f(2*b)] - 2*f(a + 3*b)*f(a
          + c)*mu(k)*la(i)*[1/f(2*b)] - 2*f(a + 3*b)*f(b + c)*mu(i)*mu(j)*la(i
         )*[1/f(2*b)] - 2*f(a + 3*b)*f(b + c)*mu(i)*mu(k)*la(i)*[1/f(2*b)] + 2
         *f(a + 3*b)*mu(i)*mu(j)*mu(k) - 2*f(a + c)*f(a + 2*b + c)*la(i)*la(j)
         *[1/f(2*b)] - 2*f(a + c)*f(a + 2*b + c)*la(i)*la(k)*[1/f(2*b)] - 2*f(
         a + c)*f(2*a + 2*b)*la(i)*[1/f(2*b)] - 2*f(a + c)*f(2*b + 2*c)*la(i)*
         la(j)*la(k)*[1/f(2*b)] - 2*f(a + c)*f(3*b + c)*mu(j)*la(i)*la(k)*
         [1/f(2*b)] - 2*f(a + c)*f(3*b + c)*mu(k)*la(i)*la(j)*[1/f(2*b)] + f(a
          + 2*c)*f(2*b + c)*la(i)^2*la(j)*[1/f(2*b)] + f(a + 2*c)*f(2*b + c)*
         la(i)^2*la(k)*[1/f(2*b)] + f(a + 3*c)*la(i)^2*la(j) + f(a + 3*c)*la(i
         )^2*la(k) + 2*f(a + 3*c)*la(i)*la(j)*la(k) - f(2*a)*f(a + 2*b + c)*
         la(j)*[1/f(2*b)] - f(2*a)*f(a + 2*b + c)*la(k)*[1/f(2*b)] - f(2*a)*f(
         a + 3*b)*mu(j)*[1/f(2*b)] - f(2*a)*f(a + 3*b)*mu(k)*[1/f(2*b)] - f(2*
         a)*f(2*a + 2*b)*[1/f(2*b)] - f(2*a)*f(2*b + 2*c)*la(j)*la(k)*
         [1/f(2*b)] - f(2*a)*f(3*b + c)*mu(j)*la(k)*[1/f(2*b)] - f(2*a)*f(3*b
          + c)*mu(k)*la(j)*[1/f(2*b)] - f(2*a)*f(4*b)*mu(j)*mu(k)*[1/f(2*b)]
          + f(2*a + b)*f(2*b + c)*mu(i)*la(j)*[1/f(2*b)] + f(2*a + b)*f(2*b + 
         c)*mu(i)*la(k)*[1/f(2*b)] + 2*f(2*a + b + c)*mu(i)*la(i) + 2*f(2*a + 
         b + c)*mu(i)*la(j) + 2*f(2*a + b + c)*mu(i)*la(k) + 2*f(2*a + b + c)*
         mu(j)*la(i) + f(2*a + b + c)*mu(j)*la(k) + 2*f(2*a + b + c)*mu(k)*la(
         i) + f(2*a + b + c)*mu(k)*la(j) - 2*f(2*a + 2*b)*f(b + c)*mu(i)*la(i)
         *[1/f(2*b)] + 2*f(2*a + 2*b)*mu(i)*mu(j) + 2*f(2*a + 2*b)*mu(i)*mu(k)
          + f(2*a + 2*b)*mu(j)*mu(k) + f(2*a + c)*f(2*b + c)*la(i)^2*
         [1/f(2*b)] + f(2*a + 2*c)*la(i)^2 + 2*f(2*a + 2*c)*la(i)*la(j) + 2*f(
         2*a + 2*c)*la(i)*la(k) + f(2*a + 2*c)*la(j)*la(k) + 2*f(3*a + b)*mu(i
         ) + f(3*a + b)*mu(j) + f(3*a + b)*mu(k) + 2*f(3*a + c)*la(i) + f(3*a
          + c)*la(j) + f(3*a + c)*la(k) + f(4*a) - 2*f(b + c)*f(a + 2*b + c)*
         mu(i)*la(i)*la(j)*[1/f(2*b)] - 2*f(b + c)*f(a + 2*b + c)*mu(i)*la(i)*
         la(k)*[1/f(2*b)] - 2*f(b + c)*f(2*b + 2*c)*mu(i)*la(i)*la(j)*la(k)*
         [1/f(2*b)] - 2*f(b + c)*f(3*b + c)*mu(i)*mu(j)*la(i)*la(k)*[1/f(2*b)]
          - 2*f(b + c)*f(3*b + c)*mu(i)*mu(k)*la(i)*la(j)*[1/f(2*b)] + 2*f(b
          + 3*c)*mu(i)*la(i)*la(j)*la(k) + f(b + 3*c)*mu(j)*la(i)^2*la(k) + f(
         b + 3*c)*mu(k)*la(i)^2*la(j) + 2*f(2*b + c)*f(a + b + c)*mu(i)*la(j)*
         la(k)*[1/f(2*b)] - 3*f(2*b + c)^2*mu(j)*mu(k)*la(i)^2*[1/f(2*b)] + 2*
         f(2*b + 2*c)*mu(i)*mu(j)*la(i)*la(k) + 2*f(2*b + 2*c)*mu(i)*mu(k)*la(
         i)*la(j) + f(2*b + 2*c)*mu(j)*mu(k)*la(i)^2 - 2*f(3*b)*f(a + b + c)*
         mu(i)*mu(j)*la(k)*[1/f(2*b)] - 2*f(3*b)*f(a + b + c)*mu(i)*mu(k)*la(j
         )*[1/f(2*b)] + 4*f(3*b)*f(a + 2*b)*mu(i)*mu(j)*mu(k)*[1/f(2*b)] - 2*
         f(3*b)*f(a + 2*c)*mu(i)*la(j)*la(k)*[1/f(2*b)] + f(3*b)*f(a + 2*c)*
         mu(j)*la(i)^2*[1/f(2*b)] + f(3*b)*f(a + 2*c)*mu(k)*la(i)^2*[1/f(2*b)]
          + f(3*b)*f(2*a + b)*mu(i)*mu(j)*[1/f(2*b)] + f(3*b)*f(2*a + b)*mu(i)
         *mu(k)*[1/f(2*b)] - f(3*b)*f(2*a + c)*mu(i)*la(j)*[1/f(2*b)] - f(3*b)
         *f(2*a + c)*mu(i)*la(k)*[1/f(2*b)] + 4*f(3*b)*f(b + 2*c)*mu(j)*mu(k)*
         la(i)^2*[1/f(2*b)] + f(3*b)*f(3*c)*mu(j)*la(i)^2*la(k)*[1/f(2*b)] + 
         f(3*b)*f(3*c)*mu(k)*la(i)^2*la(j)*[1/f(2*b)] + 2*f(3*b + c)*mu(i)*mu(
         j)*mu(k)*la(i) - 2*f(4*b)*f(a + b)*mu(i)*mu(j)*mu(k)*[1/f(2*b)] - 2*
         f(4*b)*f(a + c)*mu(j)*mu(k)*la(i)*[1/f(2*b)] - 2*f(4*b)*f(b + c)*mu(i
         )*mu(j)*mu(k)*la(i)*[1/f(2*b)] - f(4*b)*f(2*c)*mu(j)*mu(k)*la(i)^2*
         [1/f(2*b)] - f(2*c)*f(a + 2*b + c)*la(i)^2*la(j)*[1/f(2*b)] - f(2*c)*
         f(a + 2*b + c)*la(i)^2*la(k)*[1/f(2*b)] - f(2*c)*f(a + 3*b)*mu(j)*la(
         i)^2*[1/f(2*b)] - f(2*c)*f(a + 3*b)*mu(k)*la(i)^2*[1/f(2*b)] - f(2*c)
         *f(2*a + 2*b)*la(i)^2*[1/f(2*b)] - f(2*c)*f(2*b + 2*c)*la(i)^2*la(j)*
         la(k)*[1/f(2*b)] - f(2*c)*f(3*b + c)*mu(j)*la(i)^2*la(k)*[1/f(2*b)]
          - f(2*c)*f(3*b + c)*mu(k)*la(i)^2*la(j)*[1/f(2*b)] + f(3*c)*f(2*b + 
         c)*la(i)^2*la(j)*la(k)*[1/f(2*b)] + f(4*c)*la(i)^2*la(j)*la(k);

    
    brackets [1/x],[1/y],[1/z],[1/Hess],[Hess];
    print[] all;
    .store

Time =     785.67 sec    Generated terms =       2596
              all        Terms in output =       2596
                         Bytes used      =     125362

   all =
       + [1/Hess] * (  2477 terms )

       + 1 * (  119 terms );

    
    save all.sav all;
    .end
